measurement_id,taxon_source,taxon_normalized,taxonomic_status,locality_source,voucher_source,herbarium_source,display_organ,source_variable,source_state_code,visible_hue,source_doi,source_sheet,source_cell,source_xlsx_sha256
Z2023_S4_R3,E. acuminatum,Epimedium acuminatum,SOURCE_NAME_NOT_ACCEPTED_TAXON_AUDIT,"Emeishan, Sichuan",C. Zhang Zhang233,BNU,INNER_SEPAL,SepalC,3,UNRESOLVED_CODEBOOK,10.3389/fpls.2023.1234148,Table S4,G3,057a0aaa603cfa4d9683a2eac75e747cb14bd1294e541feb82483fe6bc160e45
Z2023_S4_R3,E. acuminatum,Epimedium acuminatum,SOURCE_NAME_NOT_ACCEPTED_TAXON_AUDIT,"Emeishan, Sichuan",C. Zhang Zhang233,BNU,PETAL_SPUR,SpurC,3,UNRESOLVED_CODEBOOK,10.3389/fpls.2023.1234148,Table S4,H3,057a0aaa603cfa4d9683a2eac75e747cb14bd1294e541feb82483fe6bc160e45
Z2023_S4_R4,E. acuminatum,Epimedium acuminatum,SOURCE_NAME_NOT_ACCEPTED_TAXON_AUDIT,"Emeishan, Sichuan",C. Zhang Zhang233,BNU,INNER_SEPAL,SepalC,3,UNRESOLVED_CODEBOOK,10.3389/fpls.2023.1234148,Table S4,G4,057a0aaa603cfa4d9683a2eac75e747cb14bd1294e541feb82483fe6bc160e45
Z2023_S4_R4,E. acuminatum,Epimedium acuminatum,SOURCE_NAME_NOT_ACCEPTED_TAXON_AUDIT,"Emeishan, Sichuan",C. Zhang Zhang233,BNU,PETAL_SPUR,SpurC,3,UNRESOLVED_CODEBOOK,10.3389/fpls.2023.1234148,Table S4,H4,057a0aaa603cfa4d9683a2eac75e747cb14bd1294e541feb82483fe6bc160e45
Z2023_S4_R5,E. acuminatum,Epimedium acuminatum,SOURCE_NAME_NOT_ACCEPTED_TAXON_AUDIT,"Emeishan, Sichuan",C. Zhang Zhang233,BNU,INNER_SEPAL,SepalC,3,UNRESOLVED_CODEBOOK,10.3389/fpls.2023.1234148,Table S4,G5,057a0aaa603cfa4d9683a2eac75e747cb14bd1294e541feb82483fe6bc160e45
Z2023_S4_R5,E. acuminatum,Epimedium acuminatum,SOURCE_NAME_NOT_ACCEPTED_TAXON_AUDIT,"Emeishan, Sichuan",C. Zhang Zhang233,BNU,PETAL_SPUR,SpurC,3,UNRESOLVED_CODEBOOK,10.3389/fpls.2023.1234148,Table S4,H5,057a0aaa603cfa4d9683a2eac75e747cb14bd1294e541feb82483fe6bc160e45
Z2023_S4_R6,E. acuminatum,Epimedium acuminatum,SOURCE_NAME_NOT_ACCEPTED_TAXON_AUDIT,"Emeishan, Sichuan",C. Zhang Zhang233,BNU,INNER_SEPAL,SepalC,3,UNRESOLVED_CODEBOOK,10.3389/fpls.2023.1234148,Table S4,G6,057a0aaa603cfa4d9683a2eac75e747cb14bd1294e541feb82483fe6bc160e45
Z2023_S4_R6,E. acuminatum,Epimedium acuminatum,SOURCE_NAME_NOT_ACCEPTED_TAXON_AUDIT,"Emeishan, Sichuan",C. Zhang Zhang233,BNU,PETAL_SPUR,SpurC,3,UNRESOLVED_CODEBOOK,10.3389/fpls.2023.1234148,Table S4,H6,057a0aaa603cfa4d9683a2eac75e747cb14bd1294e541feb82483fe6bc160e45
Z2023_S4_R7,E. acuminatum,Epimedium acuminatum,SOURCE_NAME_NOT_ACCEPTED_TAXON_AUDIT,"Emeishan, Sichuan",C. Zhang Zhang233,BNU,INNER_SEPAL,SepalC,3,UNRESOLVED_CODEBOOK,10.3389/fpls.2023.1234148,Table S4,G7,057a0aaa603cfa4d9683a2eac75e747cb14bd1294e541feb82483fe6bc160e45
Z2023_S4_R7,E. acuminatum,Epimedium acuminatum,SOURCE_NAME_NOT_ACCEPTED_TAXON_AUDIT,"Emeishan, Sichuan",C. Zhang Zhang233,BNU,PETAL_SPUR,SpurC,3,UNRESOLVED_CODEBOOK,10.3389/fpls.2023.1234148,Table S4,H7,057a0aaa603cfa4d9683a2eac75e747cb14bd1294e541feb82483fe6bc160e45
Z2023_S4_R8,E. acuminatum,Epimedium acuminatum,SOURCE_NAME_NOT_ACCEPTED_TAXON_AUDIT,"Emeishan, Sichuan",C. Zhang Zhang233,BNU,INNER_SEPAL,SepalC,3,UNRESOLVED_CODEBOOK,10.3389/fpls.2023.1234148,Table S4,G8,057a0aaa603cfa4d9683a2eac75e747cb14bd1294e541feb82483fe6bc160e45
Z2023_S4_R8,E. acuminatum,Epimedium acuminatum,SOURCE_NAME_NOT_ACCEPTED_TAXON_AUDIT,"Emeishan, Sichuan",C. Zhang Zhang233,BNU,PETAL_SPUR,SpurC,3,UNRESOLVED_CODEBOOK,10.3389/fpls.2023.1234148,Table S4,H8,057a0aaa603cfa4d9683a2eac75e747cb14bd1294e541feb82483fe6bc160e45
Z2023_S4_R9,E. acuminatum,Epimedium acuminatum,SOURCE_NAME_NOT_ACCEPTED_TAXON_AUDIT,"Emeishan, Sichuan",C. Zhang Zhang233,BNU,INNER_SEPAL,SepalC,3,UNRESOLVED_CODEBOOK,10.3389/fpls.2023.1234148,Table S4,G9,057a0aaa603cfa4d9683a2eac75e747cb14bd1294e541feb82483fe6bc160e45
Z2023_S4_R9,E. acuminatum,Epimedium acuminatum,SOURCE_NAME_NOT_ACCEPTED_TAXON_AUDIT,"Emeishan, Sichuan",C. Zhang Zhang233,BNU,PETAL_SPUR,SpurC,3,UNRESOLVED_CODEBOOK,10.3389/fpls.2023.1234148,Table S4,H9,057a0aaa603cfa4d9683a2eac75e747cb14bd1294e541feb82483fe6bc160e45
Z2023_S4_R10,E. acuminatum,Epimedium acuminatum,SOURCE_NAME_NOT_ACCEPTED_TAXON_AUDIT,"Emeishan, Sichuan",C. Zhang Zhang233,BNU,INNER_SEPAL,SepalC,3,UNRESOLVED_CODEBOOK,10.3389/fpls.2023.1234148,Table S4,G10,057a0aaa603cfa4d9683a2eac75e747cb14bd1294e541feb82483fe6bc160e45
Z2023_S4_R10,E. acuminatum,Epimedium acuminatum,SOURCE_NAME_NOT_ACCEPTED_TAXON_AUDIT,"Emeishan, Sichuan",C. Zhang Zhang233,BNU,PETAL_SPUR,SpurC,3,UNRESOLVED_CODEBOOK,10.3389/fpls.2023.1234148,Table S4,H10,057a0aaa603cfa4d9683a2eac75e747cb14bd1294e541feb82483fe6bc160e45
Z2023_S4_R11,E. acuminatum,Epimedium acuminatum,SOURCE_NAME_NOT_ACCEPTED_TAXON_AUDIT,"Emeishan, Sichuan",C. Zhang Zhang233,BNU,INNER_SEPAL,SepalC,3,UNRESOLVED_CODEBOOK,10.3389/fpls.2023.1234148,Table S4,G11,057a0aaa603cfa4d9683a2eac75e747cb14bd1294e541feb82483fe6bc160e45
Z2023_S4_R11,E. acuminatum,Epimedium acuminatum,SOURCE_NAME_NOT_ACCEPTED_TAXON_AUDIT,"Emeishan, Sichuan",C. Zhang Zhang233,BNU,PETAL_SPUR,SpurC,3,UNRESOLVED_CODEBOOK,10.3389/fpls.2023.1234148,Table S4,H11,057a0aaa603cfa4d9683a2eac75e747cb14bd1294e541feb82483fe6bc160e45
Z2023_S4_R12,E. acuminatum,Epimedium acuminatum,SOURCE_NAME_NOT_ACCEPTED_TAXON_AUDIT,"Emeishan, Sichuan",C. Zhang Zhang233,BNU,INNER_SEPAL,SepalC,3,UNRESOLVED_CODEBOOK,10.3389/fpls.2023.1234148,Table S4,G12,057a0aaa603cfa4d9683a2eac75e747cb14bd1294e541feb82483fe6bc160e45
Z2023_S4_R12,E. acuminatum,Epimedium acuminatum,SOURCE_NAME_NOT_ACCEPTED_TAXON_AUDIT,"Emeishan, Sichuan",C. Zhang Zhang233,BNU,PETAL_SPUR,SpurC,3,UNRESOLVED_CODEBOOK,10.3389/fpls.2023.1234148,Table S4,H12,057a0aaa603cfa4d9683a2eac75e747cb14bd1294e541feb82483fe6bc160e45
Z2023_S4_R13,E. acuminatum,Epimedium acuminatum,SOURCE_NAME_NOT_ACCEPTED_TAXON_AUDIT,"Emeishan, Sichuan",C. Zhang Zhang233,BNU,INNER_SEPAL,SepalC,3,UNRESOLVED_CODEBOOK,10.3389/fpls.2023.1234148,Table S4,G13,057a0aaa603cfa4d9683a2eac75e747cb14bd1294e541feb82483fe6bc160e45
Z2023_S4_R13,E. acuminatum,Epimedium acuminatum,SOURCE_NAME_NOT_ACCEPTED_TAXON_AUDIT,"Emeishan, Sichuan",C. Zhang Zhang233,BNU,PETAL_SPUR,SpurC,3,UNRESOLVED_CODEBOOK,10.3389/fpls.2023.1234148,Table S4,H13,057a0aaa603cfa4d9683a2eac75e747cb14bd1294e541feb82483fe6bc160e45
Z2023_S4_R14,E. acuminatum,Epimedium acuminatum,SOURCE_NAME_NOT_ACCEPTED_TAXON_AUDIT,"Emeishan, Sichuan",C. Zhang Zhang233,BNU,INNER_SEPAL,SepalC,3,UNRESOLVED_CODEBOOK,10.3389/fpls.2023.1234148,Table S4,G14,057a0aaa603cfa4d9683a2eac75e747cb14bd1294e541feb82483fe6bc160e45
Z2023_S4_R14,E. acuminatum,Epimedium acuminatum,SOURCE_NAME_NOT_ACCEPTED_TAXON_AUDIT,"Emeishan, Sichuan",C. Zhang Zhang233,BNU,PETAL_SPUR,SpurC,3,UNRESOLVED_CODEBOOK,10.3389/fpls.2023.1234148,Table S4,H14,057a0aaa603cfa4d9683a2eac75e747cb14bd1294e541feb82483fe6bc160e45
Z2023_S4_R15,E. acuminatum,Epimedium acuminatum,SOURCE_NAME_NOT_ACCEPTED_TAXON_AUDIT,"Emeishan, Sichuan",C. Zhang Zhang233,BNU,INNER_SEPAL,SepalC,3,UNRESOLVED_CODEBOOK,10.3389/fpls.2023.1234148,Table S4,G15,057a0aaa603cfa4d9683a2eac75e747cb14bd1294e541feb82483fe6bc160e45
Z2023_S4_R15,E. acuminatum,Epimedium acuminatum,SOURCE_NAME_NOT_ACCEPTED_TAXON_AUDIT,"Emeishan, Sichuan",C. Zhang Zhang233,BNU,PETAL_SPUR,SpurC,3,UNRESOLVED_CODEBOOK,10.3389/fpls.2023.1234148,Table S4,H15,057a0aaa603cfa4d9683a2eac75e747cb14bd1294e541feb82483fe6bc160e45
Z2023_S4_R16,E. acuminatum,Epimedium acuminatum,SOURCE_NAME_NOT_ACCEPTED_TAXON_AUDIT,"Emeishan, Sichuan",C. Zhang Zhang233,BNU,INNER_SEPAL,SepalC,3,UNRESOLVED_CODEBOOK,10.3389/fpls.2023.1234148,Table S4,G16,057a0aaa603cfa4d9683a2eac75e747cb14bd1294e541feb82483fe6bc160e45
Z2023_S4_R16,E. acuminatum,Epimedium acuminatum,SOURCE_NAME_NOT_ACCEPTED_TAXON_AUDIT,"Emeishan, Sichuan",C. Zhang Zhang233,BNU,PETAL_SPUR,SpurC,3,UNRESOLVED_CODEBOOK,10.3389/fpls.2023.1234148,Table S4,H16,057a0aaa603cfa4d9683a2eac75e747cb14bd1294e541feb82483fe6bc160e45
Z2023_S4_R17,E. acuminatum,Epimedium acuminatum,SOURCE_NAME_NOT_ACCEPTED_TAXON_AUDIT,"Emeishan, Sichuan",C. Zhang Zhang233,BNU,INNER_SEPAL,SepalC,3,UNRESOLVED_CODEBOOK,10.3389/fpls.2023.1234148,Table S4,G17,057a0aaa603cfa4d9683a2eac75e747cb14bd1294e541feb82483fe6bc160e45
Z2023_S4_R17,E. acuminatum,Epimedium acuminatum,SOURCE_NAME_NOT_ACCEPTED_TAXON_AUDIT,"Emeishan, Sichuan",C. Zhang Zhang233,BNU,PETAL_SPUR,SpurC,3,UNRESOLVED_CODEBOOK,10.3389/fpls.2023.1234148,Table S4,H17,057a0aaa603cfa4d9683a2eac75e747cb14bd1294e541feb82483fe6bc160e45
Z2023_S4_R18,E. baojingense,Epimedium baojingense,SOURCE_NAME_NOT_ACCEPTED_TAXON_AUDIT,"Wufeng, Hunan",C. Zhang Zhang167,BNU,INNER_SEPAL,SepalC,1,UNRESOLVED_CODEBOOK,10.3389/fpls.2023.1234148,Table S4,G18,057a0aaa603cfa4d9683a2eac75e747cb14bd1294e541feb82483fe6bc160e45
Z2023_S4_R18,E. baojingense,Epimedium baojingense,SOURCE_NAME_NOT_ACCEPTED_TAXON_AUDIT,"Wufeng, Hunan",C. Zhang Zhang167,BNU,PETAL_SPUR,SpurC,1,UNRESOLVED_CODEBOOK,10.3389/fpls.2023.1234148,Table S4,H18,057a0aaa603cfa4d9683a2eac75e747cb14bd1294e541feb82483fe6bc160e45
Z2023_S4_R19,E. baojingense,Epimedium baojingense,SOURCE_NAME_NOT_ACCEPTED_TAXON_AUDIT,"Wufeng, Hunan",C. Zhang Zhang167,BNU,INNER_SEPAL,SepalC,1,UNRESOLVED_CODEBOOK,10.3389/fpls.2023.1234148,Table S4,G19,057a0aaa603cfa4d9683a2eac75e747cb14bd1294e541feb82483fe6bc160e45
Z2023_S4_R19,E. baojingense,Epimedium baojingense,SOURCE_NAME_NOT_ACCEPTED_TAXON_AUDIT,"Wufeng, Hunan",C. Zhang Zhang167,BNU,PETAL_SPUR,SpurC,1,UNRESOLVED_CODEBOOK,10.3389/fpls.2023.1234148,Table S4,H19,057a0aaa603cfa4d9683a2eac75e747cb14bd1294e541feb82483fe6bc160e45
Z2023_S4_R20,E. baojingense,Epimedium baojingense,SOURCE_NAME_NOT_ACCEPTED_TAXON_AUDIT,"Wufeng, Hunan",C. Zhang Zhang167,BNU,INNER_SEPAL,SepalC,1,UNRESOLVED_CODEBOOK,10.3389/fpls.2023.1234148,Table S4,G20,057a0aaa603cfa4d9683a2eac75e747cb14bd1294e541feb82483fe6bc160e45
Z2023_S4_R20,E. baojingense,Epimedium baojingense,SOURCE_NAME_NOT_ACCEPTED_TAXON_AUDIT,"Wufeng, Hunan",C. Zhang Zhang167,BNU,PETAL_SPUR,SpurC,1,UNRESOLVED_CODEBOOK,10.3389/fpls.2023.1234148,Table S4,H20,057a0aaa603cfa4d9683a2eac75e747cb14bd1294e541feb82483fe6bc160e45
Z2023_S4_R21,E. baojingense,Epimedium baojingense,SOURCE_NAME_NOT_ACCEPTED_TAXON_AUDIT,"Wufeng, Hunan",C. Zhang Zhang167,BNU,INNER_SEPAL,SepalC,1,UNRESOLVED_CODEBOOK,10.3389/fpls.2023.1234148,Table S4,G21,057a0aaa603cfa4d9683a2eac75e747cb14bd1294e541feb82483fe6bc160e45
Z2023_S4_R21,E. baojingense,Epimedium baojingense,SOURCE_NAME_NOT_ACCEPTED_TAXON_AUDIT,"Wufeng, Hunan",C. Zhang Zhang167,BNU,PETAL_SPUR,SpurC,1,UNRESOLVED_CODEBOOK,10.3389/fpls.2023.1234148,Table S4,H21,057a0aaa603cfa4d9683a2eac75e747cb14bd1294e541feb82483fe6bc160e45
Z2023_S4_R22,E. baojingense,Epimedium baojingense,SOURCE_NAME_NOT_ACCEPTED_TAXON_AUDIT,"Wufeng, Hunan",C. Zhang Zhang167,BNU,INNER_SEPAL,SepalC,1,UNRESOLVED_CODEBOOK,10.3389/fpls.2023.1234148,Table S4,G22,057a0aaa603cfa4d9683a2eac75e747cb14bd1294e541feb82483fe6bc160e45
Z2023_S4_R22,E. baojingense,Epimedium baojingense,SOURCE_NAME_NOT_ACCEPTED_TAXON_AUDIT,"Wufeng, Hunan",C. Zhang Zhang167,BNU,PETAL_SPUR,SpurC,1,UNRESOLVED_CODEBOOK,10.3389/fpls.2023.1234148,Table S4,H22,057a0aaa603cfa4d9683a2eac75e747cb14bd1294e541feb82483fe6bc160e45
Z2023_S4_R23,E. baojingense,Epimedium baojingense,SOURCE_NAME_NOT_ACCEPTED_TAXON_AUDIT,"Suining, Hunan",C. Zhang Zhang204,BNU,INNER_SEPAL,SepalC,1,UNRESOLVED_CODEBOOK,10.3389/fpls.2023.1234148,Table S4,G23,057a0aaa603cfa4d9683a2eac75e747cb14bd1294e541feb82483fe6bc160e45
Z2023_S4_R23,E. baojingense,Epimedium baojingense,SOURCE_NAME_NOT_ACCEPTED_TAXON_AUDIT,"Suining, Hunan",C. Zhang Zhang204,BNU,PETAL_SPUR,SpurC,1,UNRESOLVED_CODEBOOK,10.3389/fpls.2023.1234148,Table S4,H23,057a0aaa603cfa4d9683a2eac75e747cb14bd1294e541feb82483fe6bc160e45
Z2023_S4_R24,E. baojingense,Epimedium baojingense,SOURCE_NAME_NOT_ACCEPTED_TAXON_AUDIT,"Suining, Hunan",C. Zhang Zhang204,BNU,INNER_SEPAL,SepalC,1,UNRESOLVED_CODEBOOK,10.3389/fpls.2023.1234148,Table S4,G24,057a0aaa603cfa4d9683a2eac75e747cb14bd1294e541feb82483fe6bc160e45
Z2023_S4_R24,E. baojingense,Epimedium baojingense,SOURCE_NAME_NOT_ACCEPTED_TAXON_AUDIT,"Suining, Hunan",C. Zhang Zhang204,BNU,PETAL_SPUR,SpurC,1,UNRESOLVED_CODEBOOK,10.3389/fpls.2023.1234148,Table S4,H24,057a0aaa603cfa4d9683a2eac75e747cb14bd1294e541feb82483fe6bc160e45
Z2023_S4_R25,E. baojingense,Epimedium baojingense,SOURCE_NAME_NOT_ACCEPTED_TAXON_AUDIT,"Suining, Hunan",C. Zhang Zhang204,BNU,INNER_SEPAL,SepalC,1,UNRESOLVED_CODEBOOK,10.3389/fpls.2023.1234148,Table S4,G25,057a0aaa603cfa4d9683a2eac75e747cb14bd1294e541feb82483fe6bc160e45
Z2023_S4_R25,E. baojingense,Epimedium baojingense,SOURCE_NAME_NOT_ACCEPTED_TAXON_AUDIT,"Suining, Hunan",C. Zhang Zhang204,BNU,PETAL_SPUR,SpurC,1,UNRESOLVED_CODEBOOK,10.3389/fpls.2023.1234148,Table S4,H25,057a0aaa603cfa4d9683a2eac75e747cb14bd1294e541feb82483fe6bc160e45
Z2023_S4_R26,E. baojingense,Epimedium baojingense,SOURCE_NAME_NOT_ACCEPTED_TAXON_AUDIT,"Yongshun, Hunan",C. Zhang Zhang207,BNU,INNER_SEPAL,SepalC,1,UNRESOLVED_CODEBOOK,10.3389/fpls.2023.1234148,Table S4,G26,057a0aaa603cfa4d9683a2eac75e747cb14bd1294e541feb82483fe6bc160e45
Z2023_S4_R26,E. baojingense,Epimedium baojingense,SOURCE_NAME_NOT_ACCEPTED_TAXON_AUDIT,"Yongshun, Hunan",C. Zhang Zhang207,BNU,PETAL_SPUR,SpurC,1,UNRESOLVED_CODEBOOK,10.3389/fpls.2023.1234148,Table S4,H26,057a0aaa603cfa4d9683a2eac75e747cb14bd1294e541feb82483fe6bc160e45
Z2023_S4_R27,E. baojingense,Epimedium baojingense,SOURCE_NAME_NOT_ACCEPTED_TAXON_AUDIT,"Yongshun, Hunan",C. Zhang Zhang207,BNU,INNER_SEPAL,SepalC,1,UNRESOLVED_CODEBOOK,10.3389/fpls.2023.1234148,Table S4,G27,057a0aaa603cfa4d9683a2eac75e747cb14bd1294e541feb82483fe6bc160e45
Z2023_S4_R27,E. baojingense,Epimedium baojingense,SOURCE_NAME_NOT_ACCEPTED_TAXON_AUDIT,"Yongshun, Hunan",C. Zhang Zhang207,BNU,PETAL_SPUR,SpurC,1,UNRESOLVED_CODEBOOK,10.3389/fpls.2023.1234148,Table S4,H27,057a0aaa603cfa4d9683a2eac75e747cb14bd1294e541feb82483fe6bc160e45
Z2023_S4_R28,E. baojingense,Epimedium baojingense,SOURCE_NAME_NOT_ACCEPTED_TAXON_AUDIT,"Yongshun, Hunan",C. Zhang Zhang207,BNU,INNER_SEPAL,SepalC,1,UNRESOLVED_CODEBOOK,10.3389/fpls.2023.1234148,Table S4,G28,057a0aaa603cfa4d9683a2eac75e747cb14bd1294e541feb82483fe6bc160e45
Z2023_S4_R28,E. baojingense,Epimedium baojingense,SOURCE_NAME_NOT_ACCEPTED_TAXON_AUDIT,"Yongshun, Hunan",C. Zhang Zhang207,BNU,PETAL_SPUR,SpurC,1,UNRESOLVED_CODEBOOK,10.3389/fpls.2023.1234148,Table S4,H28,057a0aaa603cfa4d9683a2eac75e747cb14bd1294e541feb82483fe6bc160e45
Z2023_S4_R29,E. baojingense,Epimedium baojingense,SOURCE_NAME_NOT_ACCEPTED_TAXON_AUDIT,"Yongshun, Hunan",C. Zhang Zhang208,BNU,INNER_SEPAL,SepalC,1,UNRESOLVED_CODEBOOK,10.3389/fpls.2023.1234148,Table S4,G29,057a0aaa603cfa4d9683a2eac75e747cb14bd1294e541feb82483fe6bc160e45
Z2023_S4_R29,E. baojingense,Epimedium baojingense,SOURCE_NAME_NOT_ACCEPTED_TAXON_AUDIT,"Yongshun, Hunan",C. Zhang Zhang208,BNU,PETAL_SPUR,SpurC,1,UNRESOLVED_CODEBOOK,10.3389/fpls.2023.1234148,Table S4,H29,057a0aaa603cfa4d9683a2eac75e747cb14bd1294e541feb82483fe6bc160e45
Z2023_S4_R30,E. baojingense,Epimedium baojingense,SOURCE_NAME_NOT_ACCEPTED_TAXON_AUDIT,"Yongshun, Hunan",C. Zhang Zhang208,BNU,INNER_SEPAL,SepalC,1,UNRESOLVED_CODEBOOK,10.3389/fpls.2023.1234148,Table S4,G30,057a0aaa603cfa4d9683a2eac75e747cb14bd1294e541feb82483fe6bc160e45
Z2023_S4_R30,E. baojingense,Epimedium baojingense,SOURCE_NAME_NOT_ACCEPTED_TAXON_AUDIT,"Yongshun, Hunan",C. Zhang Zhang208,BNU,PETAL_SPUR,SpurC,1,UNRESOLVED_CODEBOOK,10.3389/fpls.2023.1234148,Table S4,H30,057a0aaa603cfa4d9683a2eac75e747cb14bd1294e541feb82483fe6bc160e45
Z2023_S4_R31,E. baojingense,Epimedium baojingense,SOURCE_NAME_NOT_ACCEPTED_TAXON_AUDIT,"Fenghuang, Hunan",C. Zhang Zhang306,BNU,INNER_SEPAL,SepalC,1,UNRESOLVED_CODEBOOK,10.3389/fpls.2023.1234148,Table S4,G31,057a0aaa603cfa4d9683a2eac75e747cb14bd1294e541feb82483fe6bc160e45
Z2023_S4_R31,E. baojingense,Epimedium baojingense,SOURCE_NAME_NOT_ACCEPTED_TAXON_AUDIT,"Fenghuang, Hunan",C. Zhang Zhang306,BNU,PETAL_SPUR,SpurC,1,UNRESOLVED_CODEBOOK,10.3389/fpls.2023.1234148,Table S4,H31,057a0aaa603cfa4d9683a2eac75e747cb14bd1294e541feb82483fe6bc160e45
Z2023_S4_R32,E. baojingense,Epimedium baojingense,SOURCE_NAME_NOT_ACCEPTED_TAXON_AUDIT,"Fenghuang, Hunan",C. Zhang Zhang306,BNU,INNER_SEPAL,SepalC,1,UNRESOLVED_CODEBOOK,10.3389/fpls.2023.1234148,Table S4,G32,057a0aaa603cfa4d9683a2eac75e747cb14bd1294e541feb82483fe6bc160e45
Z2023_S4_R32,E. baojingense,Epimedium baojingense,SOURCE_NAME_NOT_ACCEPTED_TAXON_AUDIT,"Fenghuang, Hunan",C. Zhang Zhang306,BNU,PETAL_SPUR,SpurC,1,UNRESOLVED_CODEBOOK,10.3389/fpls.2023.1234148,Table S4,H32,057a0aaa603cfa4d9683a2eac75e747cb14bd1294e541feb82483fe6bc160e45
Z2023_S4_R33,E. baojingense,Epimedium baojingense,SOURCE_NAME_NOT_ACCEPTED_TAXON_AUDIT,"Fenghuang, Hunan",C. Zhang Zhang306,BNU,INNER_SEPAL,SepalC,1,UNRESOLVED_CODEBOOK,10.3389/fpls.2023.1234148,Table S4,G33,057a0aaa603cfa4d9683a2eac75e747cb14bd1294e541feb82483fe6bc160e45
Z2023_S4_R33,E. baojingense,Epimedium baojingense,SOURCE_NAME_NOT_ACCEPTED_TAXON_AUDIT,"Fenghuang, Hunan",C. Zhang Zhang306,BNU,PETAL_SPUR,SpurC,1,UNRESOLVED_CODEBOOK,10.3389/fpls.2023.1234148,Table S4,H33,057a0aaa603cfa4d9683a2eac75e747cb14bd1294e541feb82483fe6bc160e45
Z2023_S4_R34,E. baojingense,Epimedium baojingense,SOURCE_NAME_NOT_ACCEPTED_TAXON_AUDIT,"Longshan, Hunan",C. Zhang Zhang307,BNU,INNER_SEPAL,SepalC,1,UNRESOLVED_CODEBOOK,10.3389/fpls.2023.1234148,Table S4,G34,057a0aaa603cfa4d9683a2eac75e747cb14bd1294e541feb82483fe6bc160e45
Z2023_S4_R34,E. baojingense,Epimedium baojingense,SOURCE_NAME_NOT_ACCEPTED_TAXON_AUDIT,"Longshan, Hunan",C. Zhang Zhang307,BNU,PETAL_SPUR,SpurC,1,UNRESOLVED_CODEBOOK,10.3389/fpls.2023.1234148,Table S4,H34,057a0aaa603cfa4d9683a2eac75e747cb14bd1294e541feb82483fe6bc160e45
Z2023_S4_R35,E. baojingense,Epimedium baojingense,SOURCE_NAME_NOT_ACCEPTED_TAXON_AUDIT,"Longshan, Hunan",C. Zhang Zhang307,BNU,INNER_SEPAL,SepalC,1,UNRESOLVED_CODEBOOK,10.3389/fpls.2023.1234148,Table S4,G35,057a0aaa603cfa4d9683a2eac75e747cb14bd1294e541feb82483fe6bc160e45
Z2023_S4_R35,E. baojingense,Epimedium baojingense,SOURCE_NAME_NOT_ACCEPTED_TAXON_AUDIT,"Longshan, Hunan",C. Zhang Zhang307,BNU,PETAL_SPUR,SpurC,1,UNRESOLVED_CODEBOOK,10.3389/fpls.2023.1234148,Table S4,H35,057a0aaa603cfa4d9683a2eac75e747cb14bd1294e541feb82483fe6bc160e45
Z2023_S4_R36,E. baojingense,Epimedium baojingense,SOURCE_NAME_NOT_ACCEPTED_TAXON_AUDIT,"Longshan, Hunan",C. Zhang Zhang307,BNU,INNER_SEPAL,SepalC,1,UNRESOLVED_CODEBOOK,10.3389/fpls.2023.1234148,Table S4,G36,057a0aaa603cfa4d9683a2eac75e747cb14bd1294e541feb82483fe6bc160e45
Z2023_S4_R36,E. baojingense,Epimedium baojingense,SOURCE_NAME_NOT_ACCEPTED_TAXON_AUDIT,"Longshan, Hunan",C. Zhang Zhang307,BNU,PETAL_SPUR,SpurC,1,UNRESOLVED_CODEBOOK,10.3389/fpls.2023.1234148,Table S4,H36,057a0aaa603cfa4d9683a2eac75e747cb14bd1294e541feb82483fe6bc160e45
Z2023_S4_R37,E. baojingense,Epimedium baojingense,SOURCE_NAME_NOT_ACCEPTED_TAXON_AUDIT,"Longshan, Hunan",C. Zhang Zhang307,BNU,INNER_SEPAL,SepalC,1,UNRESOLVED_CODEBOOK,10.3389/fpls.2023.1234148,Table S4,G37,057a0aaa603cfa4d9683a2eac75e747cb14bd1294e541feb82483fe6bc160e45
Z2023_S4_R37,E. baojingense,Epimedium baojingense,SOURCE_NAME_NOT_ACCEPTED_TAXON_AUDIT,"Longshan, Hunan",C. Zhang Zhang307,BNU,PETAL_SPUR,SpurC,1,UNRESOLVED_CODEBOOK,10.3389/fpls.2023.1234148,Table S4,H37,057a0aaa603cfa4d9683a2eac75e747cb14bd1294e541feb82483fe6bc160e45
Z2023_S4_R38,E. borealiguizhouense,Epimedium borealiguizhouense,SOURCE_NAME_NOT_ACCEPTED_TAXON_AUDIT,"Youyang, Chongqing",C. Zhang Zhang215,BNU,INNER_SEPAL,SepalC,2,UNRESOLVED_CODEBOOK,10.3389/fpls.2023.1234148,Table S4,G38,057a0aaa603cfa4d9683a2eac75e747cb14bd1294e541feb82483fe6bc160e45
Z2023_S4_R38,E. borealiguizhouense,Epimedium borealiguizhouense,SOURCE_NAME_NOT_ACCEPTED_TAXON_AUDIT,"Youyang, Chongqing",C. Zhang Zhang215,BNU,PETAL_SPUR,SpurC,4,UNRESOLVED_CODEBOOK,10.3389/fpls.2023.1234148,Table S4,H38,057a0aaa603cfa4d9683a2eac75e747cb14bd1294e541feb82483fe6bc160e45
Z2023_S4_R39,E. borealiguizhouense,Epimedium borealiguizhouense,SOURCE_NAME_NOT_ACCEPTED_TAXON_AUDIT,"Youyang, Chongqing",C. Zhang Zhang215,BNU,INNER_SEPAL,SepalC,2,UNRESOLVED_CODEBOOK,10.3389/fpls.2023.1234148,Table S4,G39,057a0aaa603cfa4d9683a2eac75e747cb14bd1294e541feb82483fe6bc160e45
Z2023_S4_R39,E. borealiguizhouense,Epimedium borealiguizhouense,SOURCE_NAME_NOT_ACCEPTED_TAXON_AUDIT,"Youyang, Chongqing",C. Zhang Zhang215,BNU,PETAL_SPUR,SpurC,4,UNRESOLVED_CODEBOOK,10.3389/fpls.2023.1234148,Table S4,H39,057a0aaa603cfa4d9683a2eac75e747cb14bd1294e541feb82483fe6bc160e45
Z2023_S4_R40,E. borealiguizhouense,Epimedium borealiguizhouense,SOURCE_NAME_NOT_ACCEPTED_TAXON_AUDIT,"Youyang, Chongqing",C. Zhang Zhang215,BNU,INNER_SEPAL,SepalC,2,UNRESOLVED_CODEBOOK,10.3389/fpls.2023.1234148,Table S4,G40,057a0aaa603cfa4d9683a2eac75e747cb14bd1294e541feb82483fe6bc160e45
Z2023_S4_R40,E. borealiguizhouense,Epimedium borealiguizhouense,SOURCE_NAME_NOT_ACCEPTED_TAXON_AUDIT,"Youyang, Chongqing",C. Zhang Zhang215,BNU,PETAL_SPUR,SpurC,4,UNRESOLVED_CODEBOOK,10.3389/fpls.2023.1234148,Table S4,H40,057a0aaa603cfa4d9683a2eac75e747cb14bd1294e541feb82483fe6bc160e45
Z2023_S4_R41,E. borealiguizhouense,Epimedium borealiguizhouense,SOURCE_NAME_NOT_ACCEPTED_TAXON_AUDIT,"Youyang, Chongqing",C. Zhang Zhang215,BNU,INNER_SEPAL,SepalC,2,UNRESOLVED_CODEBOOK,10.3389/fpls.2023.1234148,Table S4,G41,057a0aaa603cfa4d9683a2eac75e747cb14bd1294e541feb82483fe6bc160e45
Z2023_S4_R41,E. borealiguizhouense,Epimedium borealiguizhouense,SOURCE_NAME_NOT_ACCEPTED_TAXON_AUDIT,"Youyang, Chongqing",C. Zhang Zhang215,BNU,PETAL_SPUR,SpurC,4,UNRESOLVED_CODEBOOK,10.3389/fpls.2023.1234148,Table S4,H41,057a0aaa603cfa4d9683a2eac75e747cb14bd1294e541feb82483fe6bc160e45
Z2023_S4_R42,E. borealiguizhouense,Epimedium borealiguizhouense,SOURCE_NAME_NOT_ACCEPTED_TAXON_AUDIT,"Youyang, Chongqing",C. Zhang Zhang215,BNU,INNER_SEPAL,SepalC,2,UNRESOLVED_CODEBOOK,10.3389/fpls.2023.1234148,Table S4,G42,057a0aaa603cfa4d9683a2eac75e747cb14bd1294e541feb82483fe6bc160e45
Z2023_S4_R42,E. borealiguizhouense,Epimedium borealiguizhouense,SOURCE_NAME_NOT_ACCEPTED_TAXON_AUDIT,"Youyang, Chongqing",C. Zhang Zhang215,BNU,PETAL_SPUR,SpurC,4,UNRESOLVED_CODEBOOK,10.3389/fpls.2023.1234148,Table S4,H42,057a0aaa603cfa4d9683a2eac75e747cb14bd1294e541feb82483fe6bc160e45
Z2023_S4_R43,E. borealiguizhouense,Epimedium borealiguizhouense,SOURCE_NAME_NOT_ACCEPTED_TAXON_AUDIT,"Youyang, Chongqing",C. Zhang Zhang215,BNU,INNER_SEPAL,SepalC,2,UNRESOLVED_CODEBOOK,10.3389/fpls.2023.1234148,Table S4,G43,057a0aaa603cfa4d9683a2eac75e747cb14bd1294e541feb82483fe6bc160e45
Z2023_S4_R43,E. borealiguizhouense,Epimedium borealiguizhouense,SOURCE_NAME_NOT_ACCEPTED_TAXON_AUDIT,"Youyang, Chongqing",C. Zhang Zhang215,BNU,PETAL_SPUR,SpurC,4,UNRESOLVED_CODEBOOK,10.3389/fpls.2023.1234148,Table S4,H43,057a0aaa603cfa4d9683a2eac75e747cb14bd1294e541feb82483fe6bc160e45
Z2023_S4_R44,E. borealiguizhouense,Epimedium borealiguizhouense,SOURCE_NAME_NOT_ACCEPTED_TAXON_AUDIT,"Youyang, Chongqing",C. Zhang Zhang215,BNU,INNER_SEPAL,SepalC,2,UNRESOLVED_CODEBOOK,10.3389/fpls.2023.1234148,Table S4,G44,057a0aaa603cfa4d9683a2eac75e747cb14bd1294e541feb82483fe6bc160e45
Z2023_S4_R44,E. borealiguizhouense,Epimedium borealiguizhouense,SOURCE_NAME_NOT_ACCEPTED_TAXON_AUDIT,"Youyang, Chongqing",C. Zhang Zhang215,BNU,PETAL_SPUR,SpurC,4,UNRESOLVED_CODEBOOK,10.3389/fpls.2023.1234148,Table S4,H44,057a0aaa603cfa4d9683a2eac75e747cb14bd1294e541feb82483fe6bc160e45
Z2023_S4_R45,E. borealiguizhouense,Epimedium borealiguizhouense,SOURCE_NAME_NOT_ACCEPTED_TAXON_AUDIT,"Youyang, Chongqing",C. Zhang Zhang215,BNU,INNER_SEPAL,SepalC,2,UNRESOLVED_CODEBOOK,10.3389/fpls.2023.1234148,Table S4,G45,057a0aaa603cfa4d9683a2eac75e747cb14bd1294e541feb82483fe6bc160e45
Z2023_S4_R45,E. borealiguizhouense,Epimedium borealiguizhouense,SOURCE_NAME_NOT_ACCEPTED_TAXON_AUDIT,"Youyang, Chongqing",C. Zhang Zhang215,BNU,PETAL_SPUR,SpurC,4,UNRESOLVED_CODEBOOK,10.3389/fpls.2023.1234148,Table S4,H45,057a0aaa603cfa4d9683a2eac75e747cb14bd1294e541feb82483fe6bc160e45
Z2023_S4_R46,E. borealiguizhouense,Epimedium borealiguizhouense,SOURCE_NAME_NOT_ACCEPTED_TAXON_AUDIT,"Youyang, Chongqing",C. Zhang Zhang215,BNU,INNER_SEPAL,SepalC,2,UNRESOLVED_CODEBOOK,10.3389/fpls.2023.1234148,Table S4,G46,057a0aaa603cfa4d9683a2eac75e747cb14bd1294e541feb82483fe6bc160e45
Z2023_S4_R46,E. borealiguizhouense,Epimedium borealiguizhouense,SOURCE_NAME_NOT_ACCEPTED_TAXON_AUDIT,"Youyang, Chongqing",C. Zhang Zhang215,BNU,PETAL_SPUR,SpurC,4,UNRESOLVED_CODEBOOK,10.3389/fpls.2023.1234148,Table S4,H46,057a0aaa603cfa4d9683a2eac75e747cb14bd1294e541feb82483fe6bc160e45
Z2023_S4_R47,E. borealiguizhouense,Epimedium borealiguizhouense,SOURCE_NAME_NOT_ACCEPTED_TAXON_AUDIT,"Youyang, Chongqing",C. Zhang Zhang215,BNU,INNER_SEPAL,SepalC,2,UNRESOLVED_CODEBOOK,10.3389/fpls.2023.1234148,Table S4,G47,057a0aaa603cfa4d9683a2eac75e747cb14bd1294e541feb82483fe6bc160e45
Z2023_S4_R47,E. borealiguizhouense,Epimedium borealiguizhouense,SOURCE_NAME_NOT_ACCEPTED_TAXON_AUDIT,"Youyang, Chongqing",C. Zhang Zhang215,BNU,PETAL_SPUR,SpurC,4,UNRESOLVED_CODEBOOK,10.3389/fpls.2023.1234148,Table S4,H47,057a0aaa603cfa4d9683a2eac75e747cb14bd1294e541feb82483fe6bc160e45
Z2023_S4_R48,E. borealiguizhouense,Epimedium borealiguizhouense,SOURCE_NAME_NOT_ACCEPTED_TAXON_AUDIT,"Youyang, Chongqing",C. Zhang Zhang215,BNU,INNER_SEPAL,SepalC,2,UNRESOLVED_CODEBOOK,10.3389/fpls.2023.1234148,Table S4,G48,057a0aaa603cfa4d9683a2eac75e747cb14bd1294e541feb82483fe6bc160e45
Z2023_S4_R48,E. borealiguizhouense,Epimedium borealiguizhouense,SOURCE_NAME_NOT_ACCEPTED_TAXON_AUDIT,"Youyang, Chongqing",C. Zhang Zhang215,BNU,PETAL_SPUR,SpurC,4,UNRESOLVED_CODEBOOK,10.3389/fpls.2023.1234148,Table S4,H48,057a0aaa603cfa4d9683a2eac75e747cb14bd1294e541feb82483fe6bc160e45
Z2023_S4_R49,E. brevicornu,Epimedium brevicornu,SOURCE_NAME_NOT_ACCEPTED_TAXON_AUDIT,"Luonan, Shaanxi",C. Zhang Zhang201,BNU,INNER_SEPAL,SepalC,0,UNRESOLVED_CODEBOOK,10.3389/fpls.2023.1234148,Table S4,G49,057a0aaa603cfa4d9683a2eac75e747cb14bd1294e541feb82483fe6bc160e45
Z2023_S4_R49,E. brevicornu,Epimedium brevicornu,SOURCE_NAME_NOT_ACCEPTED_TAXON_AUDIT,"Luonan, Shaanxi",C. Zhang Zhang201,BNU,PETAL_SPUR,SpurC,1,UNRESOLVED_CODEBOOK,10.3389/fpls.2023.1234148,Table S4,H49,057a0aaa603cfa4d9683a2eac75e747cb14bd1294e541feb82483fe6bc160e45
Z2023_S4_R50,E. brevicornu,Epimedium brevicornu,SOURCE_NAME_NOT_ACCEPTED_TAXON_AUDIT,"Luonan, Shaanxi",C. Zhang Zhang201,BNU,INNER_SEPAL,SepalC,0,UNRESOLVED_CODEBOOK,10.3389/fpls.2023.1234148,Table S4,G50,057a0aaa603cfa4d9683a2eac75e747cb14bd1294e541feb82483fe6bc160e45
Z2023_S4_R50,E. brevicornu,Epimedium brevicornu,SOURCE_NAME_NOT_ACCEPTED_TAXON_AUDIT,"Luonan, Shaanxi",C. Zhang Zhang201,BNU,PETAL_SPUR,SpurC,1,UNRESOLVED_CODEBOOK,10.3389/fpls.2023.1234148,Table S4,H50,057a0aaa603cfa4d9683a2eac75e747cb14bd1294e541feb82483fe6bc160e45
Z2023_S4_R51,E. brevicornu,Epimedium brevicornu,SOURCE_NAME_NOT_ACCEPTED_TAXON_AUDIT,"Luonan, Shaanxi",C. Zhang Zhang201,BNU,INNER_SEPAL,SepalC,0,UNRESOLVED_CODEBOOK,10.3389/fpls.2023.1234148,Table S4,G51,057a0aaa603cfa4d9683a2eac75e747cb14bd1294e541feb82483fe6bc160e45
Z2023_S4_R51,E. brevicornu,Epimedium brevicornu,SOURCE_NAME_NOT_ACCEPTED_TAXON_AUDIT,"Luonan, Shaanxi",C. Zhang Zhang201,BNU,PETAL_SPUR,SpurC,1,UNRESOLVED_CODEBOOK,10.3389/fpls.2023.1234148,Table S4,H51,057a0aaa603cfa4d9683a2eac75e747cb14bd1294e541feb82483fe6bc160e45
Z2023_S4_R52,E. brevicornu,Epimedium brevicornu,SOURCE_NAME_NOT_ACCEPTED_TAXON_AUDIT,"Luonan, Shaanxi",C. Zhang Zhang201,BNU,INNER_SEPAL,SepalC,0,UNRESOLVED_CODEBOOK,10.3389/fpls.2023.1234148,Table S4,G52,057a0aaa603cfa4d9683a2eac75e747cb14bd1294e541feb82483fe6bc160e45
Z2023_S4_R52,E. brevicornu,Epimedium brevicornu,SOURCE_NAME_NOT_ACCEPTED_TAXON_AUDIT,"Luonan, Shaanxi",C. Zhang Zhang201,BNU,PETAL_SPUR,SpurC,1,UNRESOLVED_CODEBOOK,10.3389/fpls.2023.1234148,Table S4,H52,057a0aaa603cfa4d9683a2eac75e747cb14bd1294e541feb82483fe6bc160e45
Z2023_S4_R53,E. brevicornu,Epimedium brevicornu,SOURCE_NAME_NOT_ACCEPTED_TAXON_AUDIT,"Luonan, Shaanxi",C. Zhang Zhang201,BNU,INNER_SEPAL,SepalC,0,UNRESOLVED_CODEBOOK,10.3389/fpls.2023.1234148,Table S4,G53,057a0aaa603cfa4d9683a2eac75e747cb14bd1294e541feb82483fe6bc160e45
Z2023_S4_R53,E. brevicornu,Epimedium brevicornu,SOURCE_NAME_NOT_ACCEPTED_TAXON_AUDIT,"Luonan, Shaanxi",C. Zhang Zhang201,BNU,PETAL_SPUR,SpurC,1,UNRESOLVED_CODEBOOK,10.3389/fpls.2023.1234148,Table S4,H53,057a0aaa603cfa4d9683a2eac75e747cb14bd1294e541feb82483fe6bc160e45
Z2023_S4_R54,E. brevicornu,Epimedium brevicornu,SOURCE_NAME_NOT_ACCEPTED_TAXON_AUDIT,"Luonan, Shaanxi",C. Zhang Zhang201,BNU,INNER_SEPAL,SepalC,0,UNRESOLVED_CODEBOOK,10.3389/fpls.2023.1234148,Table S4,G54,057a0aaa603cfa4d9683a2eac75e747cb14bd1294e541feb82483fe6bc160e45
Z2023_S4_R54,E. brevicornu,Epimedium brevicornu,SOURCE_NAME_NOT_ACCEPTED_TAXON_AUDIT,"Luonan, Shaanxi",C. Zhang Zhang201,BNU,PETAL_SPUR,SpurC,1,UNRESOLVED_CODEBOOK,10.3389/fpls.2023.1234148,Table S4,H54,057a0aaa603cfa4d9683a2eac75e747cb14bd1294e541feb82483fe6bc160e45
Z2023_S4_R55,E. campanulatum,Epimedium campanulatum,SOURCE_NAME_NOT_ACCEPTED_TAXON_AUDIT,"Dujiangyan, Sichuan",C. Zhang Zhang274,BNU,INNER_SEPAL,SepalC,2,UNRESOLVED_CODEBOOK,10.3389/fpls.2023.1234148,Table S4,G55,057a0aaa603cfa4d9683a2eac75e747cb14bd1294e541feb82483fe6bc160e45
Z2023_S4_R55,E. campanulatum,Epimedium campanulatum,SOURCE_NAME_NOT_ACCEPTED_TAXON_AUDIT,"Dujiangyan, Sichuan",C. Zhang Zhang274,BNU,PETAL_SPUR,SpurC,1,UNRESOLVED_CODEBOOK,10.3389/fpls.2023.1234148,Table S4,H55,057a0aaa603cfa4d9683a2eac75e747cb14bd1294e541feb82483fe6bc160e45
Z2023_S4_R56,E. campanulatum,Epimedium campanulatum,SOURCE_NAME_NOT_ACCEPTED_TAXON_AUDIT,"Dujiangyan, Sichuan",C. Zhang Zhang274,BNU,INNER_SEPAL,SepalC,2,UNRESOLVED_CODEBOOK,10.3389/fpls.2023.1234148,Table S4,G56,057a0aaa603cfa4d9683a2eac75e747cb14bd1294e541feb82483fe6bc160e45
Z2023_S4_R56,E. campanulatum,Epimedium campanulatum,SOURCE_NAME_NOT_ACCEPTED_TAXON_AUDIT,"Dujiangyan, Sichuan",C. Zhang Zhang274,BNU,PETAL_SPUR,SpurC,1,UNRESOLVED_CODEBOOK,10.3389/fpls.2023.1234148,Table S4,H56,057a0aaa603cfa4d9683a2eac75e747cb14bd1294e541feb82483fe6bc160e45
Z2023_S4_R57,E. campanulatum,Epimedium campanulatum,SOURCE_NAME_NOT_ACCEPTED_TAXON_AUDIT,"Dujiangyan, Sichuan",C. Zhang Zhang274,BNU,INNER_SEPAL,SepalC,2,UNRESOLVED_CODEBOOK,10.3389/fpls.2023.1234148,Table S4,G57,057a0aaa603cfa4d9683a2eac75e747cb14bd1294e541feb82483fe6bc160e45
Z2023_S4_R57,E. campanulatum,Epimedium campanulatum,SOURCE_NAME_NOT_ACCEPTED_TAXON_AUDIT,"Dujiangyan, Sichuan",C. Zhang Zhang274,BNU,PETAL_SPUR,SpurC,1,UNRESOLVED_CODEBOOK,10.3389/fpls.2023.1234148,Table S4,H57,057a0aaa603cfa4d9683a2eac75e747cb14bd1294e541feb82483fe6bc160e45
Z2023_S4_R58,E. campanulatum,Epimedium campanulatum,SOURCE_NAME_NOT_ACCEPTED_TAXON_AUDIT,"Dujiangyan, Sichuan",C. Zhang Zhang274,BNU,INNER_SEPAL,SepalC,2,UNRESOLVED_CODEBOOK,10.3389/fpls.2023.1234148,Table S4,G58,057a0aaa603cfa4d9683a2eac75e747cb14bd1294e541feb82483fe6bc160e45
Z2023_S4_R58,E. campanulatum,Epimedium campanulatum,SOURCE_NAME_NOT_ACCEPTED_TAXON_AUDIT,"Dujiangyan, Sichuan",C. Zhang Zhang274,BNU,PETAL_SPUR,SpurC,1,UNRESOLVED_CODEBOOK,10.3389/fpls.2023.1234148,Table S4,H58,057a0aaa603cfa4d9683a2eac75e747cb14bd1294e541feb82483fe6bc160e45
Z2023_S4_R59,E. campanulatum,Epimedium campanulatum,SOURCE_NAME_NOT_ACCEPTED_TAXON_AUDIT,"Dujiangyan, Sichuan",C. Zhang Zhang274,BNU,INNER_SEPAL,SepalC,2,UNRESOLVED_CODEBOOK,10.3389/fpls.2023.1234148,Table S4,G59,057a0aaa603cfa4d9683a2eac75e747cb14bd1294e541feb82483fe6bc160e45
Z2023_S4_R59,E. campanulatum,Epimedium campanulatum,SOURCE_NAME_NOT_ACCEPTED_TAXON_AUDIT,"Dujiangyan, Sichuan",C. Zhang Zhang274,BNU,PETAL_SPUR,SpurC,1,UNRESOLVED_CODEBOOK,10.3389/fpls.2023.1234148,Table S4,H59,057a0aaa603cfa4d9683a2eac75e747cb14bd1294e541feb82483fe6bc160e45
Z2023_S4_R60,E. campanulatum,Epimedium campanulatum,SOURCE_NAME_NOT_ACCEPTED_TAXON_AUDIT,"Dujiangyan, Sichuan",C. Zhang Zhang274,BNU,INNER_SEPAL,SepalC,2,UNRESOLVED_CODEBOOK,10.3389/fpls.2023.1234148,Table S4,G60,057a0aaa603cfa4d9683a2eac75e747cb14bd1294e541feb82483fe6bc160e45
Z2023_S4_R60,E. campanulatum,Epimedium campanulatum,SOURCE_NAME_NOT_ACCEPTED_TAXON_AUDIT,"Dujiangyan, Sichuan",C. Zhang Zhang274,BNU,PETAL_SPUR,SpurC,1,UNRESOLVED_CODEBOOK,10.3389/fpls.2023.1234148,Table S4,H60,057a0aaa603cfa4d9683a2eac75e747cb14bd1294e541feb82483fe6bc160e45
Z2023_S4_R61,E. campanulatum,Epimedium campanulatum,SOURCE_NAME_NOT_ACCEPTED_TAXON_AUDIT,"Dujiangyan, Sichuan",C. Zhang Zhang274,BNU,INNER_SEPAL,SepalC,2,UNRESOLVED_CODEBOOK,10.3389/fpls.2023.1234148,Table S4,G61,057a0aaa603cfa4d9683a2eac75e747cb14bd1294e541feb82483fe6bc160e45
Z2023_S4_R61,E. campanulatum,Epimedium campanulatum,SOURCE_NAME_NOT_ACCEPTED_TAXON_AUDIT,"Dujiangyan, Sichuan",C. Zhang Zhang274,BNU,PETAL_SPUR,SpurC,1,UNRESOLVED_CODEBOOK,10.3389/fpls.2023.1234148,Table S4,H61,057a0aaa603cfa4d9683a2eac75e747cb14bd1294e541feb82483fe6bc160e45
Z2023_S4_R62,E. campanulatum,Epimedium campanulatum,SOURCE_NAME_NOT_ACCEPTED_TAXON_AUDIT,"Dujiangyan, Sichuan",C. Zhang Zhang274,BNU,INNER_SEPAL,SepalC,2,UNRESOLVED_CODEBOOK,10.3389/fpls.2023.1234148,Table S4,G62,057a0aaa603cfa4d9683a2eac75e747cb14bd1294e541feb82483fe6bc160e45
Z2023_S4_R62,E. campanulatum,Epimedium campanulatum,SOURCE_NAME_NOT_ACCEPTED_TAXON_AUDIT,"Dujiangyan, Sichuan",C. Zhang Zhang274,BNU,PETAL_SPUR,SpurC,1,UNRESOLVED_CODEBOOK,10.3389/fpls.2023.1234148,Table S4,H62,057a0aaa603cfa4d9683a2eac75e747cb14bd1294e541feb82483fe6bc160e45
Z2023_S4_R63,E. chlorandrum,Epimedium chlorandrum,SOURCE_NAME_NOT_ACCEPTED_TAXON_AUDIT,"Baoxing, Sichuan",C. Zhang Zhang283,BNU,INNER_SEPAL,SepalC,1,UNRESOLVED_CODEBOOK,10.3389/fpls.2023.1234148,Table S4,G63,057a0aaa603cfa4d9683a2eac75e747cb14bd1294e541feb82483fe6bc160e45
Z2023_S4_R63,E. chlorandrum,Epimedium chlorandrum,SOURCE_NAME_NOT_ACCEPTED_TAXON_AUDIT,"Baoxing, Sichuan",C. Zhang Zhang283,BNU,PETAL_SPUR,SpurC,1,UNRESOLVED_CODEBOOK,10.3389/fpls.2023.1234148,Table S4,H63,057a0aaa603cfa4d9683a2eac75e747cb14bd1294e541feb82483fe6bc160e45
Z2023_S4_R64,E. chlorandrum,Epimedium chlorandrum,SOURCE_NAME_NOT_ACCEPTED_TAXON_AUDIT,"Baoxing, Sichuan",C. Zhang Zhang283,BNU,INNER_SEPAL,SepalC,1,UNRESOLVED_CODEBOOK,10.3389/fpls.2023.1234148,Table S4,G64,057a0aaa603cfa4d9683a2eac75e747cb14bd1294e541feb82483fe6bc160e45
Z2023_S4_R64,E. chlorandrum,Epimedium chlorandrum,SOURCE_NAME_NOT_ACCEPTED_TAXON_AUDIT,"Baoxing, Sichuan",C. Zhang Zhang283,BNU,PETAL_SPUR,SpurC,1,UNRESOLVED_CODEBOOK,10.3389/fpls.2023.1234148,Table S4,H64,057a0aaa603cfa4d9683a2eac75e747cb14bd1294e541feb82483fe6bc160e45
Z2023_S4_R65,E. chlorandrum,Epimedium chlorandrum,SOURCE_NAME_NOT_ACCEPTED_TAXON_AUDIT,"Baoxing, Sichuan",C. Zhang Zhang283,BNU,INNER_SEPAL,SepalC,1,UNRESOLVED_CODEBOOK,10.3389/fpls.2023.1234148,Table S4,G65,057a0aaa603cfa4d9683a2eac75e747cb14bd1294e541feb82483fe6bc160e45
Z2023_S4_R65,E. chlorandrum,Epimedium chlorandrum,SOURCE_NAME_NOT_ACCEPTED_TAXON_AUDIT,"Baoxing, Sichuan",C. Zhang Zhang283,BNU,PETAL_SPUR,SpurC,1,UNRESOLVED_CODEBOOK,10.3389/fpls.2023.1234148,Table S4,H65,057a0aaa603cfa4d9683a2eac75e747cb14bd1294e541feb82483fe6bc160e45
Z2023_S4_R66,E. chlorandrum,Epimedium chlorandrum,SOURCE_NAME_NOT_ACCEPTED_TAXON_AUDIT,"Baoxing, Sichuan",C. Zhang Zhang283,BNU,INNER_SEPAL,SepalC,1,UNRESOLVED_CODEBOOK,10.3389/fpls.2023.1234148,Table S4,G66,057a0aaa603cfa4d9683a2eac75e747cb14bd1294e541feb82483fe6bc160e45
Z2023_S4_R66,E. chlorandrum,Epimedium chlorandrum,SOURCE_NAME_NOT_ACCEPTED_TAXON_AUDIT,"Baoxing, Sichuan",C. Zhang Zhang283,BNU,PETAL_SPUR,SpurC,1,UNRESOLVED_CODEBOOK,10.3389/fpls.2023.1234148,Table S4,H66,057a0aaa603cfa4d9683a2eac75e747cb14bd1294e541feb82483fe6bc160e45
Z2023_S4_R67,E. chlorandrum,Epimedium chlorandrum,SOURCE_NAME_NOT_ACCEPTED_TAXON_AUDIT,"Baoxing, Sichuan",C. Zhang Zhang283,BNU,INNER_SEPAL,SepalC,1,UNRESOLVED_CODEBOOK,10.3389/fpls.2023.1234148,Table S4,G67,057a0aaa603cfa4d9683a2eac75e747cb14bd1294e541feb82483fe6bc160e45
Z2023_S4_R67,E. chlorandrum,Epimedium chlorandrum,SOURCE_NAME_NOT_ACCEPTED_TAXON_AUDIT,"Baoxing, Sichuan",C. Zhang Zhang283,BNU,PETAL_SPUR,SpurC,1,UNRESOLVED_CODEBOOK,10.3389/fpls.2023.1234148,Table S4,H67,057a0aaa603cfa4d9683a2eac75e747cb14bd1294e541feb82483fe6bc160e45
Z2023_S4_R68,E. chlorandrum,Epimedium chlorandrum,SOURCE_NAME_NOT_ACCEPTED_TAXON_AUDIT,"Baoxing, Sichuan",C. Zhang Zhang283,BNU,INNER_SEPAL,SepalC,1,UNRESOLVED_CODEBOOK,10.3389/fpls.2023.1234148,Table S4,G68,057a0aaa603cfa4d9683a2eac75e747cb14bd1294e541feb82483fe6bc160e45
Z2023_S4_R68,E. chlorandrum,Epimedium chlorandrum,SOURCE_NAME_NOT_ACCEPTED_TAXON_AUDIT,"Baoxing, Sichuan",C. Zhang Zhang283,BNU,PETAL_SPUR,SpurC,1,UNRESOLVED_CODEBOOK,10.3389/fpls.2023.1234148,Table S4,H68,057a0aaa603cfa4d9683a2eac75e747cb14bd1294e541feb82483fe6bc160e45
Z2023_S4_R69,E. chlorandrum,Epimedium chlorandrum,SOURCE_NAME_NOT_ACCEPTED_TAXON_AUDIT,"Baoxing, Sichuan",C. Zhang Zhang283,BNU,INNER_SEPAL,SepalC,1,UNRESOLVED_CODEBOOK,10.3389/fpls.2023.1234148,Table S4,G69,057a0aaa603cfa4d9683a2eac75e747cb14bd1294e541feb82483fe6bc160e45
Z2023_S4_R69,E. chlorandrum,Epimedium chlorandrum,SOURCE_NAME_NOT_ACCEPTED_TAXON_AUDIT,"Baoxing, Sichuan",C. Zhang Zhang283,BNU,PETAL_SPUR,SpurC,1,UNRESOLVED_CODEBOOK,10.3389/fpls.2023.1234148,Table S4,H69,057a0aaa603cfa4d9683a2eac75e747cb14bd1294e541feb82483fe6bc160e45
Z2023_S4_R70,E. coactum,Epimedium coactum,SOURCE_NAME_NOT_ACCEPTED_TAXON_AUDIT,"Huitong, Hunan",C. Zhang Zhang205,BNU,INNER_SEPAL,SepalC,0,UNRESOLVED_CODEBOOK,10.3389/fpls.2023.1234148,Table S4,G70,057a0aaa603cfa4d9683a2eac75e747cb14bd1294e541feb82483fe6bc160e45
Z2023_S4_R70,E. coactum,Epimedium coactum,SOURCE_NAME_NOT_ACCEPTED_TAXON_AUDIT,"Huitong, Hunan",C. Zhang Zhang205,BNU,PETAL_SPUR,SpurC,1,UNRESOLVED_CODEBOOK,10.3389/fpls.2023.1234148,Table S4,H70,057a0aaa603cfa4d9683a2eac75e747cb14bd1294e541feb82483fe6bc160e45
Z2023_S4_R71,E. coactum,Epimedium coactum,SOURCE_NAME_NOT_ACCEPTED_TAXON_AUDIT,"Huitong, Hunan",C. Zhang Zhang205,BNU,INNER_SEPAL,SepalC,0,UNRESOLVED_CODEBOOK,10.3389/fpls.2023.1234148,Table S4,G71,057a0aaa603cfa4d9683a2eac75e747cb14bd1294e541feb82483fe6bc160e45
Z2023_S4_R71,E. coactum,Epimedium coactum,SOURCE_NAME_NOT_ACCEPTED_TAXON_AUDIT,"Huitong, Hunan",C. Zhang Zhang205,BNU,PETAL_SPUR,SpurC,1,UNRESOLVED_CODEBOOK,10.3389/fpls.2023.1234148,Table S4,H71,057a0aaa603cfa4d9683a2eac75e747cb14bd1294e541feb82483fe6bc160e45
Z2023_S4_R72,E. coactum,Epimedium coactum,SOURCE_NAME_NOT_ACCEPTED_TAXON_AUDIT,"Huitong, Hunan",C. Zhang Zhang205,BNU,INNER_SEPAL,SepalC,0,UNRESOLVED_CODEBOOK,10.3389/fpls.2023.1234148,Table S4,G72,057a0aaa603cfa4d9683a2eac75e747cb14bd1294e541feb82483fe6bc160e45
Z2023_S4_R72,E. coactum,Epimedium coactum,SOURCE_NAME_NOT_ACCEPTED_TAXON_AUDIT,"Huitong, Hunan",C. Zhang Zhang205,BNU,PETAL_SPUR,SpurC,1,UNRESOLVED_CODEBOOK,10.3389/fpls.2023.1234148,Table S4,H72,057a0aaa603cfa4d9683a2eac75e747cb14bd1294e541feb82483fe6bc160e45
Z2023_S4_R73,E. coactum,Epimedium coactum,SOURCE_NAME_NOT_ACCEPTED_TAXON_AUDIT,"Huitong, Hunan",C. Zhang Zhang205,BNU,INNER_SEPAL,SepalC,0,UNRESOLVED_CODEBOOK,10.3389/fpls.2023.1234148,Table S4,G73,057a0aaa603cfa4d9683a2eac75e747cb14bd1294e541feb82483fe6bc160e45
Z2023_S4_R73,E. coactum,Epimedium coactum,SOURCE_NAME_NOT_ACCEPTED_TAXON_AUDIT,"Huitong, Hunan",C. Zhang Zhang205,BNU,PETAL_SPUR,SpurC,1,UNRESOLVED_CODEBOOK,10.3389/fpls.2023.1234148,Table S4,H73,057a0aaa603cfa4d9683a2eac75e747cb14bd1294e541feb82483fe6bc160e45
Z2023_S4_R74,E. coactum,Epimedium coactum,SOURCE_NAME_NOT_ACCEPTED_TAXON_AUDIT,"Huitong, Hunan",C. Zhang Zhang205,BNU,INNER_SEPAL,SepalC,0,UNRESOLVED_CODEBOOK,10.3389/fpls.2023.1234148,Table S4,G74,057a0aaa603cfa4d9683a2eac75e747cb14bd1294e541feb82483fe6bc160e45
Z2023_S4_R74,E. coactum,Epimedium coactum,SOURCE_NAME_NOT_ACCEPTED_TAXON_AUDIT,"Huitong, Hunan",C. Zhang Zhang205,BNU,PETAL_SPUR,SpurC,1,UNRESOLVED_CODEBOOK,10.3389/fpls.2023.1234148,Table S4,H74,057a0aaa603cfa4d9683a2eac75e747cb14bd1294e541feb82483fe6bc160e45
Z2023_S4_R75,E. coactum,Epimedium coactum,SOURCE_NAME_NOT_ACCEPTED_TAXON_AUDIT,"Huitong, Hunan",C. Zhang Zhang205,BNU,INNER_SEPAL,SepalC,0,UNRESOLVED_CODEBOOK,10.3389/fpls.2023.1234148,Table S4,G75,057a0aaa603cfa4d9683a2eac75e747cb14bd1294e541feb82483fe6bc160e45
Z2023_S4_R75,E. coactum,Epimedium coactum,SOURCE_NAME_NOT_ACCEPTED_TAXON_AUDIT,"Huitong, Hunan",C. Zhang Zhang205,BNU,PETAL_SPUR,SpurC,1,UNRESOLVED_CODEBOOK,10.3389/fpls.2023.1234148,Table S4,H75,057a0aaa603cfa4d9683a2eac75e747cb14bd1294e541feb82483fe6bc160e45
Z2023_S4_R76,E. coactum,Epimedium coactum,SOURCE_NAME_NOT_ACCEPTED_TAXON_AUDIT,"Huitong, Hunan",C. Zhang Zhang205,BNU,INNER_SEPAL,SepalC,0,UNRESOLVED_CODEBOOK,10.3389/fpls.2023.1234148,Table S4,G76,057a0aaa603cfa4d9683a2eac75e747cb14bd1294e541feb82483fe6bc160e45
Z2023_S4_R76,E. coactum,Epimedium coactum,SOURCE_NAME_NOT_ACCEPTED_TAXON_AUDIT,"Huitong, Hunan",C. Zhang Zhang205,BNU,PETAL_SPUR,SpurC,1,UNRESOLVED_CODEBOOK,10.3389/fpls.2023.1234148,Table S4,H76,057a0aaa603cfa4d9683a2eac75e747cb14bd1294e541feb82483fe6bc160e45
Z2023_S4_R77,E. coactum,Epimedium coactum,SOURCE_NAME_NOT_ACCEPTED_TAXON_AUDIT,"Huitong, Hunan",C. Zhang Zhang205,BNU,INNER_SEPAL,SepalC,0,UNRESOLVED_CODEBOOK,10.3389/fpls.2023.1234148,Table S4,G77,057a0aaa603cfa4d9683a2eac75e747cb14bd1294e541feb82483fe6bc160e45
Z2023_S4_R77,E. coactum,Epimedium coactum,SOURCE_NAME_NOT_ACCEPTED_TAXON_AUDIT,"Huitong, Hunan",C. Zhang Zhang205,BNU,PETAL_SPUR,SpurC,1,UNRESOLVED_CODEBOOK,10.3389/fpls.2023.1234148,Table S4,H77,057a0aaa603cfa4d9683a2eac75e747cb14bd1294e541feb82483fe6bc160e45
Z2023_S4_R78,E. coactum,Epimedium coactum,SOURCE_NAME_NOT_ACCEPTED_TAXON_AUDIT,"Huitong, Hunan",C. Zhang Zhang205,BNU,INNER_SEPAL,SepalC,0,UNRESOLVED_CODEBOOK,10.3389/fpls.2023.1234148,Table S4,G78,057a0aaa603cfa4d9683a2eac75e747cb14bd1294e541feb82483fe6bc160e45
Z2023_S4_R78,E. coactum,Epimedium coactum,SOURCE_NAME_NOT_ACCEPTED_TAXON_AUDIT,"Huitong, Hunan",C. Zhang Zhang205,BNU,PETAL_SPUR,SpurC,1,UNRESOLVED_CODEBOOK,10.3389/fpls.2023.1234148,Table S4,H78,057a0aaa603cfa4d9683a2eac75e747cb14bd1294e541feb82483fe6bc160e45
Z2023_S4_R79,E. coactum,Epimedium coactum,SOURCE_NAME_NOT_ACCEPTED_TAXON_AUDIT,"Huitong, Hunan",C. Zhang Zhang205,BNU,INNER_SEPAL,SepalC,0,UNRESOLVED_CODEBOOK,10.3389/fpls.2023.1234148,Table S4,G79,057a0aaa603cfa4d9683a2eac75e747cb14bd1294e541feb82483fe6bc160e45
Z2023_S4_R79,E. coactum,Epimedium coactum,SOURCE_NAME_NOT_ACCEPTED_TAXON_AUDIT,"Huitong, Hunan",C. Zhang Zhang205,BNU,PETAL_SPUR,SpurC,1,UNRESOLVED_CODEBOOK,10.3389/fpls.2023.1234148,Table S4,H79,057a0aaa603cfa4d9683a2eac75e747cb14bd1294e541feb82483fe6bc160e45
Z2023_S4_R80,E. coactum,Epimedium coactum,SOURCE_NAME_NOT_ACCEPTED_TAXON_AUDIT,"Huitong, Hunan",C. Zhang Zhang205,BNU,INNER_SEPAL,SepalC,0,UNRESOLVED_CODEBOOK,10.3389/fpls.2023.1234148,Table S4,G80,057a0aaa603cfa4d9683a2eac75e747cb14bd1294e541feb82483fe6bc160e45
Z2023_S4_R80,E. coactum,Epimedium coactum,SOURCE_NAME_NOT_ACCEPTED_TAXON_AUDIT,"Huitong, Hunan",C. Zhang Zhang205,BNU,PETAL_SPUR,SpurC,1,UNRESOLVED_CODEBOOK,10.3389/fpls.2023.1234148,Table S4,H80,057a0aaa603cfa4d9683a2eac75e747cb14bd1294e541feb82483fe6bc160e45
Z2023_S4_R81,E. coactum,Epimedium coactum,SOURCE_NAME_NOT_ACCEPTED_TAXON_AUDIT,"Huitong, Hunan",C. Zhang Zhang205,BNU,INNER_SEPAL,SepalC,0,UNRESOLVED_CODEBOOK,10.3389/fpls.2023.1234148,Table S4,G81,057a0aaa603cfa4d9683a2eac75e747cb14bd1294e541feb82483fe6bc160e45
Z2023_S4_R81,E. coactum,Epimedium coactum,SOURCE_NAME_NOT_ACCEPTED_TAXON_AUDIT,"Huitong, Hunan",C. Zhang Zhang205,BNU,PETAL_SPUR,SpurC,1,UNRESOLVED_CODEBOOK,10.3389/fpls.2023.1234148,Table S4,H81,057a0aaa603cfa4d9683a2eac75e747cb14bd1294e541feb82483fe6bc160e45
Z2023_S4_R82,E. coactum,Epimedium coactum,SOURCE_NAME_NOT_ACCEPTED_TAXON_AUDIT,"Huitong, Hunan",C. Zhang Zhang205,BNU,INNER_SEPAL,SepalC,0,UNRESOLVED_CODEBOOK,10.3389/fpls.2023.1234148,Table S4,G82,057a0aaa603cfa4d9683a2eac75e747cb14bd1294e541feb82483fe6bc160e45
Z2023_S4_R82,E. coactum,Epimedium coactum,SOURCE_NAME_NOT_ACCEPTED_TAXON_AUDIT,"Huitong, Hunan",C. Zhang Zhang205,BNU,PETAL_SPUR,SpurC,1,UNRESOLVED_CODEBOOK,10.3389/fpls.2023.1234148,Table S4,H82,057a0aaa603cfa4d9683a2eac75e747cb14bd1294e541feb82483fe6bc160e45
Z2023_S4_R83,E. coactum,Epimedium coactum,SOURCE_NAME_NOT_ACCEPTED_TAXON_AUDIT,"Huitong, Hunan",C. Zhang Zhang205,BNU,INNER_SEPAL,SepalC,0,UNRESOLVED_CODEBOOK,10.3389/fpls.2023.1234148,Table S4,G83,057a0aaa603cfa4d9683a2eac75e747cb14bd1294e541feb82483fe6bc160e45
Z2023_S4_R83,E. coactum,Epimedium coactum,SOURCE_NAME_NOT_ACCEPTED_TAXON_AUDIT,"Huitong, Hunan",C. Zhang Zhang205,BNU,PETAL_SPUR,SpurC,1,UNRESOLVED_CODEBOOK,10.3389/fpls.2023.1234148,Table S4,H83,057a0aaa603cfa4d9683a2eac75e747cb14bd1294e541feb82483fe6bc160e45
Z2023_S4_R84,E. coactum,Epimedium coactum,SOURCE_NAME_NOT_ACCEPTED_TAXON_AUDIT,"Huitong, Hunan",C. Zhang Zhang205,BNU,INNER_SEPAL,SepalC,0,UNRESOLVED_CODEBOOK,10.3389/fpls.2023.1234148,Table S4,G84,057a0aaa603cfa4d9683a2eac75e747cb14bd1294e541feb82483fe6bc160e45
Z2023_S4_R84,E. coactum,Epimedium coactum,SOURCE_NAME_NOT_ACCEPTED_TAXON_AUDIT,"Huitong, Hunan",C. Zhang Zhang205,BNU,PETAL_SPUR,SpurC,1,UNRESOLVED_CODEBOOK,10.3389/fpls.2023.1234148,Table S4,H84,057a0aaa603cfa4d9683a2eac75e747cb14bd1294e541feb82483fe6bc160e45
Z2023_S4_R85,E. coactum,Epimedium coactum,SOURCE_NAME_NOT_ACCEPTED_TAXON_AUDIT,"Huitong, Hunan",C. Zhang Zhang205,BNU,INNER_SEPAL,SepalC,0,UNRESOLVED_CODEBOOK,10.3389/fpls.2023.1234148,Table S4,G85,057a0aaa603cfa4d9683a2eac75e747cb14bd1294e541feb82483fe6bc160e45
Z2023_S4_R85,E. coactum,Epimedium coactum,SOURCE_NAME_NOT_ACCEPTED_TAXON_AUDIT,"Huitong, Hunan",C. Zhang Zhang205,BNU,PETAL_SPUR,SpurC,1,UNRESOLVED_CODEBOOK,10.3389/fpls.2023.1234148,Table S4,H85,057a0aaa603cfa4d9683a2eac75e747cb14bd1294e541feb82483fe6bc160e45
Z2023_S4_R86,E. coactum,Epimedium coactum,SOURCE_NAME_NOT_ACCEPTED_TAXON_AUDIT,"Huitong, Hunan",C. Zhang Zhang205,BNU,INNER_SEPAL,SepalC,0,UNRESOLVED_CODEBOOK,10.3389/fpls.2023.1234148,Table S4,G86,057a0aaa603cfa4d9683a2eac75e747cb14bd1294e541feb82483fe6bc160e45
Z2023_S4_R86,E. coactum,Epimedium coactum,SOURCE_NAME_NOT_ACCEPTED_TAXON_AUDIT,"Huitong, Hunan",C. Zhang Zhang205,BNU,PETAL_SPUR,SpurC,1,UNRESOLVED_CODEBOOK,10.3389/fpls.2023.1234148,Table S4,H86,057a0aaa603cfa4d9683a2eac75e747cb14bd1294e541feb82483fe6bc160e45
Z2023_S4_R87,E. coactum,Epimedium coactum,SOURCE_NAME_NOT_ACCEPTED_TAXON_AUDIT,"Huitong, Hunan",C. Zhang Zhang205,BNU,INNER_SEPAL,SepalC,0,UNRESOLVED_CODEBOOK,10.3389/fpls.2023.1234148,Table S4,G87,057a0aaa603cfa4d9683a2eac75e747cb14bd1294e541feb82483fe6bc160e45
Z2023_S4_R87,E. coactum,Epimedium coactum,SOURCE_NAME_NOT_ACCEPTED_TAXON_AUDIT,"Huitong, Hunan",C. Zhang Zhang205,BNU,PETAL_SPUR,SpurC,1,UNRESOLVED_CODEBOOK,10.3389/fpls.2023.1234148,Table S4,H87,057a0aaa603cfa4d9683a2eac75e747cb14bd1294e541feb82483fe6bc160e45
Z2023_S4_R88,E. coactum,Epimedium coactum,SOURCE_NAME_NOT_ACCEPTED_TAXON_AUDIT,"Huitong, Hunan",C. Zhang Zhang205,BNU,INNER_SEPAL,SepalC,0,UNRESOLVED_CODEBOOK,10.3389/fpls.2023.1234148,Table S4,G88,057a0aaa603cfa4d9683a2eac75e747cb14bd1294e541feb82483fe6bc160e45
Z2023_S4_R88,E. coactum,Epimedium coactum,SOURCE_NAME_NOT_ACCEPTED_TAXON_AUDIT,"Huitong, Hunan",C. Zhang Zhang205,BNU,PETAL_SPUR,SpurC,1,UNRESOLVED_CODEBOOK,10.3389/fpls.2023.1234148,Table S4,H88,057a0aaa603cfa4d9683a2eac75e747cb14bd1294e541feb82483fe6bc160e45
Z2023_S4_R89,E. coactum,Epimedium coactum,SOURCE_NAME_NOT_ACCEPTED_TAXON_AUDIT,"Huitong, Hunan",C. Zhang Zhang205,BNU,INNER_SEPAL,SepalC,0,UNRESOLVED_CODEBOOK,10.3389/fpls.2023.1234148,Table S4,G89,057a0aaa603cfa4d9683a2eac75e747cb14bd1294e541feb82483fe6bc160e45
Z2023_S4_R89,E. coactum,Epimedium coactum,SOURCE_NAME_NOT_ACCEPTED_TAXON_AUDIT,"Huitong, Hunan",C. Zhang Zhang205,BNU,PETAL_SPUR,SpurC,1,UNRESOLVED_CODEBOOK,10.3389/fpls.2023.1234148,Table S4,H89,057a0aaa603cfa4d9683a2eac75e747cb14bd1294e541feb82483fe6bc160e45
Z2023_S4_R90,E. coactum,Epimedium coactum,SOURCE_NAME_NOT_ACCEPTED_TAXON_AUDIT,"Huitong, Hunan",C. Zhang Zhang205,BNU,INNER_SEPAL,SepalC,0,UNRESOLVED_CODEBOOK,10.3389/fpls.2023.1234148,Table S4,G90,057a0aaa603cfa4d9683a2eac75e747cb14bd1294e541feb82483fe6bc160e45
Z2023_S4_R90,E. coactum,Epimedium coactum,SOURCE_NAME_NOT_ACCEPTED_TAXON_AUDIT,"Huitong, Hunan",C. Zhang Zhang205,BNU,PETAL_SPUR,SpurC,1,UNRESOLVED_CODEBOOK,10.3389/fpls.2023.1234148,Table S4,H90,057a0aaa603cfa4d9683a2eac75e747cb14bd1294e541feb82483fe6bc160e45
Z2023_S4_R91,E. coactum,Epimedium coactum,SOURCE_NAME_NOT_ACCEPTED_TAXON_AUDIT,"Huitong, Hunan",C. Zhang Zhang205,BNU,INNER_SEPAL,SepalC,0,UNRESOLVED_CODEBOOK,10.3389/fpls.2023.1234148,Table S4,G91,057a0aaa603cfa4d9683a2eac75e747cb14bd1294e541feb82483fe6bc160e45
Z2023_S4_R91,E. coactum,Epimedium coactum,SOURCE_NAME_NOT_ACCEPTED_TAXON_AUDIT,"Huitong, Hunan",C. Zhang Zhang205,BNU,PETAL_SPUR,SpurC,1,UNRESOLVED_CODEBOOK,10.3389/fpls.2023.1234148,Table S4,H91,057a0aaa603cfa4d9683a2eac75e747cb14bd1294e541feb82483fe6bc160e45
Z2023_S4_R92,E. coactum,Epimedium coactum,SOURCE_NAME_NOT_ACCEPTED_TAXON_AUDIT,"Huitong, Hunan",C. Zhang Zhang205,BNU,INNER_SEPAL,SepalC,0,UNRESOLVED_CODEBOOK,10.3389/fpls.2023.1234148,Table S4,G92,057a0aaa603cfa4d9683a2eac75e747cb14bd1294e541feb82483fe6bc160e45
Z2023_S4_R92,E. coactum,Epimedium coactum,SOURCE_NAME_NOT_ACCEPTED_TAXON_AUDIT,"Huitong, Hunan",C. Zhang Zhang205,BNU,PETAL_SPUR,SpurC,1,UNRESOLVED_CODEBOOK,10.3389/fpls.2023.1234148,Table S4,H92,057a0aaa603cfa4d9683a2eac75e747cb14bd1294e541feb82483fe6bc160e45
Z2023_S4_R93,E. coactum,Epimedium coactum,SOURCE_NAME_NOT_ACCEPTED_TAXON_AUDIT,"Huitong, Hunan",C. Zhang Zhang205,BNU,INNER_SEPAL,SepalC,0,UNRESOLVED_CODEBOOK,10.3389/fpls.2023.1234148,Table S4,G93,057a0aaa603cfa4d9683a2eac75e747cb14bd1294e541feb82483fe6bc160e45
Z2023_S4_R93,E. coactum,Epimedium coactum,SOURCE_NAME_NOT_ACCEPTED_TAXON_AUDIT,"Huitong, Hunan",C. Zhang Zhang205,BNU,PETAL_SPUR,SpurC,1,UNRESOLVED_CODEBOOK,10.3389/fpls.2023.1234148,Table S4,H93,057a0aaa603cfa4d9683a2eac75e747cb14bd1294e541feb82483fe6bc160e45
Z2023_S4_R94,E. coactum,Epimedium coactum,SOURCE_NAME_NOT_ACCEPTED_TAXON_AUDIT,"Huitong, Hunan",C. Zhang Zhang205,BNU,INNER_SEPAL,SepalC,0,UNRESOLVED_CODEBOOK,10.3389/fpls.2023.1234148,Table S4,G94,057a0aaa603cfa4d9683a2eac75e747cb14bd1294e541feb82483fe6bc160e45
Z2023_S4_R94,E. coactum,Epimedium coactum,SOURCE_NAME_NOT_ACCEPTED_TAXON_AUDIT,"Huitong, Hunan",C. Zhang Zhang205,BNU,PETAL_SPUR,SpurC,1,UNRESOLVED_CODEBOOK,10.3389/fpls.2023.1234148,Table S4,H94,057a0aaa603cfa4d9683a2eac75e747cb14bd1294e541feb82483fe6bc160e45
Z2023_S4_R95,E. coactum,Epimedium coactum,SOURCE_NAME_NOT_ACCEPTED_TAXON_AUDIT,"Huitong, Hunan",C. Zhang Zhang205,BNU,INNER_SEPAL,SepalC,0,UNRESOLVED_CODEBOOK,10.3389/fpls.2023.1234148,Table S4,G95,057a0aaa603cfa4d9683a2eac75e747cb14bd1294e541feb82483fe6bc160e45
Z2023_S4_R95,E. coactum,Epimedium coactum,SOURCE_NAME_NOT_ACCEPTED_TAXON_AUDIT,"Huitong, Hunan",C. Zhang Zhang205,BNU,PETAL_SPUR,SpurC,1,UNRESOLVED_CODEBOOK,10.3389/fpls.2023.1234148,Table S4,H95,057a0aaa603cfa4d9683a2eac75e747cb14bd1294e541feb82483fe6bc160e45
Z2023_S4_R96,E. coactum,Epimedium coactum,SOURCE_NAME_NOT_ACCEPTED_TAXON_AUDIT,"Huitong, Hunan",C. Zhang Zhang205,BNU,INNER_SEPAL,SepalC,0,UNRESOLVED_CODEBOOK,10.3389/fpls.2023.1234148,Table S4,G96,057a0aaa603cfa4d9683a2eac75e747cb14bd1294e541feb82483fe6bc160e45
Z2023_S4_R96,E. coactum,Epimedium coactum,SOURCE_NAME_NOT_ACCEPTED_TAXON_AUDIT,"Huitong, Hunan",C. Zhang Zhang205,BNU,PETAL_SPUR,SpurC,1,UNRESOLVED_CODEBOOK,10.3389/fpls.2023.1234148,Table S4,H96,057a0aaa603cfa4d9683a2eac75e747cb14bd1294e541feb82483fe6bc160e45
Z2023_S4_R97,E. coactum,Epimedium coactum,SOURCE_NAME_NOT_ACCEPTED_TAXON_AUDIT,"Huitong, Hunan",C. Zhang Zhang205,BNU,INNER_SEPAL,SepalC,0,UNRESOLVED_CODEBOOK,10.3389/fpls.2023.1234148,Table S4,G97,057a0aaa603cfa4d9683a2eac75e747cb14bd1294e541feb82483fe6bc160e45
Z2023_S4_R97,E. coactum,Epimedium coactum,SOURCE_NAME_NOT_ACCEPTED_TAXON_AUDIT,"Huitong, Hunan",C. Zhang Zhang205,BNU,PETAL_SPUR,SpurC,1,UNRESOLVED_CODEBOOK,10.3389/fpls.2023.1234148,Table S4,H97,057a0aaa603cfa4d9683a2eac75e747cb14bd1294e541feb82483fe6bc160e45
Z2023_S4_R98,E. coactum,Epimedium coactum,SOURCE_NAME_NOT_ACCEPTED_TAXON_AUDIT,"Huitong, Hunan",C. Zhang Zhang205,BNU,INNER_SEPAL,SepalC,0,UNRESOLVED_CODEBOOK,10.3389/fpls.2023.1234148,Table S4,G98,057a0aaa603cfa4d9683a2eac75e747cb14bd1294e541feb82483fe6bc160e45
Z2023_S4_R98,E. coactum,Epimedium coactum,SOURCE_NAME_NOT_ACCEPTED_TAXON_AUDIT,"Huitong, Hunan",C. Zhang Zhang205,BNU,PETAL_SPUR,SpurC,1,UNRESOLVED_CODEBOOK,10.3389/fpls.2023.1234148,Table S4,H98,057a0aaa603cfa4d9683a2eac75e747cb14bd1294e541feb82483fe6bc160e45
Z2023_S4_R99,E. daiguii,Epimedium daiguii,SOURCE_NAME_NOT_ACCEPTED_TAXON_AUDIT,"Longshan, Hunan",C. Zhang Zhang214,BNU,INNER_SEPAL,SepalC,2,UNRESOLVED_CODEBOOK,10.3389/fpls.2023.1234148,Table S4,G99,057a0aaa603cfa4d9683a2eac75e747cb14bd1294e541feb82483fe6bc160e45
Z2023_S4_R99,E. daiguii,Epimedium daiguii,SOURCE_NAME_NOT_ACCEPTED_TAXON_AUDIT,"Longshan, Hunan",C. Zhang Zhang214,BNU,PETAL_SPUR,SpurC,4,UNRESOLVED_CODEBOOK,10.3389/fpls.2023.1234148,Table S4,H99,057a0aaa603cfa4d9683a2eac75e747cb14bd1294e541feb82483fe6bc160e45
Z2023_S4_R100,E. daiguii,Epimedium daiguii,SOURCE_NAME_NOT_ACCEPTED_TAXON_AUDIT,"Longshan, Hunan",C. Zhang Zhang214,BNU,INNER_SEPAL,SepalC,2,UNRESOLVED_CODEBOOK,10.3389/fpls.2023.1234148,Table S4,G100,057a0aaa603cfa4d9683a2eac75e747cb14bd1294e541feb82483fe6bc160e45
Z2023_S4_R100,E. daiguii,Epimedium daiguii,SOURCE_NAME_NOT_ACCEPTED_TAXON_AUDIT,"Longshan, Hunan",C. Zhang Zhang214,BNU,PETAL_SPUR,SpurC,4,UNRESOLVED_CODEBOOK,10.3389/fpls.2023.1234148,Table S4,H100,057a0aaa603cfa4d9683a2eac75e747cb14bd1294e541feb82483fe6bc160e45
Z2023_S4_R101,E. daiguii,Epimedium daiguii,SOURCE_NAME_NOT_ACCEPTED_TAXON_AUDIT,"Longshan, Hunan",C. Zhang Zhang214,BNU,INNER_SEPAL,SepalC,2,UNRESOLVED_CODEBOOK,10.3389/fpls.2023.1234148,Table S4,G101,057a0aaa603cfa4d9683a2eac75e747cb14bd1294e541feb82483fe6bc160e45
Z2023_S4_R101,E. daiguii,Epimedium daiguii,SOURCE_NAME_NOT_ACCEPTED_TAXON_AUDIT,"Longshan, Hunan",C. Zhang Zhang214,BNU,PETAL_SPUR,SpurC,4,UNRESOLVED_CODEBOOK,10.3389/fpls.2023.1234148,Table S4,H101,057a0aaa603cfa4d9683a2eac75e747cb14bd1294e541feb82483fe6bc160e45
Z2023_S4_R102,E. daiguii,Epimedium daiguii,SOURCE_NAME_NOT_ACCEPTED_TAXON_AUDIT,"Longshan, Hunan",C. Zhang Zhang214,BNU,INNER_SEPAL,SepalC,2,UNRESOLVED_CODEBOOK,10.3389/fpls.2023.1234148,Table S4,G102,057a0aaa603cfa4d9683a2eac75e747cb14bd1294e541feb82483fe6bc160e45
Z2023_S4_R102,E. daiguii,Epimedium daiguii,SOURCE_NAME_NOT_ACCEPTED_TAXON_AUDIT,"Longshan, Hunan",C. Zhang Zhang214,BNU,PETAL_SPUR,SpurC,4,UNRESOLVED_CODEBOOK,10.3389/fpls.2023.1234148,Table S4,H102,057a0aaa603cfa4d9683a2eac75e747cb14bd1294e541feb82483fe6bc160e45
Z2023_S4_R103,E. daiguii,Epimedium daiguii,SOURCE_NAME_NOT_ACCEPTED_TAXON_AUDIT,"Longshan, Hunan",C. Zhang Zhang214,BNU,INNER_SEPAL,SepalC,2,UNRESOLVED_CODEBOOK,10.3389/fpls.2023.1234148,Table S4,G103,057a0aaa603cfa4d9683a2eac75e747cb14bd1294e541feb82483fe6bc160e45
Z2023_S4_R103,E. daiguii,Epimedium daiguii,SOURCE_NAME_NOT_ACCEPTED_TAXON_AUDIT,"Longshan, Hunan",C. Zhang Zhang214,BNU,PETAL_SPUR,SpurC,4,UNRESOLVED_CODEBOOK,10.3389/fpls.2023.1234148,Table S4,H103,057a0aaa603cfa4d9683a2eac75e747cb14bd1294e541feb82483fe6bc160e45
Z2023_S4_R104,E. daiguii,Epimedium daiguii,SOURCE_NAME_NOT_ACCEPTED_TAXON_AUDIT,"Longshan, Hunan",C. Zhang Zhang214,BNU,INNER_SEPAL,SepalC,2,UNRESOLVED_CODEBOOK,10.3389/fpls.2023.1234148,Table S4,G104,057a0aaa603cfa4d9683a2eac75e747cb14bd1294e541feb82483fe6bc160e45
Z2023_S4_R104,E. daiguii,Epimedium daiguii,SOURCE_NAME_NOT_ACCEPTED_TAXON_AUDIT,"Longshan, Hunan",C. Zhang Zhang214,BNU,PETAL_SPUR,SpurC,4,UNRESOLVED_CODEBOOK,10.3389/fpls.2023.1234148,Table S4,H104,057a0aaa603cfa4d9683a2eac75e747cb14bd1294e541feb82483fe6bc160e45
Z2023_S4_R105,E. daiguii,Epimedium daiguii,SOURCE_NAME_NOT_ACCEPTED_TAXON_AUDIT,"Longshan, Hunan",C. Zhang Zhang214,BNU,INNER_SEPAL,SepalC,2,UNRESOLVED_CODEBOOK,10.3389/fpls.2023.1234148,Table S4,G105,057a0aaa603cfa4d9683a2eac75e747cb14bd1294e541feb82483fe6bc160e45
Z2023_S4_R105,E. daiguii,Epimedium daiguii,SOURCE_NAME_NOT_ACCEPTED_TAXON_AUDIT,"Longshan, Hunan",C. Zhang Zhang214,BNU,PETAL_SPUR,SpurC,4,UNRESOLVED_CODEBOOK,10.3389/fpls.2023.1234148,Table S4,H105,057a0aaa603cfa4d9683a2eac75e747cb14bd1294e541feb82483fe6bc160e45
Z2023_S4_R106,E. daiguii,Epimedium daiguii,SOURCE_NAME_NOT_ACCEPTED_TAXON_AUDIT,"Longshan, Hunan",C. Zhang Zhang214,BNU,INNER_SEPAL,SepalC,2,UNRESOLVED_CODEBOOK,10.3389/fpls.2023.1234148,Table S4,G106,057a0aaa603cfa4d9683a2eac75e747cb14bd1294e541feb82483fe6bc160e45
Z2023_S4_R106,E. daiguii,Epimedium daiguii,SOURCE_NAME_NOT_ACCEPTED_TAXON_AUDIT,"Longshan, Hunan",C. Zhang Zhang214,BNU,PETAL_SPUR,SpurC,4,UNRESOLVED_CODEBOOK,10.3389/fpls.2023.1234148,Table S4,H106,057a0aaa603cfa4d9683a2eac75e747cb14bd1294e541feb82483fe6bc160e45
Z2023_S4_R107,E. daiguii,Epimedium daiguii,SOURCE_NAME_NOT_ACCEPTED_TAXON_AUDIT,"Longshan, Hunan",C. Zhang Zhang214,BNU,INNER_SEPAL,SepalC,2,UNRESOLVED_CODEBOOK,10.3389/fpls.2023.1234148,Table S4,G107,057a0aaa603cfa4d9683a2eac75e747cb14bd1294e541feb82483fe6bc160e45
Z2023_S4_R107,E. daiguii,Epimedium daiguii,SOURCE_NAME_NOT_ACCEPTED_TAXON_AUDIT,"Longshan, Hunan",C. Zhang Zhang214,BNU,PETAL_SPUR,SpurC,4,UNRESOLVED_CODEBOOK,10.3389/fpls.2023.1234148,Table S4,H107,057a0aaa603cfa4d9683a2eac75e747cb14bd1294e541feb82483fe6bc160e45
Z2023_S4_R108,E. daiguii,Epimedium daiguii,SOURCE_NAME_NOT_ACCEPTED_TAXON_AUDIT,"Longshan, Hunan",C. Zhang Zhang214,BNU,INNER_SEPAL,SepalC,2,UNRESOLVED_CODEBOOK,10.3389/fpls.2023.1234148,Table S4,G108,057a0aaa603cfa4d9683a2eac75e747cb14bd1294e541feb82483fe6bc160e45
Z2023_S4_R108,E. daiguii,Epimedium daiguii,SOURCE_NAME_NOT_ACCEPTED_TAXON_AUDIT,"Longshan, Hunan",C. Zhang Zhang214,BNU,PETAL_SPUR,SpurC,4,UNRESOLVED_CODEBOOK,10.3389/fpls.2023.1234148,Table S4,H108,057a0aaa603cfa4d9683a2eac75e747cb14bd1294e541feb82483fe6bc160e45
Z2023_S4_R109,E. daiguii,Epimedium daiguii,SOURCE_NAME_NOT_ACCEPTED_TAXON_AUDIT,"Longshan, Hunan",C. Zhang Zhang214,BNU,INNER_SEPAL,SepalC,2,UNRESOLVED_CODEBOOK,10.3389/fpls.2023.1234148,Table S4,G109,057a0aaa603cfa4d9683a2eac75e747cb14bd1294e541feb82483fe6bc160e45
Z2023_S4_R109,E. daiguii,Epimedium daiguii,SOURCE_NAME_NOT_ACCEPTED_TAXON_AUDIT,"Longshan, Hunan",C. Zhang Zhang214,BNU,PETAL_SPUR,SpurC,4,UNRESOLVED_CODEBOOK,10.3389/fpls.2023.1234148,Table S4,H109,057a0aaa603cfa4d9683a2eac75e747cb14bd1294e541feb82483fe6bc160e45
Z2023_S4_R110,E. davidii,Epimedium davidii,SOURCE_NAME_NOT_ACCEPTED_TAXON_AUDIT,"Baoxing, Sichuan",C. Zhang Zhang282,BNU,INNER_SEPAL,SepalC,2,UNRESOLVED_CODEBOOK,10.3389/fpls.2023.1234148,Table S4,G110,057a0aaa603cfa4d9683a2eac75e747cb14bd1294e541feb82483fe6bc160e45
Z2023_S4_R110,E. davidii,Epimedium davidii,SOURCE_NAME_NOT_ACCEPTED_TAXON_AUDIT,"Baoxing, Sichuan",C. Zhang Zhang282,BNU,PETAL_SPUR,SpurC,1,UNRESOLVED_CODEBOOK,10.3389/fpls.2023.1234148,Table S4,H110,057a0aaa603cfa4d9683a2eac75e747cb14bd1294e541feb82483fe6bc160e45
Z2023_S4_R111,E. davidii,Epimedium davidii,SOURCE_NAME_NOT_ACCEPTED_TAXON_AUDIT,"Baoxing, Sichuan",C. Zhang Zhang282,BNU,INNER_SEPAL,SepalC,2,UNRESOLVED_CODEBOOK,10.3389/fpls.2023.1234148,Table S4,G111,057a0aaa603cfa4d9683a2eac75e747cb14bd1294e541feb82483fe6bc160e45
Z2023_S4_R111,E. davidii,Epimedium davidii,SOURCE_NAME_NOT_ACCEPTED_TAXON_AUDIT,"Baoxing, Sichuan",C. Zhang Zhang282,BNU,PETAL_SPUR,SpurC,1,UNRESOLVED_CODEBOOK,10.3389/fpls.2023.1234148,Table S4,H111,057a0aaa603cfa4d9683a2eac75e747cb14bd1294e541feb82483fe6bc160e45
Z2023_S4_R112,E. davidii,Epimedium davidii,SOURCE_NAME_NOT_ACCEPTED_TAXON_AUDIT,"Baoxing, Sichuan",C. Zhang Zhang282,BNU,INNER_SEPAL,SepalC,2,UNRESOLVED_CODEBOOK,10.3389/fpls.2023.1234148,Table S4,G112,057a0aaa603cfa4d9683a2eac75e747cb14bd1294e541feb82483fe6bc160e45
Z2023_S4_R112,E. davidii,Epimedium davidii,SOURCE_NAME_NOT_ACCEPTED_TAXON_AUDIT,"Baoxing, Sichuan",C. Zhang Zhang282,BNU,PETAL_SPUR,SpurC,1,UNRESOLVED_CODEBOOK,10.3389/fpls.2023.1234148,Table S4,H112,057a0aaa603cfa4d9683a2eac75e747cb14bd1294e541feb82483fe6bc160e45
Z2023_S4_R113,E. davidii,Epimedium davidii,SOURCE_NAME_NOT_ACCEPTED_TAXON_AUDIT,"Baoxing, Sichuan",C. Zhang Zhang282,BNU,INNER_SEPAL,SepalC,2,UNRESOLVED_CODEBOOK,10.3389/fpls.2023.1234148,Table S4,G113,057a0aaa603cfa4d9683a2eac75e747cb14bd1294e541feb82483fe6bc160e45
Z2023_S4_R113,E. davidii,Epimedium davidii,SOURCE_NAME_NOT_ACCEPTED_TAXON_AUDIT,"Baoxing, Sichuan",C. Zhang Zhang282,BNU,PETAL_SPUR,SpurC,1,UNRESOLVED_CODEBOOK,10.3389/fpls.2023.1234148,Table S4,H113,057a0aaa603cfa4d9683a2eac75e747cb14bd1294e541feb82483fe6bc160e45
Z2023_S4_R114,E. davidii,Epimedium davidii,SOURCE_NAME_NOT_ACCEPTED_TAXON_AUDIT,"Baoxing, Sichuan",C. Zhang Zhang282,BNU,INNER_SEPAL,SepalC,2,UNRESOLVED_CODEBOOK,10.3389/fpls.2023.1234148,Table S4,G114,057a0aaa603cfa4d9683a2eac75e747cb14bd1294e541feb82483fe6bc160e45
Z2023_S4_R114,E. davidii,Epimedium davidii,SOURCE_NAME_NOT_ACCEPTED_TAXON_AUDIT,"Baoxing, Sichuan",C. Zhang Zhang282,BNU,PETAL_SPUR,SpurC,1,UNRESOLVED_CODEBOOK,10.3389/fpls.2023.1234148,Table S4,H114,057a0aaa603cfa4d9683a2eac75e747cb14bd1294e541feb82483fe6bc160e45
Z2023_S4_R115,E. davidii,Epimedium davidii,SOURCE_NAME_NOT_ACCEPTED_TAXON_AUDIT,"Baoxing, Sichuan",C. Zhang Zhang282,BNU,INNER_SEPAL,SepalC,2,UNRESOLVED_CODEBOOK,10.3389/fpls.2023.1234148,Table S4,G115,057a0aaa603cfa4d9683a2eac75e747cb14bd1294e541feb82483fe6bc160e45
Z2023_S4_R115,E. davidii,Epimedium davidii,SOURCE_NAME_NOT_ACCEPTED_TAXON_AUDIT,"Baoxing, Sichuan",C. Zhang Zhang282,BNU,PETAL_SPUR,SpurC,1,UNRESOLVED_CODEBOOK,10.3389/fpls.2023.1234148,Table S4,H115,057a0aaa603cfa4d9683a2eac75e747cb14bd1294e541feb82483fe6bc160e45
Z2023_S4_R116,E. davidii,Epimedium davidii,SOURCE_NAME_NOT_ACCEPTED_TAXON_AUDIT,"Baoxing, Sichuan",C. Zhang Zhang282,BNU,INNER_SEPAL,SepalC,2,UNRESOLVED_CODEBOOK,10.3389/fpls.2023.1234148,Table S4,G116,057a0aaa603cfa4d9683a2eac75e747cb14bd1294e541feb82483fe6bc160e45
Z2023_S4_R116,E. davidii,Epimedium davidii,SOURCE_NAME_NOT_ACCEPTED_TAXON_AUDIT,"Baoxing, Sichuan",C. Zhang Zhang282,BNU,PETAL_SPUR,SpurC,1,UNRESOLVED_CODEBOOK,10.3389/fpls.2023.1234148,Table S4,H116,057a0aaa603cfa4d9683a2eac75e747cb14bd1294e541feb82483fe6bc160e45
Z2023_S4_R117,E. davidii,Epimedium davidii,SOURCE_NAME_NOT_ACCEPTED_TAXON_AUDIT,"Baoxing, Sichuan",C. Zhang Zhang282,BNU,INNER_SEPAL,SepalC,2,UNRESOLVED_CODEBOOK,10.3389/fpls.2023.1234148,Table S4,G117,057a0aaa603cfa4d9683a2eac75e747cb14bd1294e541feb82483fe6bc160e45
Z2023_S4_R117,E. davidii,Epimedium davidii,SOURCE_NAME_NOT_ACCEPTED_TAXON_AUDIT,"Baoxing, Sichuan",C. Zhang Zhang282,BNU,PETAL_SPUR,SpurC,1,UNRESOLVED_CODEBOOK,10.3389/fpls.2023.1234148,Table S4,H117,057a0aaa603cfa4d9683a2eac75e747cb14bd1294e541feb82483fe6bc160e45
Z2023_S4_R118,E. davidii,Epimedium davidii,SOURCE_NAME_NOT_ACCEPTED_TAXON_AUDIT,"Baoxing, Sichuan",C. Zhang Zhang282,BNU,INNER_SEPAL,SepalC,2,UNRESOLVED_CODEBOOK,10.3389/fpls.2023.1234148,Table S4,G118,057a0aaa603cfa4d9683a2eac75e747cb14bd1294e541feb82483fe6bc160e45
Z2023_S4_R118,E. davidii,Epimedium davidii,SOURCE_NAME_NOT_ACCEPTED_TAXON_AUDIT,"Baoxing, Sichuan",C. Zhang Zhang282,BNU,PETAL_SPUR,SpurC,1,UNRESOLVED_CODEBOOK,10.3389/fpls.2023.1234148,Table S4,H118,057a0aaa603cfa4d9683a2eac75e747cb14bd1294e541feb82483fe6bc160e45
Z2023_S4_R119,E. davidii,Epimedium davidii,SOURCE_NAME_NOT_ACCEPTED_TAXON_AUDIT,"Baoxing, Sichuan",C. Zhang Zhang282,BNU,INNER_SEPAL,SepalC,2,UNRESOLVED_CODEBOOK,10.3389/fpls.2023.1234148,Table S4,G119,057a0aaa603cfa4d9683a2eac75e747cb14bd1294e541feb82483fe6bc160e45
Z2023_S4_R119,E. davidii,Epimedium davidii,SOURCE_NAME_NOT_ACCEPTED_TAXON_AUDIT,"Baoxing, Sichuan",C. Zhang Zhang282,BNU,PETAL_SPUR,SpurC,1,UNRESOLVED_CODEBOOK,10.3389/fpls.2023.1234148,Table S4,H119,057a0aaa603cfa4d9683a2eac75e747cb14bd1294e541feb82483fe6bc160e45
Z2023_S4_R120,E. davidii,Epimedium davidii,SOURCE_NAME_NOT_ACCEPTED_TAXON_AUDIT,"Baoxing, Sichuan",C. Zhang Zhang282,BNU,INNER_SEPAL,SepalC,2,UNRESOLVED_CODEBOOK,10.3389/fpls.2023.1234148,Table S4,G120,057a0aaa603cfa4d9683a2eac75e747cb14bd1294e541feb82483fe6bc160e45
Z2023_S4_R120,E. davidii,Epimedium davidii,SOURCE_NAME_NOT_ACCEPTED_TAXON_AUDIT,"Baoxing, Sichuan",C. Zhang Zhang282,BNU,PETAL_SPUR,SpurC,1,UNRESOLVED_CODEBOOK,10.3389/fpls.2023.1234148,Table S4,H120,057a0aaa603cfa4d9683a2eac75e747cb14bd1294e541feb82483fe6bc160e45
Z2023_S4_R121,E. davidii,Epimedium davidii,SOURCE_NAME_NOT_ACCEPTED_TAXON_AUDIT,"Baoxing, Sichuan",C. Zhang Zhang282,BNU,INNER_SEPAL,SepalC,2,UNRESOLVED_CODEBOOK,10.3389/fpls.2023.1234148,Table S4,G121,057a0aaa603cfa4d9683a2eac75e747cb14bd1294e541feb82483fe6bc160e45
Z2023_S4_R121,E. davidii,Epimedium davidii,SOURCE_NAME_NOT_ACCEPTED_TAXON_AUDIT,"Baoxing, Sichuan",C. Zhang Zhang282,BNU,PETAL_SPUR,SpurC,1,UNRESOLVED_CODEBOOK,10.3389/fpls.2023.1234148,Table S4,H121,057a0aaa603cfa4d9683a2eac75e747cb14bd1294e541feb82483fe6bc160e45
Z2023_S4_R122,E. davidii,Epimedium davidii,SOURCE_NAME_NOT_ACCEPTED_TAXON_AUDIT,"Baoxing, Sichuan",C. Zhang Zhang282,BNU,INNER_SEPAL,SepalC,2,UNRESOLVED_CODEBOOK,10.3389/fpls.2023.1234148,Table S4,G122,057a0aaa603cfa4d9683a2eac75e747cb14bd1294e541feb82483fe6bc160e45
Z2023_S4_R122,E. davidii,Epimedium davidii,SOURCE_NAME_NOT_ACCEPTED_TAXON_AUDIT,"Baoxing, Sichuan",C. Zhang Zhang282,BNU,PETAL_SPUR,SpurC,1,UNRESOLVED_CODEBOOK,10.3389/fpls.2023.1234148,Table S4,H122,057a0aaa603cfa4d9683a2eac75e747cb14bd1294e541feb82483fe6bc160e45
Z2023_S4_R123,E. davidii,Epimedium davidii,SOURCE_NAME_NOT_ACCEPTED_TAXON_AUDIT,"Baoxing, Sichuan",C. Zhang Zhang282,BNU,INNER_SEPAL,SepalC,2,UNRESOLVED_CODEBOOK,10.3389/fpls.2023.1234148,Table S4,G123,057a0aaa603cfa4d9683a2eac75e747cb14bd1294e541feb82483fe6bc160e45
Z2023_S4_R123,E. davidii,Epimedium davidii,SOURCE_NAME_NOT_ACCEPTED_TAXON_AUDIT,"Baoxing, Sichuan",C. Zhang Zhang282,BNU,PETAL_SPUR,SpurC,1,UNRESOLVED_CODEBOOK,10.3389/fpls.2023.1234148,Table S4,H123,057a0aaa603cfa4d9683a2eac75e747cb14bd1294e541feb82483fe6bc160e45
Z2023_S4_R124,E. davidii,Epimedium davidii,SOURCE_NAME_NOT_ACCEPTED_TAXON_AUDIT,"Baoxing, Sichuan",C. Zhang Zhang282,BNU,INNER_SEPAL,SepalC,2,UNRESOLVED_CODEBOOK,10.3389/fpls.2023.1234148,Table S4,G124,057a0aaa603cfa4d9683a2eac75e747cb14bd1294e541feb82483fe6bc160e45
Z2023_S4_R124,E. davidii,Epimedium davidii,SOURCE_NAME_NOT_ACCEPTED_TAXON_AUDIT,"Baoxing, Sichuan",C. Zhang Zhang282,BNU,PETAL_SPUR,SpurC,1,UNRESOLVED_CODEBOOK,10.3389/fpls.2023.1234148,Table S4,H124,057a0aaa603cfa4d9683a2eac75e747cb14bd1294e541feb82483fe6bc160e45
Z2023_S4_R125,E. davidii,Epimedium davidii,SOURCE_NAME_NOT_ACCEPTED_TAXON_AUDIT,"Baoxing, Sichuan",C. Zhang Zhang282,BNU,INNER_SEPAL,SepalC,2,UNRESOLVED_CODEBOOK,10.3389/fpls.2023.1234148,Table S4,G125,057a0aaa603cfa4d9683a2eac75e747cb14bd1294e541feb82483fe6bc160e45
Z2023_S4_R125,E. davidii,Epimedium davidii,SOURCE_NAME_NOT_ACCEPTED_TAXON_AUDIT,"Baoxing, Sichuan",C. Zhang Zhang282,BNU,PETAL_SPUR,SpurC,1,UNRESOLVED_CODEBOOK,10.3389/fpls.2023.1234148,Table S4,H125,057a0aaa603cfa4d9683a2eac75e747cb14bd1294e541feb82483fe6bc160e45
Z2023_S4_R126,E. davidii,Epimedium davidii,SOURCE_NAME_NOT_ACCEPTED_TAXON_AUDIT,"Baoxing, Sichuan",C. Zhang Zhang282,BNU,INNER_SEPAL,SepalC,2,UNRESOLVED_CODEBOOK,10.3389/fpls.2023.1234148,Table S4,G126,057a0aaa603cfa4d9683a2eac75e747cb14bd1294e541feb82483fe6bc160e45
Z2023_S4_R126,E. davidii,Epimedium davidii,SOURCE_NAME_NOT_ACCEPTED_TAXON_AUDIT,"Baoxing, Sichuan",C. Zhang Zhang282,BNU,PETAL_SPUR,SpurC,1,UNRESOLVED_CODEBOOK,10.3389/fpls.2023.1234148,Table S4,H126,057a0aaa603cfa4d9683a2eac75e747cb14bd1294e541feb82483fe6bc160e45
Z2023_S4_R127,E. davidii,Epimedium davidii,SOURCE_NAME_NOT_ACCEPTED_TAXON_AUDIT,"Baoxing, Sichuan",C. Zhang Zhang282,BNU,INNER_SEPAL,SepalC,2,UNRESOLVED_CODEBOOK,10.3389/fpls.2023.1234148,Table S4,G127,057a0aaa603cfa4d9683a2eac75e747cb14bd1294e541feb82483fe6bc160e45
Z2023_S4_R127,E. davidii,Epimedium davidii,SOURCE_NAME_NOT_ACCEPTED_TAXON_AUDIT,"Baoxing, Sichuan",C. Zhang Zhang282,BNU,PETAL_SPUR,SpurC,1,UNRESOLVED_CODEBOOK,10.3389/fpls.2023.1234148,Table S4,H127,057a0aaa603cfa4d9683a2eac75e747cb14bd1294e541feb82483fe6bc160e45
Z2023_S4_R128,E. davidii,Epimedium davidii,SOURCE_NAME_NOT_ACCEPTED_TAXON_AUDIT,"Baoxing, Sichuan",C. Zhang Zhang282,BNU,INNER_SEPAL,SepalC,2,UNRESOLVED_CODEBOOK,10.3389/fpls.2023.1234148,Table S4,G128,057a0aaa603cfa4d9683a2eac75e747cb14bd1294e541feb82483fe6bc160e45
Z2023_S4_R128,E. davidii,Epimedium davidii,SOURCE_NAME_NOT_ACCEPTED_TAXON_AUDIT,"Baoxing, Sichuan",C. Zhang Zhang282,BNU,PETAL_SPUR,SpurC,1,UNRESOLVED_CODEBOOK,10.3389/fpls.2023.1234148,Table S4,H128,057a0aaa603cfa4d9683a2eac75e747cb14bd1294e541feb82483fe6bc160e45
Z2023_S4_R129,E. davidii,Epimedium davidii,SOURCE_NAME_NOT_ACCEPTED_TAXON_AUDIT,"Baoxing, Sichuan",C. Zhang Zhang282,BNU,INNER_SEPAL,SepalC,2,UNRESOLVED_CODEBOOK,10.3389/fpls.2023.1234148,Table S4,G129,057a0aaa603cfa4d9683a2eac75e747cb14bd1294e541feb82483fe6bc160e45
Z2023_S4_R129,E. davidii,Epimedium davidii,SOURCE_NAME_NOT_ACCEPTED_TAXON_AUDIT,"Baoxing, Sichuan",C. Zhang Zhang282,BNU,PETAL_SPUR,SpurC,1,UNRESOLVED_CODEBOOK,10.3389/fpls.2023.1234148,Table S4,H129,057a0aaa603cfa4d9683a2eac75e747cb14bd1294e541feb82483fe6bc160e45
Z2023_S4_R130,E. davidii,Epimedium davidii,SOURCE_NAME_NOT_ACCEPTED_TAXON_AUDIT,"Baoxing, Sichuan",C. Zhang Zhang282,BNU,INNER_SEPAL,SepalC,2,UNRESOLVED_CODEBOOK,10.3389/fpls.2023.1234148,Table S4,G130,057a0aaa603cfa4d9683a2eac75e747cb14bd1294e541feb82483fe6bc160e45
Z2023_S4_R130,E. davidii,Epimedium davidii,SOURCE_NAME_NOT_ACCEPTED_TAXON_AUDIT,"Baoxing, Sichuan",C. Zhang Zhang282,BNU,PETAL_SPUR,SpurC,1,UNRESOLVED_CODEBOOK,10.3389/fpls.2023.1234148,Table S4,H130,057a0aaa603cfa4d9683a2eac75e747cb14bd1294e541feb82483fe6bc160e45
Z2023_S4_R131,E. davidii,Epimedium davidii,SOURCE_NAME_NOT_ACCEPTED_TAXON_AUDIT,"Baoxing, Sichuan",C. Zhang Zhang282,BNU,INNER_SEPAL,SepalC,2,UNRESOLVED_CODEBOOK,10.3389/fpls.2023.1234148,Table S4,G131,057a0aaa603cfa4d9683a2eac75e747cb14bd1294e541feb82483fe6bc160e45
Z2023_S4_R131,E. davidii,Epimedium davidii,SOURCE_NAME_NOT_ACCEPTED_TAXON_AUDIT,"Baoxing, Sichuan",C. Zhang Zhang282,BNU,PETAL_SPUR,SpurC,1,UNRESOLVED_CODEBOOK,10.3389/fpls.2023.1234148,Table S4,H131,057a0aaa603cfa4d9683a2eac75e747cb14bd1294e541feb82483fe6bc160e45
Z2023_S4_R132,E. davidii,Epimedium davidii,SOURCE_NAME_NOT_ACCEPTED_TAXON_AUDIT,"Baoxing, Sichuan",C. Zhang Zhang282,BNU,INNER_SEPAL,SepalC,2,UNRESOLVED_CODEBOOK,10.3389/fpls.2023.1234148,Table S4,G132,057a0aaa603cfa4d9683a2eac75e747cb14bd1294e541feb82483fe6bc160e45
Z2023_S4_R132,E. davidii,Epimedium davidii,SOURCE_NAME_NOT_ACCEPTED_TAXON_AUDIT,"Baoxing, Sichuan",C. Zhang Zhang282,BNU,PETAL_SPUR,SpurC,1,UNRESOLVED_CODEBOOK,10.3389/fpls.2023.1234148,Table S4,H132,057a0aaa603cfa4d9683a2eac75e747cb14bd1294e541feb82483fe6bc160e45
Z2023_S4_R133,E. davidii,Epimedium davidii,SOURCE_NAME_NOT_ACCEPTED_TAXON_AUDIT,"Baoxing, Sichuan",C. Zhang Zhang282,BNU,INNER_SEPAL,SepalC,2,UNRESOLVED_CODEBOOK,10.3389/fpls.2023.1234148,Table S4,G133,057a0aaa603cfa4d9683a2eac75e747cb14bd1294e541feb82483fe6bc160e45
Z2023_S4_R133,E. davidii,Epimedium davidii,SOURCE_NAME_NOT_ACCEPTED_TAXON_AUDIT,"Baoxing, Sichuan",C. Zhang Zhang282,BNU,PETAL_SPUR,SpurC,1,UNRESOLVED_CODEBOOK,10.3389/fpls.2023.1234148,Table S4,H133,057a0aaa603cfa4d9683a2eac75e747cb14bd1294e541feb82483fe6bc160e45
Z2023_S4_R134,E. davidii,Epimedium davidii,SOURCE_NAME_NOT_ACCEPTED_TAXON_AUDIT,"Baoxing, Sichuan",C. Zhang Zhang282,BNU,INNER_SEPAL,SepalC,2,UNRESOLVED_CODEBOOK,10.3389/fpls.2023.1234148,Table S4,G134,057a0aaa603cfa4d9683a2eac75e747cb14bd1294e541feb82483fe6bc160e45
Z2023_S4_R134,E. davidii,Epimedium davidii,SOURCE_NAME_NOT_ACCEPTED_TAXON_AUDIT,"Baoxing, Sichuan",C. Zhang Zhang282,BNU,PETAL_SPUR,SpurC,1,UNRESOLVED_CODEBOOK,10.3389/fpls.2023.1234148,Table S4,H134,057a0aaa603cfa4d9683a2eac75e747cb14bd1294e541feb82483fe6bc160e45
Z2023_S4_R135,E. davidii,Epimedium davidii,SOURCE_NAME_NOT_ACCEPTED_TAXON_AUDIT,"Baoxing, Sichuan",C. Zhang Zhang282,BNU,INNER_SEPAL,SepalC,2,UNRESOLVED_CODEBOOK,10.3389/fpls.2023.1234148,Table S4,G135,057a0aaa603cfa4d9683a2eac75e747cb14bd1294e541feb82483fe6bc160e45
Z2023_S4_R135,E. davidii,Epimedium davidii,SOURCE_NAME_NOT_ACCEPTED_TAXON_AUDIT,"Baoxing, Sichuan",C. Zhang Zhang282,BNU,PETAL_SPUR,SpurC,1,UNRESOLVED_CODEBOOK,10.3389/fpls.2023.1234148,Table S4,H135,057a0aaa603cfa4d9683a2eac75e747cb14bd1294e541feb82483fe6bc160e45
Z2023_S4_R136,E. davidii,Epimedium davidii,SOURCE_NAME_NOT_ACCEPTED_TAXON_AUDIT,"Baoxing, Sichuan",C. Zhang Zhang282,BNU,INNER_SEPAL,SepalC,2,UNRESOLVED_CODEBOOK,10.3389/fpls.2023.1234148,Table S4,G136,057a0aaa603cfa4d9683a2eac75e747cb14bd1294e541feb82483fe6bc160e45
Z2023_S4_R136,E. davidii,Epimedium davidii,SOURCE_NAME_NOT_ACCEPTED_TAXON_AUDIT,"Baoxing, Sichuan",C. Zhang Zhang282,BNU,PETAL_SPUR,SpurC,1,UNRESOLVED_CODEBOOK,10.3389/fpls.2023.1234148,Table S4,H136,057a0aaa603cfa4d9683a2eac75e747cb14bd1294e541feb82483fe6bc160e45
Z2023_S4_R137,E. dolichostemon,Epimedium dolichostemon,SOURCE_NAME_NOT_ACCEPTED_TAXON_AUDIT,"Yanhe, Guizhou",C. Zhang Zhang219,BNU,INNER_SEPAL,SepalC,3,UNRESOLVED_CODEBOOK,10.3389/fpls.2023.1234148,Table S4,G137,057a0aaa603cfa4d9683a2eac75e747cb14bd1294e541feb82483fe6bc160e45
Z2023_S4_R137,E. dolichostemon,Epimedium dolichostemon,SOURCE_NAME_NOT_ACCEPTED_TAXON_AUDIT,"Yanhe, Guizhou",C. Zhang Zhang219,BNU,PETAL_SPUR,SpurC,3,UNRESOLVED_CODEBOOK,10.3389/fpls.2023.1234148,Table S4,H137,057a0aaa603cfa4d9683a2eac75e747cb14bd1294e541feb82483fe6bc160e45
Z2023_S4_R138,E. dolichostemon,Epimedium dolichostemon,SOURCE_NAME_NOT_ACCEPTED_TAXON_AUDIT,"Yanhe, Guizhou",C. Zhang Zhang219,BNU,INNER_SEPAL,SepalC,3,UNRESOLVED_CODEBOOK,10.3389/fpls.2023.1234148,Table S4,G138,057a0aaa603cfa4d9683a2eac75e747cb14bd1294e541feb82483fe6bc160e45
Z2023_S4_R138,E. dolichostemon,Epimedium dolichostemon,SOURCE_NAME_NOT_ACCEPTED_TAXON_AUDIT,"Yanhe, Guizhou",C. Zhang Zhang219,BNU,PETAL_SPUR,SpurC,3,UNRESOLVED_CODEBOOK,10.3389/fpls.2023.1234148,Table S4,H138,057a0aaa603cfa4d9683a2eac75e747cb14bd1294e541feb82483fe6bc160e45
Z2023_S4_R139,E. dolichostemon,Epimedium dolichostemon,SOURCE_NAME_NOT_ACCEPTED_TAXON_AUDIT,"Yanhe, Guizhou",C. Zhang Zhang219,BNU,INNER_SEPAL,SepalC,3,UNRESOLVED_CODEBOOK,10.3389/fpls.2023.1234148,Table S4,G139,057a0aaa603cfa4d9683a2eac75e747cb14bd1294e541feb82483fe6bc160e45
Z2023_S4_R139,E. dolichostemon,Epimedium dolichostemon,SOURCE_NAME_NOT_ACCEPTED_TAXON_AUDIT,"Yanhe, Guizhou",C. Zhang Zhang219,BNU,PETAL_SPUR,SpurC,3,UNRESOLVED_CODEBOOK,10.3389/fpls.2023.1234148,Table S4,H139,057a0aaa603cfa4d9683a2eac75e747cb14bd1294e541feb82483fe6bc160e45
Z2023_S4_R140,E. dolichostemon,Epimedium dolichostemon,SOURCE_NAME_NOT_ACCEPTED_TAXON_AUDIT,"Yanhe, Guizhou",C. Zhang Zhang219,BNU,INNER_SEPAL,SepalC,3,UNRESOLVED_CODEBOOK,10.3389/fpls.2023.1234148,Table S4,G140,057a0aaa603cfa4d9683a2eac75e747cb14bd1294e541feb82483fe6bc160e45
Z2023_S4_R140,E. dolichostemon,Epimedium dolichostemon,SOURCE_NAME_NOT_ACCEPTED_TAXON_AUDIT,"Yanhe, Guizhou",C. Zhang Zhang219,BNU,PETAL_SPUR,SpurC,3,UNRESOLVED_CODEBOOK,10.3389/fpls.2023.1234148,Table S4,H140,057a0aaa603cfa4d9683a2eac75e747cb14bd1294e541feb82483fe6bc160e45
Z2023_S4_R141,E. dolichostemon,Epimedium dolichostemon,SOURCE_NAME_NOT_ACCEPTED_TAXON_AUDIT,"Yanhe, Guizhou",C. Zhang Zhang219,BNU,INNER_SEPAL,SepalC,3,UNRESOLVED_CODEBOOK,10.3389/fpls.2023.1234148,Table S4,G141,057a0aaa603cfa4d9683a2eac75e747cb14bd1294e541feb82483fe6bc160e45
Z2023_S4_R141,E. dolichostemon,Epimedium dolichostemon,SOURCE_NAME_NOT_ACCEPTED_TAXON_AUDIT,"Yanhe, Guizhou",C. Zhang Zhang219,BNU,PETAL_SPUR,SpurC,3,UNRESOLVED_CODEBOOK,10.3389/fpls.2023.1234148,Table S4,H141,057a0aaa603cfa4d9683a2eac75e747cb14bd1294e541feb82483fe6bc160e45
Z2023_S4_R142,E. dolichostemon,Epimedium dolichostemon,SOURCE_NAME_NOT_ACCEPTED_TAXON_AUDIT,"Yanhe, Guizhou",C. Zhang Zhang219,BNU,INNER_SEPAL,SepalC,3,UNRESOLVED_CODEBOOK,10.3389/fpls.2023.1234148,Table S4,G142,057a0aaa603cfa4d9683a2eac75e747cb14bd1294e541feb82483fe6bc160e45
Z2023_S4_R142,E. dolichostemon,Epimedium dolichostemon,SOURCE_NAME_NOT_ACCEPTED_TAXON_AUDIT,"Yanhe, Guizhou",C. Zhang Zhang219,BNU,PETAL_SPUR,SpurC,3,UNRESOLVED_CODEBOOK,10.3389/fpls.2023.1234148,Table S4,H142,057a0aaa603cfa4d9683a2eac75e747cb14bd1294e541feb82483fe6bc160e45
Z2023_S4_R143,E. dolichostemon,Epimedium dolichostemon,SOURCE_NAME_NOT_ACCEPTED_TAXON_AUDIT,"Yanhe, Guizhou",C. Zhang Zhang219,BNU,INNER_SEPAL,SepalC,3,UNRESOLVED_CODEBOOK,10.3389/fpls.2023.1234148,Table S4,G143,057a0aaa603cfa4d9683a2eac75e747cb14bd1294e541feb82483fe6bc160e45
Z2023_S4_R143,E. dolichostemon,Epimedium dolichostemon,SOURCE_NAME_NOT_ACCEPTED_TAXON_AUDIT,"Yanhe, Guizhou",C. Zhang Zhang219,BNU,PETAL_SPUR,SpurC,3,UNRESOLVED_CODEBOOK,10.3389/fpls.2023.1234148,Table S4,H143,057a0aaa603cfa4d9683a2eac75e747cb14bd1294e541feb82483fe6bc160e45
Z2023_S4_R144,E. ecalcaratum,Epimedium ecalcaratum,SOURCE_NAME_NOT_ACCEPTED_TAXON_AUDIT,"Baoxing, Sichuan",C. Zhang Zhang280,BNU,INNER_SEPAL,SepalC,2,UNRESOLVED_CODEBOOK,10.3389/fpls.2023.1234148,Table S4,G144,057a0aaa603cfa4d9683a2eac75e747cb14bd1294e541feb82483fe6bc160e45
Z2023_S4_R144,E. ecalcaratum,Epimedium ecalcaratum,SOURCE_NAME_NOT_ACCEPTED_TAXON_AUDIT,"Baoxing, Sichuan",C. Zhang Zhang280,BNU,PETAL_SPUR,SpurC,1,UNRESOLVED_CODEBOOK,10.3389/fpls.2023.1234148,Table S4,H144,057a0aaa603cfa4d9683a2eac75e747cb14bd1294e541feb82483fe6bc160e45
Z2023_S4_R145,E. ecalcaratum,Epimedium ecalcaratum,SOURCE_NAME_NOT_ACCEPTED_TAXON_AUDIT,"Baoxing, Sichuan",C. Zhang Zhang280,BNU,INNER_SEPAL,SepalC,2,UNRESOLVED_CODEBOOK,10.3389/fpls.2023.1234148,Table S4,G145,057a0aaa603cfa4d9683a2eac75e747cb14bd1294e541feb82483fe6bc160e45
Z2023_S4_R145,E. ecalcaratum,Epimedium ecalcaratum,SOURCE_NAME_NOT_ACCEPTED_TAXON_AUDIT,"Baoxing, Sichuan",C. Zhang Zhang280,BNU,PETAL_SPUR,SpurC,1,UNRESOLVED_CODEBOOK,10.3389/fpls.2023.1234148,Table S4,H145,057a0aaa603cfa4d9683a2eac75e747cb14bd1294e541feb82483fe6bc160e45
Z2023_S4_R146,E. ecalcaratum,Epimedium ecalcaratum,SOURCE_NAME_NOT_ACCEPTED_TAXON_AUDIT,"Baoxing, Sichuan",C. Zhang Zhang280,BNU,INNER_SEPAL,SepalC,2,UNRESOLVED_CODEBOOK,10.3389/fpls.2023.1234148,Table S4,G146,057a0aaa603cfa4d9683a2eac75e747cb14bd1294e541feb82483fe6bc160e45
Z2023_S4_R146,E. ecalcaratum,Epimedium ecalcaratum,SOURCE_NAME_NOT_ACCEPTED_TAXON_AUDIT,"Baoxing, Sichuan",C. Zhang Zhang280,BNU,PETAL_SPUR,SpurC,1,UNRESOLVED_CODEBOOK,10.3389/fpls.2023.1234148,Table S4,H146,057a0aaa603cfa4d9683a2eac75e747cb14bd1294e541feb82483fe6bc160e45
Z2023_S4_R147,E. ecalcaratum,Epimedium ecalcaratum,SOURCE_NAME_NOT_ACCEPTED_TAXON_AUDIT,"Baoxing, Sichuan",C. Zhang Zhang280,BNU,INNER_SEPAL,SepalC,2,UNRESOLVED_CODEBOOK,10.3389/fpls.2023.1234148,Table S4,G147,057a0aaa603cfa4d9683a2eac75e747cb14bd1294e541feb82483fe6bc160e45
Z2023_S4_R147,E. ecalcaratum,Epimedium ecalcaratum,SOURCE_NAME_NOT_ACCEPTED_TAXON_AUDIT,"Baoxing, Sichuan",C. Zhang Zhang280,BNU,PETAL_SPUR,SpurC,1,UNRESOLVED_CODEBOOK,10.3389/fpls.2023.1234148,Table S4,H147,057a0aaa603cfa4d9683a2eac75e747cb14bd1294e541feb82483fe6bc160e45
Z2023_S4_R148,E. elachyphyllum,Epimedium elachyphyllum,SOURCE_NAME_NOT_ACCEPTED_TAXON_AUDIT,"Songtao, Guizhou",C. Zhang Zhang218,BNU,INNER_SEPAL,SepalC,2,UNRESOLVED_CODEBOOK,10.3389/fpls.2023.1234148,Table S4,G148,057a0aaa603cfa4d9683a2eac75e747cb14bd1294e541feb82483fe6bc160e45
Z2023_S4_R148,E. elachyphyllum,Epimedium elachyphyllum,SOURCE_NAME_NOT_ACCEPTED_TAXON_AUDIT,"Songtao, Guizhou",C. Zhang Zhang218,BNU,PETAL_SPUR,SpurC,4,UNRESOLVED_CODEBOOK,10.3389/fpls.2023.1234148,Table S4,H148,057a0aaa603cfa4d9683a2eac75e747cb14bd1294e541feb82483fe6bc160e45
Z2023_S4_R149,E. elachyphyllum,Epimedium elachyphyllum,SOURCE_NAME_NOT_ACCEPTED_TAXON_AUDIT,"Songtao, Guizhou",C. Zhang Zhang218,BNU,INNER_SEPAL,SepalC,2,UNRESOLVED_CODEBOOK,10.3389/fpls.2023.1234148,Table S4,G149,057a0aaa603cfa4d9683a2eac75e747cb14bd1294e541feb82483fe6bc160e45
Z2023_S4_R149,E. elachyphyllum,Epimedium elachyphyllum,SOURCE_NAME_NOT_ACCEPTED_TAXON_AUDIT,"Songtao, Guizhou",C. Zhang Zhang218,BNU,PETAL_SPUR,SpurC,4,UNRESOLVED_CODEBOOK,10.3389/fpls.2023.1234148,Table S4,H149,057a0aaa603cfa4d9683a2eac75e747cb14bd1294e541feb82483fe6bc160e45
Z2023_S4_R150,E. elachyphyllum,Epimedium elachyphyllum,SOURCE_NAME_NOT_ACCEPTED_TAXON_AUDIT,"Songtao, Guizhou",C. Zhang Zhang218,BNU,INNER_SEPAL,SepalC,2,UNRESOLVED_CODEBOOK,10.3389/fpls.2023.1234148,Table S4,G150,057a0aaa603cfa4d9683a2eac75e747cb14bd1294e541feb82483fe6bc160e45
Z2023_S4_R150,E. elachyphyllum,Epimedium elachyphyllum,SOURCE_NAME_NOT_ACCEPTED_TAXON_AUDIT,"Songtao, Guizhou",C. Zhang Zhang218,BNU,PETAL_SPUR,SpurC,4,UNRESOLVED_CODEBOOK,10.3389/fpls.2023.1234148,Table S4,H150,057a0aaa603cfa4d9683a2eac75e747cb14bd1294e541feb82483fe6bc160e45
Z2023_S4_R151,E. elachyphyllum,Epimedium elachyphyllum,SOURCE_NAME_NOT_ACCEPTED_TAXON_AUDIT,"Songtao, Guizhou",C. Zhang Zhang218,BNU,INNER_SEPAL,SepalC,2,UNRESOLVED_CODEBOOK,10.3389/fpls.2023.1234148,Table S4,G151,057a0aaa603cfa4d9683a2eac75e747cb14bd1294e541feb82483fe6bc160e45
Z2023_S4_R151,E. elachyphyllum,Epimedium elachyphyllum,SOURCE_NAME_NOT_ACCEPTED_TAXON_AUDIT,"Songtao, Guizhou",C. Zhang Zhang218,BNU,PETAL_SPUR,SpurC,4,UNRESOLVED_CODEBOOK,10.3389/fpls.2023.1234148,Table S4,H151,057a0aaa603cfa4d9683a2eac75e747cb14bd1294e541feb82483fe6bc160e45
Z2023_S4_R152,E. elachyphyllum,Epimedium elachyphyllum,SOURCE_NAME_NOT_ACCEPTED_TAXON_AUDIT,"Songtao, Guizhou",C. Zhang Zhang218,BNU,INNER_SEPAL,SepalC,2,UNRESOLVED_CODEBOOK,10.3389/fpls.2023.1234148,Table S4,G152,057a0aaa603cfa4d9683a2eac75e747cb14bd1294e541feb82483fe6bc160e45
Z2023_S4_R152,E. elachyphyllum,Epimedium elachyphyllum,SOURCE_NAME_NOT_ACCEPTED_TAXON_AUDIT,"Songtao, Guizhou",C. Zhang Zhang218,BNU,PETAL_SPUR,SpurC,4,UNRESOLVED_CODEBOOK,10.3389/fpls.2023.1234148,Table S4,H152,057a0aaa603cfa4d9683a2eac75e747cb14bd1294e541feb82483fe6bc160e45
Z2023_S4_R153,E. elachyphyllum,Epimedium elachyphyllum,SOURCE_NAME_NOT_ACCEPTED_TAXON_AUDIT,"Songtao, Guizhou",C. Zhang Zhang218,BNU,INNER_SEPAL,SepalC,2,UNRESOLVED_CODEBOOK,10.3389/fpls.2023.1234148,Table S4,G153,057a0aaa603cfa4d9683a2eac75e747cb14bd1294e541feb82483fe6bc160e45
Z2023_S4_R153,E. elachyphyllum,Epimedium elachyphyllum,SOURCE_NAME_NOT_ACCEPTED_TAXON_AUDIT,"Songtao, Guizhou",C. Zhang Zhang218,BNU,PETAL_SPUR,SpurC,4,UNRESOLVED_CODEBOOK,10.3389/fpls.2023.1234148,Table S4,H153,057a0aaa603cfa4d9683a2eac75e747cb14bd1294e541feb82483fe6bc160e45
Z2023_S4_R154,E. elachyphyllum,Epimedium elachyphyllum,SOURCE_NAME_NOT_ACCEPTED_TAXON_AUDIT,"Songtao, Guizhou",C. Zhang Zhang218,BNU,INNER_SEPAL,SepalC,2,UNRESOLVED_CODEBOOK,10.3389/fpls.2023.1234148,Table S4,G154,057a0aaa603cfa4d9683a2eac75e747cb14bd1294e541feb82483fe6bc160e45
Z2023_S4_R154,E. elachyphyllum,Epimedium elachyphyllum,SOURCE_NAME_NOT_ACCEPTED_TAXON_AUDIT,"Songtao, Guizhou",C. Zhang Zhang218,BNU,PETAL_SPUR,SpurC,4,UNRESOLVED_CODEBOOK,10.3389/fpls.2023.1234148,Table S4,H154,057a0aaa603cfa4d9683a2eac75e747cb14bd1294e541feb82483fe6bc160e45
Z2023_S4_R155,E. elachyphyllum,Epimedium elachyphyllum,SOURCE_NAME_NOT_ACCEPTED_TAXON_AUDIT,"Songtao, Guizhou",C. Zhang Zhang218,BNU,INNER_SEPAL,SepalC,2,UNRESOLVED_CODEBOOK,10.3389/fpls.2023.1234148,Table S4,G155,057a0aaa603cfa4d9683a2eac75e747cb14bd1294e541feb82483fe6bc160e45
Z2023_S4_R155,E. elachyphyllum,Epimedium elachyphyllum,SOURCE_NAME_NOT_ACCEPTED_TAXON_AUDIT,"Songtao, Guizhou",C. Zhang Zhang218,BNU,PETAL_SPUR,SpurC,4,UNRESOLVED_CODEBOOK,10.3389/fpls.2023.1234148,Table S4,H155,057a0aaa603cfa4d9683a2eac75e747cb14bd1294e541feb82483fe6bc160e45
Z2023_S4_R156,E. elachyphyllum,Epimedium elachyphyllum,SOURCE_NAME_NOT_ACCEPTED_TAXON_AUDIT,"Songtao, Guizhou",C. Zhang Zhang218,BNU,INNER_SEPAL,SepalC,2,UNRESOLVED_CODEBOOK,10.3389/fpls.2023.1234148,Table S4,G156,057a0aaa603cfa4d9683a2eac75e747cb14bd1294e541feb82483fe6bc160e45
Z2023_S4_R156,E. elachyphyllum,Epimedium elachyphyllum,SOURCE_NAME_NOT_ACCEPTED_TAXON_AUDIT,"Songtao, Guizhou",C. Zhang Zhang218,BNU,PETAL_SPUR,SpurC,4,UNRESOLVED_CODEBOOK,10.3389/fpls.2023.1234148,Table S4,H156,057a0aaa603cfa4d9683a2eac75e747cb14bd1294e541feb82483fe6bc160e45
Z2023_S4_R157,E. elachyphyllum,Epimedium elachyphyllum,SOURCE_NAME_NOT_ACCEPTED_TAXON_AUDIT,"Songtao, Guizhou",C. Zhang Zhang218,BNU,INNER_SEPAL,SepalC,2,UNRESOLVED_CODEBOOK,10.3389/fpls.2023.1234148,Table S4,G157,057a0aaa603cfa4d9683a2eac75e747cb14bd1294e541feb82483fe6bc160e45
Z2023_S4_R157,E. elachyphyllum,Epimedium elachyphyllum,SOURCE_NAME_NOT_ACCEPTED_TAXON_AUDIT,"Songtao, Guizhou",C. Zhang Zhang218,BNU,PETAL_SPUR,SpurC,4,UNRESOLVED_CODEBOOK,10.3389/fpls.2023.1234148,Table S4,H157,057a0aaa603cfa4d9683a2eac75e747cb14bd1294e541feb82483fe6bc160e45
Z2023_S4_R158,E. elongatum,Epimedium elongatum,SOURCE_NAME_NOT_ACCEPTED_TAXON_AUDIT,"Kangding, Sichuan",C. Zhang 287,BNU,INNER_SEPAL,SepalC,2,UNRESOLVED_CODEBOOK,10.3389/fpls.2023.1234148,Table S4,G158,057a0aaa603cfa4d9683a2eac75e747cb14bd1294e541feb82483fe6bc160e45
Z2023_S4_R158,E. elongatum,Epimedium elongatum,SOURCE_NAME_NOT_ACCEPTED_TAXON_AUDIT,"Kangding, Sichuan",C. Zhang 287,BNU,PETAL_SPUR,SpurC,1,UNRESOLVED_CODEBOOK,10.3389/fpls.2023.1234148,Table S4,H158,057a0aaa603cfa4d9683a2eac75e747cb14bd1294e541feb82483fe6bc160e45
Z2023_S4_R159,E. elongatum,Epimedium elongatum,SOURCE_NAME_NOT_ACCEPTED_TAXON_AUDIT,"Kangding, Sichuan",C. Zhang 287,BNU,INNER_SEPAL,SepalC,2,UNRESOLVED_CODEBOOK,10.3389/fpls.2023.1234148,Table S4,G159,057a0aaa603cfa4d9683a2eac75e747cb14bd1294e541feb82483fe6bc160e45
Z2023_S4_R159,E. elongatum,Epimedium elongatum,SOURCE_NAME_NOT_ACCEPTED_TAXON_AUDIT,"Kangding, Sichuan",C. Zhang 287,BNU,PETAL_SPUR,SpurC,1,UNRESOLVED_CODEBOOK,10.3389/fpls.2023.1234148,Table S4,H159,057a0aaa603cfa4d9683a2eac75e747cb14bd1294e541feb82483fe6bc160e45
Z2023_S4_R160,E. elongatum,Epimedium elongatum,SOURCE_NAME_NOT_ACCEPTED_TAXON_AUDIT,"Kangding, Sichuan",C. Zhang 287,BNU,INNER_SEPAL,SepalC,2,UNRESOLVED_CODEBOOK,10.3389/fpls.2023.1234148,Table S4,G160,057a0aaa603cfa4d9683a2eac75e747cb14bd1294e541feb82483fe6bc160e45
Z2023_S4_R160,E. elongatum,Epimedium elongatum,SOURCE_NAME_NOT_ACCEPTED_TAXON_AUDIT,"Kangding, Sichuan",C. Zhang 287,BNU,PETAL_SPUR,SpurC,1,UNRESOLVED_CODEBOOK,10.3389/fpls.2023.1234148,Table S4,H160,057a0aaa603cfa4d9683a2eac75e747cb14bd1294e541feb82483fe6bc160e45
Z2023_S4_R161,E. elongatum,Epimedium elongatum,SOURCE_NAME_NOT_ACCEPTED_TAXON_AUDIT,"Kangding, Sichuan",C. Zhang 287,BNU,INNER_SEPAL,SepalC,2,UNRESOLVED_CODEBOOK,10.3389/fpls.2023.1234148,Table S4,G161,057a0aaa603cfa4d9683a2eac75e747cb14bd1294e541feb82483fe6bc160e45
Z2023_S4_R161,E. elongatum,Epimedium elongatum,SOURCE_NAME_NOT_ACCEPTED_TAXON_AUDIT,"Kangding, Sichuan",C. Zhang 287,BNU,PETAL_SPUR,SpurC,1,UNRESOLVED_CODEBOOK,10.3389/fpls.2023.1234148,Table S4,H161,057a0aaa603cfa4d9683a2eac75e747cb14bd1294e541feb82483fe6bc160e45
Z2023_S4_R162,E. elongatum,Epimedium elongatum,SOURCE_NAME_NOT_ACCEPTED_TAXON_AUDIT,"Kangding, Sichuan",C. Zhang 287,BNU,INNER_SEPAL,SepalC,2,UNRESOLVED_CODEBOOK,10.3389/fpls.2023.1234148,Table S4,G162,057a0aaa603cfa4d9683a2eac75e747cb14bd1294e541feb82483fe6bc160e45
Z2023_S4_R162,E. elongatum,Epimedium elongatum,SOURCE_NAME_NOT_ACCEPTED_TAXON_AUDIT,"Kangding, Sichuan",C. Zhang 287,BNU,PETAL_SPUR,SpurC,1,UNRESOLVED_CODEBOOK,10.3389/fpls.2023.1234148,Table S4,H162,057a0aaa603cfa4d9683a2eac75e747cb14bd1294e541feb82483fe6bc160e45
Z2023_S4_R163,E. elongatum,Epimedium elongatum,SOURCE_NAME_NOT_ACCEPTED_TAXON_AUDIT,"Kangding, Sichuan",C. Zhang 287,BNU,INNER_SEPAL,SepalC,2,UNRESOLVED_CODEBOOK,10.3389/fpls.2023.1234148,Table S4,G163,057a0aaa603cfa4d9683a2eac75e747cb14bd1294e541feb82483fe6bc160e45
Z2023_S4_R163,E. elongatum,Epimedium elongatum,SOURCE_NAME_NOT_ACCEPTED_TAXON_AUDIT,"Kangding, Sichuan",C. Zhang 287,BNU,PETAL_SPUR,SpurC,1,UNRESOLVED_CODEBOOK,10.3389/fpls.2023.1234148,Table S4,H163,057a0aaa603cfa4d9683a2eac75e747cb14bd1294e541feb82483fe6bc160e45
Z2023_S4_R164,E. elongatum,Epimedium elongatum,SOURCE_NAME_NOT_ACCEPTED_TAXON_AUDIT,"Kangding, Sichuan",C. Zhang 287,BNU,INNER_SEPAL,SepalC,2,UNRESOLVED_CODEBOOK,10.3389/fpls.2023.1234148,Table S4,G164,057a0aaa603cfa4d9683a2eac75e747cb14bd1294e541feb82483fe6bc160e45
Z2023_S4_R164,E. elongatum,Epimedium elongatum,SOURCE_NAME_NOT_ACCEPTED_TAXON_AUDIT,"Kangding, Sichuan",C. Zhang 287,BNU,PETAL_SPUR,SpurC,1,UNRESOLVED_CODEBOOK,10.3389/fpls.2023.1234148,Table S4,H164,057a0aaa603cfa4d9683a2eac75e747cb14bd1294e541feb82483fe6bc160e45
Z2023_S4_R165,E. elongatum,Epimedium elongatum,SOURCE_NAME_NOT_ACCEPTED_TAXON_AUDIT,"Kangding, Sichuan",C. Zhang 287,BNU,INNER_SEPAL,SepalC,2,UNRESOLVED_CODEBOOK,10.3389/fpls.2023.1234148,Table S4,G165,057a0aaa603cfa4d9683a2eac75e747cb14bd1294e541feb82483fe6bc160e45
Z2023_S4_R165,E. elongatum,Epimedium elongatum,SOURCE_NAME_NOT_ACCEPTED_TAXON_AUDIT,"Kangding, Sichuan",C. Zhang 287,BNU,PETAL_SPUR,SpurC,1,UNRESOLVED_CODEBOOK,10.3389/fpls.2023.1234148,Table S4,H165,057a0aaa603cfa4d9683a2eac75e747cb14bd1294e541feb82483fe6bc160e45
Z2023_S4_R166,E. fangii,Epimedium fangii,SOURCE_NAME_NOT_ACCEPTED_TAXON_AUDIT,"Emeishan, Sichuan",C. Zhang Zhang234,BNU,INNER_SEPAL,SepalC,2,UNRESOLVED_CODEBOOK,10.3389/fpls.2023.1234148,Table S4,G166,057a0aaa603cfa4d9683a2eac75e747cb14bd1294e541feb82483fe6bc160e45
Z2023_S4_R166,E. fangii,Epimedium fangii,SOURCE_NAME_NOT_ACCEPTED_TAXON_AUDIT,"Emeishan, Sichuan",C. Zhang Zhang234,BNU,PETAL_SPUR,SpurC,1,UNRESOLVED_CODEBOOK,10.3389/fpls.2023.1234148,Table S4,H166,057a0aaa603cfa4d9683a2eac75e747cb14bd1294e541feb82483fe6bc160e45
Z2023_S4_R167,E. fangii,Epimedium fangii,SOURCE_NAME_NOT_ACCEPTED_TAXON_AUDIT,"Emeishan, Sichuan",C. Zhang Zhang234,BNU,INNER_SEPAL,SepalC,2,UNRESOLVED_CODEBOOK,10.3389/fpls.2023.1234148,Table S4,G167,057a0aaa603cfa4d9683a2eac75e747cb14bd1294e541feb82483fe6bc160e45
Z2023_S4_R167,E. fangii,Epimedium fangii,SOURCE_NAME_NOT_ACCEPTED_TAXON_AUDIT,"Emeishan, Sichuan",C. Zhang Zhang234,BNU,PETAL_SPUR,SpurC,1,UNRESOLVED_CODEBOOK,10.3389/fpls.2023.1234148,Table S4,H167,057a0aaa603cfa4d9683a2eac75e747cb14bd1294e541feb82483fe6bc160e45
Z2023_S4_R168,E. fangii,Epimedium fangii,SOURCE_NAME_NOT_ACCEPTED_TAXON_AUDIT,"Emeishan, Sichuan",C. Zhang Zhang234,BNU,INNER_SEPAL,SepalC,2,UNRESOLVED_CODEBOOK,10.3389/fpls.2023.1234148,Table S4,G168,057a0aaa603cfa4d9683a2eac75e747cb14bd1294e541feb82483fe6bc160e45
Z2023_S4_R168,E. fangii,Epimedium fangii,SOURCE_NAME_NOT_ACCEPTED_TAXON_AUDIT,"Emeishan, Sichuan",C. Zhang Zhang234,BNU,PETAL_SPUR,SpurC,1,UNRESOLVED_CODEBOOK,10.3389/fpls.2023.1234148,Table S4,H168,057a0aaa603cfa4d9683a2eac75e747cb14bd1294e541feb82483fe6bc160e45
Z2023_S4_R169,E. fangii,Epimedium fangii,SOURCE_NAME_NOT_ACCEPTED_TAXON_AUDIT,"Emeishan, Sichuan",C. Zhang Zhang234,BNU,INNER_SEPAL,SepalC,2,UNRESOLVED_CODEBOOK,10.3389/fpls.2023.1234148,Table S4,G169,057a0aaa603cfa4d9683a2eac75e747cb14bd1294e541feb82483fe6bc160e45
Z2023_S4_R169,E. fangii,Epimedium fangii,SOURCE_NAME_NOT_ACCEPTED_TAXON_AUDIT,"Emeishan, Sichuan",C. Zhang Zhang234,BNU,PETAL_SPUR,SpurC,1,UNRESOLVED_CODEBOOK,10.3389/fpls.2023.1234148,Table S4,H169,057a0aaa603cfa4d9683a2eac75e747cb14bd1294e541feb82483fe6bc160e45
Z2023_S4_R170,E. fangii,Epimedium fangii,SOURCE_NAME_NOT_ACCEPTED_TAXON_AUDIT,"Emeishan, Sichuan",C. Zhang Zhang234,BNU,INNER_SEPAL,SepalC,2,UNRESOLVED_CODEBOOK,10.3389/fpls.2023.1234148,Table S4,G170,057a0aaa603cfa4d9683a2eac75e747cb14bd1294e541feb82483fe6bc160e45
Z2023_S4_R170,E. fangii,Epimedium fangii,SOURCE_NAME_NOT_ACCEPTED_TAXON_AUDIT,"Emeishan, Sichuan",C. Zhang Zhang234,BNU,PETAL_SPUR,SpurC,1,UNRESOLVED_CODEBOOK,10.3389/fpls.2023.1234148,Table S4,H170,057a0aaa603cfa4d9683a2eac75e747cb14bd1294e541feb82483fe6bc160e45
Z2023_S4_R171,E. fangii,Epimedium fangii,SOURCE_NAME_NOT_ACCEPTED_TAXON_AUDIT,"Emeishan, Sichuan",C. Zhang Zhang234,BNU,INNER_SEPAL,SepalC,2,UNRESOLVED_CODEBOOK,10.3389/fpls.2023.1234148,Table S4,G171,057a0aaa603cfa4d9683a2eac75e747cb14bd1294e541feb82483fe6bc160e45
Z2023_S4_R171,E. fangii,Epimedium fangii,SOURCE_NAME_NOT_ACCEPTED_TAXON_AUDIT,"Emeishan, Sichuan",C. Zhang Zhang234,BNU,PETAL_SPUR,SpurC,1,UNRESOLVED_CODEBOOK,10.3389/fpls.2023.1234148,Table S4,H171,057a0aaa603cfa4d9683a2eac75e747cb14bd1294e541feb82483fe6bc160e45
Z2023_S4_R172,E. fangii,Epimedium fangii,SOURCE_NAME_NOT_ACCEPTED_TAXON_AUDIT,"Emeishan, Sichuan",C. Zhang Zhang234,BNU,INNER_SEPAL,SepalC,2,UNRESOLVED_CODEBOOK,10.3389/fpls.2023.1234148,Table S4,G172,057a0aaa603cfa4d9683a2eac75e747cb14bd1294e541feb82483fe6bc160e45
Z2023_S4_R172,E. fangii,Epimedium fangii,SOURCE_NAME_NOT_ACCEPTED_TAXON_AUDIT,"Emeishan, Sichuan",C. Zhang Zhang234,BNU,PETAL_SPUR,SpurC,1,UNRESOLVED_CODEBOOK,10.3389/fpls.2023.1234148,Table S4,H172,057a0aaa603cfa4d9683a2eac75e747cb14bd1294e541feb82483fe6bc160e45
Z2023_S4_R173,E. fangii,Epimedium fangii,SOURCE_NAME_NOT_ACCEPTED_TAXON_AUDIT,"Emeishan, Sichuan",C. Zhang Zhang234,BNU,INNER_SEPAL,SepalC,2,UNRESOLVED_CODEBOOK,10.3389/fpls.2023.1234148,Table S4,G173,057a0aaa603cfa4d9683a2eac75e747cb14bd1294e541feb82483fe6bc160e45
Z2023_S4_R173,E. fangii,Epimedium fangii,SOURCE_NAME_NOT_ACCEPTED_TAXON_AUDIT,"Emeishan, Sichuan",C. Zhang Zhang234,BNU,PETAL_SPUR,SpurC,1,UNRESOLVED_CODEBOOK,10.3389/fpls.2023.1234148,Table S4,H173,057a0aaa603cfa4d9683a2eac75e747cb14bd1294e541feb82483fe6bc160e45
Z2023_S4_R174,E. fangii,Epimedium fangii,SOURCE_NAME_NOT_ACCEPTED_TAXON_AUDIT,"Emeishan, Sichuan",C. Zhang Zhang234,BNU,INNER_SEPAL,SepalC,2,UNRESOLVED_CODEBOOK,10.3389/fpls.2023.1234148,Table S4,G174,057a0aaa603cfa4d9683a2eac75e747cb14bd1294e541feb82483fe6bc160e45
Z2023_S4_R174,E. fangii,Epimedium fangii,SOURCE_NAME_NOT_ACCEPTED_TAXON_AUDIT,"Emeishan, Sichuan",C. Zhang Zhang234,BNU,PETAL_SPUR,SpurC,1,UNRESOLVED_CODEBOOK,10.3389/fpls.2023.1234148,Table S4,H174,057a0aaa603cfa4d9683a2eac75e747cb14bd1294e541feb82483fe6bc160e45
Z2023_S4_R175,E. fangii,Epimedium fangii,SOURCE_NAME_NOT_ACCEPTED_TAXON_AUDIT,"Emeishan, Sichuan",C. Zhang Zhang234,BNU,INNER_SEPAL,SepalC,2,UNRESOLVED_CODEBOOK,10.3389/fpls.2023.1234148,Table S4,G175,057a0aaa603cfa4d9683a2eac75e747cb14bd1294e541feb82483fe6bc160e45
Z2023_S4_R175,E. fangii,Epimedium fangii,SOURCE_NAME_NOT_ACCEPTED_TAXON_AUDIT,"Emeishan, Sichuan",C. Zhang Zhang234,BNU,PETAL_SPUR,SpurC,1,UNRESOLVED_CODEBOOK,10.3389/fpls.2023.1234148,Table S4,H175,057a0aaa603cfa4d9683a2eac75e747cb14bd1294e541feb82483fe6bc160e45
Z2023_S4_R176,E. fangii,Epimedium fangii,SOURCE_NAME_NOT_ACCEPTED_TAXON_AUDIT,"Emeishan, Sichuan",C. Zhang Zhang234,BNU,INNER_SEPAL,SepalC,2,UNRESOLVED_CODEBOOK,10.3389/fpls.2023.1234148,Table S4,G176,057a0aaa603cfa4d9683a2eac75e747cb14bd1294e541feb82483fe6bc160e45
Z2023_S4_R176,E. fangii,Epimedium fangii,SOURCE_NAME_NOT_ACCEPTED_TAXON_AUDIT,"Emeishan, Sichuan",C. Zhang Zhang234,BNU,PETAL_SPUR,SpurC,1,UNRESOLVED_CODEBOOK,10.3389/fpls.2023.1234148,Table S4,H176,057a0aaa603cfa4d9683a2eac75e747cb14bd1294e541feb82483fe6bc160e45
Z2023_S4_R177,E. fangii,Epimedium fangii,SOURCE_NAME_NOT_ACCEPTED_TAXON_AUDIT,"Emeishan, Sichuan",C. Zhang Zhang234,BNU,INNER_SEPAL,SepalC,2,UNRESOLVED_CODEBOOK,10.3389/fpls.2023.1234148,Table S4,G177,057a0aaa603cfa4d9683a2eac75e747cb14bd1294e541feb82483fe6bc160e45
Z2023_S4_R177,E. fangii,Epimedium fangii,SOURCE_NAME_NOT_ACCEPTED_TAXON_AUDIT,"Emeishan, Sichuan",C. Zhang Zhang234,BNU,PETAL_SPUR,SpurC,1,UNRESOLVED_CODEBOOK,10.3389/fpls.2023.1234148,Table S4,H177,057a0aaa603cfa4d9683a2eac75e747cb14bd1294e541feb82483fe6bc160e45
Z2023_S4_R178,E. fangii,Epimedium fangii,SOURCE_NAME_NOT_ACCEPTED_TAXON_AUDIT,"Emeishan, Sichuan",C. Zhang Zhang234,BNU,INNER_SEPAL,SepalC,2,UNRESOLVED_CODEBOOK,10.3389/fpls.2023.1234148,Table S4,G178,057a0aaa603cfa4d9683a2eac75e747cb14bd1294e541feb82483fe6bc160e45
Z2023_S4_R178,E. fangii,Epimedium fangii,SOURCE_NAME_NOT_ACCEPTED_TAXON_AUDIT,"Emeishan, Sichuan",C. Zhang Zhang234,BNU,PETAL_SPUR,SpurC,1,UNRESOLVED_CODEBOOK,10.3389/fpls.2023.1234148,Table S4,H178,057a0aaa603cfa4d9683a2eac75e747cb14bd1294e541feb82483fe6bc160e45
Z2023_S4_R179,E. fangii,Epimedium fangii,SOURCE_NAME_NOT_ACCEPTED_TAXON_AUDIT,"Emeishan, Sichuan",C. Zhang Zhang234,BNU,INNER_SEPAL,SepalC,2,UNRESOLVED_CODEBOOK,10.3389/fpls.2023.1234148,Table S4,G179,057a0aaa603cfa4d9683a2eac75e747cb14bd1294e541feb82483fe6bc160e45
Z2023_S4_R179,E. fangii,Epimedium fangii,SOURCE_NAME_NOT_ACCEPTED_TAXON_AUDIT,"Emeishan, Sichuan",C. Zhang Zhang234,BNU,PETAL_SPUR,SpurC,1,UNRESOLVED_CODEBOOK,10.3389/fpls.2023.1234148,Table S4,H179,057a0aaa603cfa4d9683a2eac75e747cb14bd1294e541feb82483fe6bc160e45
Z2023_S4_R180,E. fangii,Epimedium fangii,SOURCE_NAME_NOT_ACCEPTED_TAXON_AUDIT,"Emeishan, Sichuan",C. Zhang Zhang234,BNU,INNER_SEPAL,SepalC,2,UNRESOLVED_CODEBOOK,10.3389/fpls.2023.1234148,Table S4,G180,057a0aaa603cfa4d9683a2eac75e747cb14bd1294e541feb82483fe6bc160e45
Z2023_S4_R180,E. fangii,Epimedium fangii,SOURCE_NAME_NOT_ACCEPTED_TAXON_AUDIT,"Emeishan, Sichuan",C. Zhang Zhang234,BNU,PETAL_SPUR,SpurC,1,UNRESOLVED_CODEBOOK,10.3389/fpls.2023.1234148,Table S4,H180,057a0aaa603cfa4d9683a2eac75e747cb14bd1294e541feb82483fe6bc160e45
Z2023_S4_R181,E. fangii,Epimedium fangii,SOURCE_NAME_NOT_ACCEPTED_TAXON_AUDIT,"Emeishan, Sichuan",C. Zhang Zhang234,BNU,INNER_SEPAL,SepalC,2,UNRESOLVED_CODEBOOK,10.3389/fpls.2023.1234148,Table S4,G181,057a0aaa603cfa4d9683a2eac75e747cb14bd1294e541feb82483fe6bc160e45
Z2023_S4_R181,E. fangii,Epimedium fangii,SOURCE_NAME_NOT_ACCEPTED_TAXON_AUDIT,"Emeishan, Sichuan",C. Zhang Zhang234,BNU,PETAL_SPUR,SpurC,1,UNRESOLVED_CODEBOOK,10.3389/fpls.2023.1234148,Table S4,H181,057a0aaa603cfa4d9683a2eac75e747cb14bd1294e541feb82483fe6bc160e45
Z2023_S4_R182,E. fangii,Epimedium fangii,SOURCE_NAME_NOT_ACCEPTED_TAXON_AUDIT,"Emeishan, Sichuan",C. Zhang Zhang234,BNU,INNER_SEPAL,SepalC,2,UNRESOLVED_CODEBOOK,10.3389/fpls.2023.1234148,Table S4,G182,057a0aaa603cfa4d9683a2eac75e747cb14bd1294e541feb82483fe6bc160e45
Z2023_S4_R182,E. fangii,Epimedium fangii,SOURCE_NAME_NOT_ACCEPTED_TAXON_AUDIT,"Emeishan, Sichuan",C. Zhang Zhang234,BNU,PETAL_SPUR,SpurC,1,UNRESOLVED_CODEBOOK,10.3389/fpls.2023.1234148,Table S4,H182,057a0aaa603cfa4d9683a2eac75e747cb14bd1294e541feb82483fe6bc160e45
Z2023_S4_R183,E. fangii,Epimedium fangii,SOURCE_NAME_NOT_ACCEPTED_TAXON_AUDIT,"Emeishan, Sichuan",C. Zhang Zhang234,BNU,INNER_SEPAL,SepalC,2,UNRESOLVED_CODEBOOK,10.3389/fpls.2023.1234148,Table S4,G183,057a0aaa603cfa4d9683a2eac75e747cb14bd1294e541feb82483fe6bc160e45
Z2023_S4_R183,E. fangii,Epimedium fangii,SOURCE_NAME_NOT_ACCEPTED_TAXON_AUDIT,"Emeishan, Sichuan",C. Zhang Zhang234,BNU,PETAL_SPUR,SpurC,1,UNRESOLVED_CODEBOOK,10.3389/fpls.2023.1234148,Table S4,H183,057a0aaa603cfa4d9683a2eac75e747cb14bd1294e541feb82483fe6bc160e45
Z2023_S4_R184,E. fangii,Epimedium fangii,SOURCE_NAME_NOT_ACCEPTED_TAXON_AUDIT,"Emeishan, Sichuan",C. Zhang Zhang234,BNU,INNER_SEPAL,SepalC,2,UNRESOLVED_CODEBOOK,10.3389/fpls.2023.1234148,Table S4,G184,057a0aaa603cfa4d9683a2eac75e747cb14bd1294e541feb82483fe6bc160e45
Z2023_S4_R184,E. fangii,Epimedium fangii,SOURCE_NAME_NOT_ACCEPTED_TAXON_AUDIT,"Emeishan, Sichuan",C. Zhang Zhang234,BNU,PETAL_SPUR,SpurC,1,UNRESOLVED_CODEBOOK,10.3389/fpls.2023.1234148,Table S4,H184,057a0aaa603cfa4d9683a2eac75e747cb14bd1294e541feb82483fe6bc160e45
Z2023_S4_R185,E. fangii,Epimedium fangii,SOURCE_NAME_NOT_ACCEPTED_TAXON_AUDIT,"Emeishan, Sichuan",C. Zhang Zhang234,BNU,INNER_SEPAL,SepalC,2,UNRESOLVED_CODEBOOK,10.3389/fpls.2023.1234148,Table S4,G185,057a0aaa603cfa4d9683a2eac75e747cb14bd1294e541feb82483fe6bc160e45
Z2023_S4_R185,E. fangii,Epimedium fangii,SOURCE_NAME_NOT_ACCEPTED_TAXON_AUDIT,"Emeishan, Sichuan",C. Zhang Zhang234,BNU,PETAL_SPUR,SpurC,1,UNRESOLVED_CODEBOOK,10.3389/fpls.2023.1234148,Table S4,H185,057a0aaa603cfa4d9683a2eac75e747cb14bd1294e541feb82483fe6bc160e45
Z2023_S4_R186,E. fargesii,Epimedium fargesii,SOURCE_NAME_NOT_ACCEPTED_TAXON_AUDIT,"Shennongjia, Hubei",C. Zhang Zhang190,BNU,INNER_SEPAL,SepalC,3,UNRESOLVED_CODEBOOK,10.3389/fpls.2023.1234148,Table S4,G186,057a0aaa603cfa4d9683a2eac75e747cb14bd1294e541feb82483fe6bc160e45
Z2023_S4_R186,E. fargesii,Epimedium fargesii,SOURCE_NAME_NOT_ACCEPTED_TAXON_AUDIT,"Shennongjia, Hubei",C. Zhang Zhang190,BNU,PETAL_SPUR,SpurC,3,UNRESOLVED_CODEBOOK,10.3389/fpls.2023.1234148,Table S4,H186,057a0aaa603cfa4d9683a2eac75e747cb14bd1294e541feb82483fe6bc160e45
Z2023_S4_R187,E. fargesii,Epimedium fargesii,SOURCE_NAME_NOT_ACCEPTED_TAXON_AUDIT,"Shennongjia, Hubei",C. Zhang Zhang190,BNU,INNER_SEPAL,SepalC,3,UNRESOLVED_CODEBOOK,10.3389/fpls.2023.1234148,Table S4,G187,057a0aaa603cfa4d9683a2eac75e747cb14bd1294e541feb82483fe6bc160e45
Z2023_S4_R187,E. fargesii,Epimedium fargesii,SOURCE_NAME_NOT_ACCEPTED_TAXON_AUDIT,"Shennongjia, Hubei",C. Zhang Zhang190,BNU,PETAL_SPUR,SpurC,3,UNRESOLVED_CODEBOOK,10.3389/fpls.2023.1234148,Table S4,H187,057a0aaa603cfa4d9683a2eac75e747cb14bd1294e541feb82483fe6bc160e45
Z2023_S4_R188,E. fargesii,Epimedium fargesii,SOURCE_NAME_NOT_ACCEPTED_TAXON_AUDIT,"Shennongjia, Hubei",C. Zhang Zhang190,BNU,INNER_SEPAL,SepalC,3,UNRESOLVED_CODEBOOK,10.3389/fpls.2023.1234148,Table S4,G188,057a0aaa603cfa4d9683a2eac75e747cb14bd1294e541feb82483fe6bc160e45
Z2023_S4_R188,E. fargesii,Epimedium fargesii,SOURCE_NAME_NOT_ACCEPTED_TAXON_AUDIT,"Shennongjia, Hubei",C. Zhang Zhang190,BNU,PETAL_SPUR,SpurC,3,UNRESOLVED_CODEBOOK,10.3389/fpls.2023.1234148,Table S4,H188,057a0aaa603cfa4d9683a2eac75e747cb14bd1294e541feb82483fe6bc160e45
Z2023_S4_R189,E. fargesii,Epimedium fargesii,SOURCE_NAME_NOT_ACCEPTED_TAXON_AUDIT,"Shennongjia, Hubei",C. Zhang Zhang190,BNU,INNER_SEPAL,SepalC,3,UNRESOLVED_CODEBOOK,10.3389/fpls.2023.1234148,Table S4,G189,057a0aaa603cfa4d9683a2eac75e747cb14bd1294e541feb82483fe6bc160e45
Z2023_S4_R189,E. fargesii,Epimedium fargesii,SOURCE_NAME_NOT_ACCEPTED_TAXON_AUDIT,"Shennongjia, Hubei",C. Zhang Zhang190,BNU,PETAL_SPUR,SpurC,3,UNRESOLVED_CODEBOOK,10.3389/fpls.2023.1234148,Table S4,H189,057a0aaa603cfa4d9683a2eac75e747cb14bd1294e541feb82483fe6bc160e45
Z2023_S4_R190,E. fargesii,Epimedium fargesii,SOURCE_NAME_NOT_ACCEPTED_TAXON_AUDIT,"Shennongjia, Hubei",C. Zhang Zhang190,BNU,INNER_SEPAL,SepalC,3,UNRESOLVED_CODEBOOK,10.3389/fpls.2023.1234148,Table S4,G190,057a0aaa603cfa4d9683a2eac75e747cb14bd1294e541feb82483fe6bc160e45
Z2023_S4_R190,E. fargesii,Epimedium fargesii,SOURCE_NAME_NOT_ACCEPTED_TAXON_AUDIT,"Shennongjia, Hubei",C. Zhang Zhang190,BNU,PETAL_SPUR,SpurC,3,UNRESOLVED_CODEBOOK,10.3389/fpls.2023.1234148,Table S4,H190,057a0aaa603cfa4d9683a2eac75e747cb14bd1294e541feb82483fe6bc160e45
Z2023_S4_R191,E. fargesii,Epimedium fargesii,SOURCE_NAME_NOT_ACCEPTED_TAXON_AUDIT,"Shennongjia, Hubei",C. Zhang Zhang190,BNU,INNER_SEPAL,SepalC,3,UNRESOLVED_CODEBOOK,10.3389/fpls.2023.1234148,Table S4,G191,057a0aaa603cfa4d9683a2eac75e747cb14bd1294e541feb82483fe6bc160e45
Z2023_S4_R191,E. fargesii,Epimedium fargesii,SOURCE_NAME_NOT_ACCEPTED_TAXON_AUDIT,"Shennongjia, Hubei",C. Zhang Zhang190,BNU,PETAL_SPUR,SpurC,3,UNRESOLVED_CODEBOOK,10.3389/fpls.2023.1234148,Table S4,H191,057a0aaa603cfa4d9683a2eac75e747cb14bd1294e541feb82483fe6bc160e45
Z2023_S4_R192,E. fargesii,Epimedium fargesii,SOURCE_NAME_NOT_ACCEPTED_TAXON_AUDIT,"Shennongjia, Hubei",C. Zhang Zhang190,BNU,INNER_SEPAL,SepalC,3,UNRESOLVED_CODEBOOK,10.3389/fpls.2023.1234148,Table S4,G192,057a0aaa603cfa4d9683a2eac75e747cb14bd1294e541feb82483fe6bc160e45
Z2023_S4_R192,E. fargesii,Epimedium fargesii,SOURCE_NAME_NOT_ACCEPTED_TAXON_AUDIT,"Shennongjia, Hubei",C. Zhang Zhang190,BNU,PETAL_SPUR,SpurC,3,UNRESOLVED_CODEBOOK,10.3389/fpls.2023.1234148,Table S4,H192,057a0aaa603cfa4d9683a2eac75e747cb14bd1294e541feb82483fe6bc160e45
Z2023_S4_R193,E. fargesii,Epimedium fargesii,SOURCE_NAME_NOT_ACCEPTED_TAXON_AUDIT,"Shennongjia, Hubei",C. Zhang Zhang190,BNU,INNER_SEPAL,SepalC,3,UNRESOLVED_CODEBOOK,10.3389/fpls.2023.1234148,Table S4,G193,057a0aaa603cfa4d9683a2eac75e747cb14bd1294e541feb82483fe6bc160e45
Z2023_S4_R193,E. fargesii,Epimedium fargesii,SOURCE_NAME_NOT_ACCEPTED_TAXON_AUDIT,"Shennongjia, Hubei",C. Zhang Zhang190,BNU,PETAL_SPUR,SpurC,3,UNRESOLVED_CODEBOOK,10.3389/fpls.2023.1234148,Table S4,H193,057a0aaa603cfa4d9683a2eac75e747cb14bd1294e541feb82483fe6bc160e45
Z2023_S4_R194,E. fargesii,Epimedium fargesii,SOURCE_NAME_NOT_ACCEPTED_TAXON_AUDIT,"Shennongjia, Hubei",C. Zhang Zhang190,BNU,INNER_SEPAL,SepalC,3,UNRESOLVED_CODEBOOK,10.3389/fpls.2023.1234148,Table S4,G194,057a0aaa603cfa4d9683a2eac75e747cb14bd1294e541feb82483fe6bc160e45
Z2023_S4_R194,E. fargesii,Epimedium fargesii,SOURCE_NAME_NOT_ACCEPTED_TAXON_AUDIT,"Shennongjia, Hubei",C. Zhang Zhang190,BNU,PETAL_SPUR,SpurC,3,UNRESOLVED_CODEBOOK,10.3389/fpls.2023.1234148,Table S4,H194,057a0aaa603cfa4d9683a2eac75e747cb14bd1294e541feb82483fe6bc160e45
Z2023_S4_R195,E. fargesii,Epimedium fargesii,SOURCE_NAME_NOT_ACCEPTED_TAXON_AUDIT,"Shennongjia, Hubei",C. Zhang Zhang190,BNU,INNER_SEPAL,SepalC,3,UNRESOLVED_CODEBOOK,10.3389/fpls.2023.1234148,Table S4,G195,057a0aaa603cfa4d9683a2eac75e747cb14bd1294e541feb82483fe6bc160e45
Z2023_S4_R195,E. fargesii,Epimedium fargesii,SOURCE_NAME_NOT_ACCEPTED_TAXON_AUDIT,"Shennongjia, Hubei",C. Zhang Zhang190,BNU,PETAL_SPUR,SpurC,3,UNRESOLVED_CODEBOOK,10.3389/fpls.2023.1234148,Table S4,H195,057a0aaa603cfa4d9683a2eac75e747cb14bd1294e541feb82483fe6bc160e45
Z2023_S4_R196,E. fargesii,Epimedium fargesii,SOURCE_NAME_NOT_ACCEPTED_TAXON_AUDIT,"Shennongjia, Hubei",C. Zhang Zhang190,BNU,INNER_SEPAL,SepalC,3,UNRESOLVED_CODEBOOK,10.3389/fpls.2023.1234148,Table S4,G196,057a0aaa603cfa4d9683a2eac75e747cb14bd1294e541feb82483fe6bc160e45
Z2023_S4_R196,E. fargesii,Epimedium fargesii,SOURCE_NAME_NOT_ACCEPTED_TAXON_AUDIT,"Shennongjia, Hubei",C. Zhang Zhang190,BNU,PETAL_SPUR,SpurC,3,UNRESOLVED_CODEBOOK,10.3389/fpls.2023.1234148,Table S4,H196,057a0aaa603cfa4d9683a2eac75e747cb14bd1294e541feb82483fe6bc160e45
Z2023_S4_R197,E. fargesii,Epimedium fargesii,SOURCE_NAME_NOT_ACCEPTED_TAXON_AUDIT,"Shennongjia, Hubei",C. Zhang Zhang190,BNU,INNER_SEPAL,SepalC,3,UNRESOLVED_CODEBOOK,10.3389/fpls.2023.1234148,Table S4,G197,057a0aaa603cfa4d9683a2eac75e747cb14bd1294e541feb82483fe6bc160e45
Z2023_S4_R197,E. fargesii,Epimedium fargesii,SOURCE_NAME_NOT_ACCEPTED_TAXON_AUDIT,"Shennongjia, Hubei",C. Zhang Zhang190,BNU,PETAL_SPUR,SpurC,3,UNRESOLVED_CODEBOOK,10.3389/fpls.2023.1234148,Table S4,H197,057a0aaa603cfa4d9683a2eac75e747cb14bd1294e541feb82483fe6bc160e45
Z2023_S4_R198,E. fargesii,Epimedium fargesii,SOURCE_NAME_NOT_ACCEPTED_TAXON_AUDIT,"Shennongjia, Hubei",C. Zhang Zhang190,BNU,INNER_SEPAL,SepalC,3,UNRESOLVED_CODEBOOK,10.3389/fpls.2023.1234148,Table S4,G198,057a0aaa603cfa4d9683a2eac75e747cb14bd1294e541feb82483fe6bc160e45
Z2023_S4_R198,E. fargesii,Epimedium fargesii,SOURCE_NAME_NOT_ACCEPTED_TAXON_AUDIT,"Shennongjia, Hubei",C. Zhang Zhang190,BNU,PETAL_SPUR,SpurC,3,UNRESOLVED_CODEBOOK,10.3389/fpls.2023.1234148,Table S4,H198,057a0aaa603cfa4d9683a2eac75e747cb14bd1294e541feb82483fe6bc160e45
Z2023_S4_R199,E. fargesii,Epimedium fargesii,SOURCE_NAME_NOT_ACCEPTED_TAXON_AUDIT,"Shennongjia, Hubei",C. Zhang Zhang190,BNU,INNER_SEPAL,SepalC,3,UNRESOLVED_CODEBOOK,10.3389/fpls.2023.1234148,Table S4,G199,057a0aaa603cfa4d9683a2eac75e747cb14bd1294e541feb82483fe6bc160e45
Z2023_S4_R199,E. fargesii,Epimedium fargesii,SOURCE_NAME_NOT_ACCEPTED_TAXON_AUDIT,"Shennongjia, Hubei",C. Zhang Zhang190,BNU,PETAL_SPUR,SpurC,3,UNRESOLVED_CODEBOOK,10.3389/fpls.2023.1234148,Table S4,H199,057a0aaa603cfa4d9683a2eac75e747cb14bd1294e541feb82483fe6bc160e45
Z2023_S4_R200,E. fargesii,Epimedium fargesii,SOURCE_NAME_NOT_ACCEPTED_TAXON_AUDIT,"Shennongjia, Hubei",C. Zhang Zhang190,BNU,INNER_SEPAL,SepalC,3,UNRESOLVED_CODEBOOK,10.3389/fpls.2023.1234148,Table S4,G200,057a0aaa603cfa4d9683a2eac75e747cb14bd1294e541feb82483fe6bc160e45
Z2023_S4_R200,E. fargesii,Epimedium fargesii,SOURCE_NAME_NOT_ACCEPTED_TAXON_AUDIT,"Shennongjia, Hubei",C. Zhang Zhang190,BNU,PETAL_SPUR,SpurC,3,UNRESOLVED_CODEBOOK,10.3389/fpls.2023.1234148,Table S4,H200,057a0aaa603cfa4d9683a2eac75e747cb14bd1294e541feb82483fe6bc160e45
Z2023_S4_R201,E. fargesii,Epimedium fargesii,SOURCE_NAME_NOT_ACCEPTED_TAXON_AUDIT,"Shennongjia, Hubei",C. Zhang Zhang190,BNU,INNER_SEPAL,SepalC,3,UNRESOLVED_CODEBOOK,10.3389/fpls.2023.1234148,Table S4,G201,057a0aaa603cfa4d9683a2eac75e747cb14bd1294e541feb82483fe6bc160e45
Z2023_S4_R201,E. fargesii,Epimedium fargesii,SOURCE_NAME_NOT_ACCEPTED_TAXON_AUDIT,"Shennongjia, Hubei",C. Zhang Zhang190,BNU,PETAL_SPUR,SpurC,3,UNRESOLVED_CODEBOOK,10.3389/fpls.2023.1234148,Table S4,H201,057a0aaa603cfa4d9683a2eac75e747cb14bd1294e541feb82483fe6bc160e45
Z2023_S4_R202,E. flavum,Epimedium flavum,SOURCE_NAME_NOT_ACCEPTED_TAXON_AUDIT,"Erlangshan, Sichuan",C. Zhang Zhang289,BNU,INNER_SEPAL,SepalC,1,UNRESOLVED_CODEBOOK,10.3389/fpls.2023.1234148,Table S4,G202,057a0aaa603cfa4d9683a2eac75e747cb14bd1294e541feb82483fe6bc160e45
Z2023_S4_R202,E. flavum,Epimedium flavum,SOURCE_NAME_NOT_ACCEPTED_TAXON_AUDIT,"Erlangshan, Sichuan",C. Zhang Zhang289,BNU,PETAL_SPUR,SpurC,1,UNRESOLVED_CODEBOOK,10.3389/fpls.2023.1234148,Table S4,H202,057a0aaa603cfa4d9683a2eac75e747cb14bd1294e541feb82483fe6bc160e45
Z2023_S4_R203,E. flavum,Epimedium flavum,SOURCE_NAME_NOT_ACCEPTED_TAXON_AUDIT,"Erlangshan, Sichuan",C. Zhang Zhang289,BNU,INNER_SEPAL,SepalC,1,UNRESOLVED_CODEBOOK,10.3389/fpls.2023.1234148,Table S4,G203,057a0aaa603cfa4d9683a2eac75e747cb14bd1294e541feb82483fe6bc160e45
Z2023_S4_R203,E. flavum,Epimedium flavum,SOURCE_NAME_NOT_ACCEPTED_TAXON_AUDIT,"Erlangshan, Sichuan",C. Zhang Zhang289,BNU,PETAL_SPUR,SpurC,1,UNRESOLVED_CODEBOOK,10.3389/fpls.2023.1234148,Table S4,H203,057a0aaa603cfa4d9683a2eac75e747cb14bd1294e541feb82483fe6bc160e45
Z2023_S4_R204,E. flavum,Epimedium flavum,SOURCE_NAME_NOT_ACCEPTED_TAXON_AUDIT,"Erlangshan, Sichuan",C. Zhang Zhang289,BNU,INNER_SEPAL,SepalC,1,UNRESOLVED_CODEBOOK,10.3389/fpls.2023.1234148,Table S4,G204,057a0aaa603cfa4d9683a2eac75e747cb14bd1294e541feb82483fe6bc160e45
Z2023_S4_R204,E. flavum,Epimedium flavum,SOURCE_NAME_NOT_ACCEPTED_TAXON_AUDIT,"Erlangshan, Sichuan",C. Zhang Zhang289,BNU,PETAL_SPUR,SpurC,1,UNRESOLVED_CODEBOOK,10.3389/fpls.2023.1234148,Table S4,H204,057a0aaa603cfa4d9683a2eac75e747cb14bd1294e541feb82483fe6bc160e45
Z2023_S4_R205,E. flavum,Epimedium flavum,SOURCE_NAME_NOT_ACCEPTED_TAXON_AUDIT,"Erlangshan, Sichuan",C. Zhang Zhang289,BNU,INNER_SEPAL,SepalC,1,UNRESOLVED_CODEBOOK,10.3389/fpls.2023.1234148,Table S4,G205,057a0aaa603cfa4d9683a2eac75e747cb14bd1294e541feb82483fe6bc160e45
Z2023_S4_R205,E. flavum,Epimedium flavum,SOURCE_NAME_NOT_ACCEPTED_TAXON_AUDIT,"Erlangshan, Sichuan",C. Zhang Zhang289,BNU,PETAL_SPUR,SpurC,1,UNRESOLVED_CODEBOOK,10.3389/fpls.2023.1234148,Table S4,H205,057a0aaa603cfa4d9683a2eac75e747cb14bd1294e541feb82483fe6bc160e45
Z2023_S4_R206,E. flavum,Epimedium flavum,SOURCE_NAME_NOT_ACCEPTED_TAXON_AUDIT,"Erlangshan, Sichuan",C. Zhang Zhang289,BNU,INNER_SEPAL,SepalC,1,UNRESOLVED_CODEBOOK,10.3389/fpls.2023.1234148,Table S4,G206,057a0aaa603cfa4d9683a2eac75e747cb14bd1294e541feb82483fe6bc160e45
Z2023_S4_R206,E. flavum,Epimedium flavum,SOURCE_NAME_NOT_ACCEPTED_TAXON_AUDIT,"Erlangshan, Sichuan",C. Zhang Zhang289,BNU,PETAL_SPUR,SpurC,1,UNRESOLVED_CODEBOOK,10.3389/fpls.2023.1234148,Table S4,H206,057a0aaa603cfa4d9683a2eac75e747cb14bd1294e541feb82483fe6bc160e45
Z2023_S4_R207,E. flavum,Epimedium flavum,SOURCE_NAME_NOT_ACCEPTED_TAXON_AUDIT,"Erlangshan, Sichuan",C. Zhang Zhang289,BNU,INNER_SEPAL,SepalC,1,UNRESOLVED_CODEBOOK,10.3389/fpls.2023.1234148,Table S4,G207,057a0aaa603cfa4d9683a2eac75e747cb14bd1294e541feb82483fe6bc160e45
Z2023_S4_R207,E. flavum,Epimedium flavum,SOURCE_NAME_NOT_ACCEPTED_TAXON_AUDIT,"Erlangshan, Sichuan",C. Zhang Zhang289,BNU,PETAL_SPUR,SpurC,1,UNRESOLVED_CODEBOOK,10.3389/fpls.2023.1234148,Table S4,H207,057a0aaa603cfa4d9683a2eac75e747cb14bd1294e541feb82483fe6bc160e45
Z2023_S4_R208,E. flavum,Epimedium flavum,SOURCE_NAME_NOT_ACCEPTED_TAXON_AUDIT,"Erlangshan, Sichuan",C. Zhang Zhang289,BNU,INNER_SEPAL,SepalC,1,UNRESOLVED_CODEBOOK,10.3389/fpls.2023.1234148,Table S4,G208,057a0aaa603cfa4d9683a2eac75e747cb14bd1294e541feb82483fe6bc160e45
Z2023_S4_R208,E. flavum,Epimedium flavum,SOURCE_NAME_NOT_ACCEPTED_TAXON_AUDIT,"Erlangshan, Sichuan",C. Zhang Zhang289,BNU,PETAL_SPUR,SpurC,1,UNRESOLVED_CODEBOOK,10.3389/fpls.2023.1234148,Table S4,H208,057a0aaa603cfa4d9683a2eac75e747cb14bd1294e541feb82483fe6bc160e45
Z2023_S4_R209,E. flavum,Epimedium flavum,SOURCE_NAME_NOT_ACCEPTED_TAXON_AUDIT,"Erlangshan, Sichuan",C. Zhang Zhang289,BNU,INNER_SEPAL,SepalC,1,UNRESOLVED_CODEBOOK,10.3389/fpls.2023.1234148,Table S4,G209,057a0aaa603cfa4d9683a2eac75e747cb14bd1294e541feb82483fe6bc160e45
Z2023_S4_R209,E. flavum,Epimedium flavum,SOURCE_NAME_NOT_ACCEPTED_TAXON_AUDIT,"Erlangshan, Sichuan",C. Zhang Zhang289,BNU,PETAL_SPUR,SpurC,1,UNRESOLVED_CODEBOOK,10.3389/fpls.2023.1234148,Table S4,H209,057a0aaa603cfa4d9683a2eac75e747cb14bd1294e541feb82483fe6bc160e45
Z2023_S4_R210,E. flavum,Epimedium flavum,SOURCE_NAME_NOT_ACCEPTED_TAXON_AUDIT,"Erlangshan, Sichuan",C. Zhang Zhang289,BNU,INNER_SEPAL,SepalC,1,UNRESOLVED_CODEBOOK,10.3389/fpls.2023.1234148,Table S4,G210,057a0aaa603cfa4d9683a2eac75e747cb14bd1294e541feb82483fe6bc160e45
Z2023_S4_R210,E. flavum,Epimedium flavum,SOURCE_NAME_NOT_ACCEPTED_TAXON_AUDIT,"Erlangshan, Sichuan",C. Zhang Zhang289,BNU,PETAL_SPUR,SpurC,1,UNRESOLVED_CODEBOOK,10.3389/fpls.2023.1234148,Table S4,H210,057a0aaa603cfa4d9683a2eac75e747cb14bd1294e541feb82483fe6bc160e45
Z2023_S4_R211,E. flavum,Epimedium flavum,SOURCE_NAME_NOT_ACCEPTED_TAXON_AUDIT,"Erlangshan, Sichuan",C. Zhang Zhang289,BNU,INNER_SEPAL,SepalC,1,UNRESOLVED_CODEBOOK,10.3389/fpls.2023.1234148,Table S4,G211,057a0aaa603cfa4d9683a2eac75e747cb14bd1294e541feb82483fe6bc160e45
Z2023_S4_R211,E. flavum,Epimedium flavum,SOURCE_NAME_NOT_ACCEPTED_TAXON_AUDIT,"Erlangshan, Sichuan",C. Zhang Zhang289,BNU,PETAL_SPUR,SpurC,1,UNRESOLVED_CODEBOOK,10.3389/fpls.2023.1234148,Table S4,H211,057a0aaa603cfa4d9683a2eac75e747cb14bd1294e541feb82483fe6bc160e45
Z2023_S4_R212,E. flavum,Epimedium flavum,SOURCE_NAME_NOT_ACCEPTED_TAXON_AUDIT,"Erlangshan, Sichuan",C. Zhang Zhang289,BNU,INNER_SEPAL,SepalC,1,UNRESOLVED_CODEBOOK,10.3389/fpls.2023.1234148,Table S4,G212,057a0aaa603cfa4d9683a2eac75e747cb14bd1294e541feb82483fe6bc160e45
Z2023_S4_R212,E. flavum,Epimedium flavum,SOURCE_NAME_NOT_ACCEPTED_TAXON_AUDIT,"Erlangshan, Sichuan",C. Zhang Zhang289,BNU,PETAL_SPUR,SpurC,1,UNRESOLVED_CODEBOOK,10.3389/fpls.2023.1234148,Table S4,H212,057a0aaa603cfa4d9683a2eac75e747cb14bd1294e541feb82483fe6bc160e45
Z2023_S4_R213,E. flavum,Epimedium flavum,SOURCE_NAME_NOT_ACCEPTED_TAXON_AUDIT,"Erlangshan, Sichuan",C. Zhang Zhang289,BNU,INNER_SEPAL,SepalC,1,UNRESOLVED_CODEBOOK,10.3389/fpls.2023.1234148,Table S4,G213,057a0aaa603cfa4d9683a2eac75e747cb14bd1294e541feb82483fe6bc160e45
Z2023_S4_R213,E. flavum,Epimedium flavum,SOURCE_NAME_NOT_ACCEPTED_TAXON_AUDIT,"Erlangshan, Sichuan",C. Zhang Zhang289,BNU,PETAL_SPUR,SpurC,1,UNRESOLVED_CODEBOOK,10.3389/fpls.2023.1234148,Table S4,H213,057a0aaa603cfa4d9683a2eac75e747cb14bd1294e541feb82483fe6bc160e45
Z2023_S4_R214,E. franchetii,Epimedium franchetii,SOURCE_NAME_NOT_ACCEPTED_TAXON_AUDIT,"Shennongjia, Hubei",C. Zhang Zhang196,BNU,INNER_SEPAL,SepalC,1,UNRESOLVED_CODEBOOK,10.3389/fpls.2023.1234148,Table S4,G214,057a0aaa603cfa4d9683a2eac75e747cb14bd1294e541feb82483fe6bc160e45
Z2023_S4_R214,E. franchetii,Epimedium franchetii,SOURCE_NAME_NOT_ACCEPTED_TAXON_AUDIT,"Shennongjia, Hubei",C. Zhang Zhang196,BNU,PETAL_SPUR,SpurC,1,UNRESOLVED_CODEBOOK,10.3389/fpls.2023.1234148,Table S4,H214,057a0aaa603cfa4d9683a2eac75e747cb14bd1294e541feb82483fe6bc160e45
Z2023_S4_R215,E. franchetii,Epimedium franchetii,SOURCE_NAME_NOT_ACCEPTED_TAXON_AUDIT,"Shennongjia, Hubei",C. Zhang Zhang196,BNU,INNER_SEPAL,SepalC,1,UNRESOLVED_CODEBOOK,10.3389/fpls.2023.1234148,Table S4,G215,057a0aaa603cfa4d9683a2eac75e747cb14bd1294e541feb82483fe6bc160e45
Z2023_S4_R215,E. franchetii,Epimedium franchetii,SOURCE_NAME_NOT_ACCEPTED_TAXON_AUDIT,"Shennongjia, Hubei",C. Zhang Zhang196,BNU,PETAL_SPUR,SpurC,1,UNRESOLVED_CODEBOOK,10.3389/fpls.2023.1234148,Table S4,H215,057a0aaa603cfa4d9683a2eac75e747cb14bd1294e541feb82483fe6bc160e45
Z2023_S4_R216,E. franchetii,Epimedium franchetii,SOURCE_NAME_NOT_ACCEPTED_TAXON_AUDIT,"Shennongjia, Hubei",C. Zhang Zhang196,BNU,INNER_SEPAL,SepalC,1,UNRESOLVED_CODEBOOK,10.3389/fpls.2023.1234148,Table S4,G216,057a0aaa603cfa4d9683a2eac75e747cb14bd1294e541feb82483fe6bc160e45
Z2023_S4_R216,E. franchetii,Epimedium franchetii,SOURCE_NAME_NOT_ACCEPTED_TAXON_AUDIT,"Shennongjia, Hubei",C. Zhang Zhang196,BNU,PETAL_SPUR,SpurC,1,UNRESOLVED_CODEBOOK,10.3389/fpls.2023.1234148,Table S4,H216,057a0aaa603cfa4d9683a2eac75e747cb14bd1294e541feb82483fe6bc160e45
Z2023_S4_R217,E. franchetii,Epimedium franchetii,SOURCE_NAME_NOT_ACCEPTED_TAXON_AUDIT,"Shennongjia, Hubei",C. Zhang Zhang196,BNU,INNER_SEPAL,SepalC,1,UNRESOLVED_CODEBOOK,10.3389/fpls.2023.1234148,Table S4,G217,057a0aaa603cfa4d9683a2eac75e747cb14bd1294e541feb82483fe6bc160e45
Z2023_S4_R217,E. franchetii,Epimedium franchetii,SOURCE_NAME_NOT_ACCEPTED_TAXON_AUDIT,"Shennongjia, Hubei",C. Zhang Zhang196,BNU,PETAL_SPUR,SpurC,1,UNRESOLVED_CODEBOOK,10.3389/fpls.2023.1234148,Table S4,H217,057a0aaa603cfa4d9683a2eac75e747cb14bd1294e541feb82483fe6bc160e45
Z2023_S4_R218,E. franchetii,Epimedium franchetii,SOURCE_NAME_NOT_ACCEPTED_TAXON_AUDIT,"Shennongjia, Hubei",C. Zhang Zhang196,BNU,INNER_SEPAL,SepalC,1,UNRESOLVED_CODEBOOK,10.3389/fpls.2023.1234148,Table S4,G218,057a0aaa603cfa4d9683a2eac75e747cb14bd1294e541feb82483fe6bc160e45
Z2023_S4_R218,E. franchetii,Epimedium franchetii,SOURCE_NAME_NOT_ACCEPTED_TAXON_AUDIT,"Shennongjia, Hubei",C. Zhang Zhang196,BNU,PETAL_SPUR,SpurC,1,UNRESOLVED_CODEBOOK,10.3389/fpls.2023.1234148,Table S4,H218,057a0aaa603cfa4d9683a2eac75e747cb14bd1294e541feb82483fe6bc160e45
Z2023_S4_R219,E. franchetii,Epimedium franchetii,SOURCE_NAME_NOT_ACCEPTED_TAXON_AUDIT,"Shennongjia, Hubei",C. Zhang Zhang196,BNU,INNER_SEPAL,SepalC,1,UNRESOLVED_CODEBOOK,10.3389/fpls.2023.1234148,Table S4,G219,057a0aaa603cfa4d9683a2eac75e747cb14bd1294e541feb82483fe6bc160e45
Z2023_S4_R219,E. franchetii,Epimedium franchetii,SOURCE_NAME_NOT_ACCEPTED_TAXON_AUDIT,"Shennongjia, Hubei",C. Zhang Zhang196,BNU,PETAL_SPUR,SpurC,1,UNRESOLVED_CODEBOOK,10.3389/fpls.2023.1234148,Table S4,H219,057a0aaa603cfa4d9683a2eac75e747cb14bd1294e541feb82483fe6bc160e45
Z2023_S4_R220,E. franchetii,Epimedium franchetii,SOURCE_NAME_NOT_ACCEPTED_TAXON_AUDIT,"Shennongjia, Hubei",C. Zhang Zhang196,BNU,INNER_SEPAL,SepalC,1,UNRESOLVED_CODEBOOK,10.3389/fpls.2023.1234148,Table S4,G220,057a0aaa603cfa4d9683a2eac75e747cb14bd1294e541feb82483fe6bc160e45
Z2023_S4_R220,E. franchetii,Epimedium franchetii,SOURCE_NAME_NOT_ACCEPTED_TAXON_AUDIT,"Shennongjia, Hubei",C. Zhang Zhang196,BNU,PETAL_SPUR,SpurC,1,UNRESOLVED_CODEBOOK,10.3389/fpls.2023.1234148,Table S4,H220,057a0aaa603cfa4d9683a2eac75e747cb14bd1294e541feb82483fe6bc160e45
Z2023_S4_R221,E. franchetii,Epimedium franchetii,SOURCE_NAME_NOT_ACCEPTED_TAXON_AUDIT,"Shennongjia, Hubei",C. Zhang Zhang196,BNU,INNER_SEPAL,SepalC,1,UNRESOLVED_CODEBOOK,10.3389/fpls.2023.1234148,Table S4,G221,057a0aaa603cfa4d9683a2eac75e747cb14bd1294e541feb82483fe6bc160e45
Z2023_S4_R221,E. franchetii,Epimedium franchetii,SOURCE_NAME_NOT_ACCEPTED_TAXON_AUDIT,"Shennongjia, Hubei",C. Zhang Zhang196,BNU,PETAL_SPUR,SpurC,1,UNRESOLVED_CODEBOOK,10.3389/fpls.2023.1234148,Table S4,H221,057a0aaa603cfa4d9683a2eac75e747cb14bd1294e541feb82483fe6bc160e45
Z2023_S4_R222,E. franchetii,Epimedium franchetii,SOURCE_NAME_NOT_ACCEPTED_TAXON_AUDIT,"Shennongjia, Hubei",C. Zhang Zhang196,BNU,INNER_SEPAL,SepalC,1,UNRESOLVED_CODEBOOK,10.3389/fpls.2023.1234148,Table S4,G222,057a0aaa603cfa4d9683a2eac75e747cb14bd1294e541feb82483fe6bc160e45
Z2023_S4_R222,E. franchetii,Epimedium franchetii,SOURCE_NAME_NOT_ACCEPTED_TAXON_AUDIT,"Shennongjia, Hubei",C. Zhang Zhang196,BNU,PETAL_SPUR,SpurC,1,UNRESOLVED_CODEBOOK,10.3389/fpls.2023.1234148,Table S4,H222,057a0aaa603cfa4d9683a2eac75e747cb14bd1294e541feb82483fe6bc160e45
Z2023_S4_R223,E. franchetii,Epimedium franchetii,SOURCE_NAME_NOT_ACCEPTED_TAXON_AUDIT,"Shennongjia, Hubei",C. Zhang Zhang196,BNU,INNER_SEPAL,SepalC,1,UNRESOLVED_CODEBOOK,10.3389/fpls.2023.1234148,Table S4,G223,057a0aaa603cfa4d9683a2eac75e747cb14bd1294e541feb82483fe6bc160e45
Z2023_S4_R223,E. franchetii,Epimedium franchetii,SOURCE_NAME_NOT_ACCEPTED_TAXON_AUDIT,"Shennongjia, Hubei",C. Zhang Zhang196,BNU,PETAL_SPUR,SpurC,1,UNRESOLVED_CODEBOOK,10.3389/fpls.2023.1234148,Table S4,H223,057a0aaa603cfa4d9683a2eac75e747cb14bd1294e541feb82483fe6bc160e45
Z2023_S4_R224,E. franchetii,Epimedium franchetii,SOURCE_NAME_NOT_ACCEPTED_TAXON_AUDIT,"Shennongjia, Hubei",C. Zhang Zhang196,BNU,INNER_SEPAL,SepalC,1,UNRESOLVED_CODEBOOK,10.3389/fpls.2023.1234148,Table S4,G224,057a0aaa603cfa4d9683a2eac75e747cb14bd1294e541feb82483fe6bc160e45
Z2023_S4_R224,E. franchetii,Epimedium franchetii,SOURCE_NAME_NOT_ACCEPTED_TAXON_AUDIT,"Shennongjia, Hubei",C. Zhang Zhang196,BNU,PETAL_SPUR,SpurC,1,UNRESOLVED_CODEBOOK,10.3389/fpls.2023.1234148,Table S4,H224,057a0aaa603cfa4d9683a2eac75e747cb14bd1294e541feb82483fe6bc160e45
Z2023_S4_R225,E. franchetii,Epimedium franchetii,SOURCE_NAME_NOT_ACCEPTED_TAXON_AUDIT,"Shennongjia, Hubei",C. Zhang Zhang196,BNU,INNER_SEPAL,SepalC,1,UNRESOLVED_CODEBOOK,10.3389/fpls.2023.1234148,Table S4,G225,057a0aaa603cfa4d9683a2eac75e747cb14bd1294e541feb82483fe6bc160e45
Z2023_S4_R225,E. franchetii,Epimedium franchetii,SOURCE_NAME_NOT_ACCEPTED_TAXON_AUDIT,"Shennongjia, Hubei",C. Zhang Zhang196,BNU,PETAL_SPUR,SpurC,1,UNRESOLVED_CODEBOOK,10.3389/fpls.2023.1234148,Table S4,H225,057a0aaa603cfa4d9683a2eac75e747cb14bd1294e541feb82483fe6bc160e45
Z2023_S4_R226,E. franchetii,Epimedium franchetii,SOURCE_NAME_NOT_ACCEPTED_TAXON_AUDIT,"Shennongjia, Hubei",C. Zhang Zhang196,BNU,INNER_SEPAL,SepalC,1,UNRESOLVED_CODEBOOK,10.3389/fpls.2023.1234148,Table S4,G226,057a0aaa603cfa4d9683a2eac75e747cb14bd1294e541feb82483fe6bc160e45
Z2023_S4_R226,E. franchetii,Epimedium franchetii,SOURCE_NAME_NOT_ACCEPTED_TAXON_AUDIT,"Shennongjia, Hubei",C. Zhang Zhang196,BNU,PETAL_SPUR,SpurC,1,UNRESOLVED_CODEBOOK,10.3389/fpls.2023.1234148,Table S4,H226,057a0aaa603cfa4d9683a2eac75e747cb14bd1294e541feb82483fe6bc160e45
Z2023_S4_R227,E. franchetii,Epimedium franchetii,SOURCE_NAME_NOT_ACCEPTED_TAXON_AUDIT,"Shennongjia, Hubei",C. Zhang Zhang196,BNU,INNER_SEPAL,SepalC,1,UNRESOLVED_CODEBOOK,10.3389/fpls.2023.1234148,Table S4,G227,057a0aaa603cfa4d9683a2eac75e747cb14bd1294e541feb82483fe6bc160e45
Z2023_S4_R227,E. franchetii,Epimedium franchetii,SOURCE_NAME_NOT_ACCEPTED_TAXON_AUDIT,"Shennongjia, Hubei",C. Zhang Zhang196,BNU,PETAL_SPUR,SpurC,1,UNRESOLVED_CODEBOOK,10.3389/fpls.2023.1234148,Table S4,H227,057a0aaa603cfa4d9683a2eac75e747cb14bd1294e541feb82483fe6bc160e45
Z2023_S4_R228,E. franchetii,Epimedium franchetii,SOURCE_NAME_NOT_ACCEPTED_TAXON_AUDIT,"Shennongjia, Hubei",C. Zhang Zhang196,BNU,INNER_SEPAL,SepalC,1,UNRESOLVED_CODEBOOK,10.3389/fpls.2023.1234148,Table S4,G228,057a0aaa603cfa4d9683a2eac75e747cb14bd1294e541feb82483fe6bc160e45
Z2023_S4_R228,E. franchetii,Epimedium franchetii,SOURCE_NAME_NOT_ACCEPTED_TAXON_AUDIT,"Shennongjia, Hubei",C. Zhang Zhang196,BNU,PETAL_SPUR,SpurC,1,UNRESOLVED_CODEBOOK,10.3389/fpls.2023.1234148,Table S4,H228,057a0aaa603cfa4d9683a2eac75e747cb14bd1294e541feb82483fe6bc160e45
Z2023_S4_R229,E. franchetii,Epimedium franchetii,SOURCE_NAME_NOT_ACCEPTED_TAXON_AUDIT,"Shennongjia, Hubei",C. Zhang Zhang196,BNU,INNER_SEPAL,SepalC,1,UNRESOLVED_CODEBOOK,10.3389/fpls.2023.1234148,Table S4,G229,057a0aaa603cfa4d9683a2eac75e747cb14bd1294e541feb82483fe6bc160e45
Z2023_S4_R229,E. franchetii,Epimedium franchetii,SOURCE_NAME_NOT_ACCEPTED_TAXON_AUDIT,"Shennongjia, Hubei",C. Zhang Zhang196,BNU,PETAL_SPUR,SpurC,1,UNRESOLVED_CODEBOOK,10.3389/fpls.2023.1234148,Table S4,H229,057a0aaa603cfa4d9683a2eac75e747cb14bd1294e541feb82483fe6bc160e45
Z2023_S4_R230,E. franchetii,Epimedium franchetii,SOURCE_NAME_NOT_ACCEPTED_TAXON_AUDIT,"Shennongjia, Hubei",C. Zhang Zhang196,BNU,INNER_SEPAL,SepalC,1,UNRESOLVED_CODEBOOK,10.3389/fpls.2023.1234148,Table S4,G230,057a0aaa603cfa4d9683a2eac75e747cb14bd1294e541feb82483fe6bc160e45
Z2023_S4_R230,E. franchetii,Epimedium franchetii,SOURCE_NAME_NOT_ACCEPTED_TAXON_AUDIT,"Shennongjia, Hubei",C. Zhang Zhang196,BNU,PETAL_SPUR,SpurC,1,UNRESOLVED_CODEBOOK,10.3389/fpls.2023.1234148,Table S4,H230,057a0aaa603cfa4d9683a2eac75e747cb14bd1294e541feb82483fe6bc160e45
Z2023_S4_R231,E. franchetii,Epimedium franchetii,SOURCE_NAME_NOT_ACCEPTED_TAXON_AUDIT,"Shennongjia, Hubei",C. Zhang Zhang196,BNU,INNER_SEPAL,SepalC,1,UNRESOLVED_CODEBOOK,10.3389/fpls.2023.1234148,Table S4,G231,057a0aaa603cfa4d9683a2eac75e747cb14bd1294e541feb82483fe6bc160e45
Z2023_S4_R231,E. franchetii,Epimedium franchetii,SOURCE_NAME_NOT_ACCEPTED_TAXON_AUDIT,"Shennongjia, Hubei",C. Zhang Zhang196,BNU,PETAL_SPUR,SpurC,1,UNRESOLVED_CODEBOOK,10.3389/fpls.2023.1234148,Table S4,H231,057a0aaa603cfa4d9683a2eac75e747cb14bd1294e541feb82483fe6bc160e45
Z2023_S4_R232,E. franchetii,Epimedium franchetii,SOURCE_NAME_NOT_ACCEPTED_TAXON_AUDIT,"Shennongjia, Hubei",C. Zhang Zhang196,BNU,INNER_SEPAL,SepalC,1,UNRESOLVED_CODEBOOK,10.3389/fpls.2023.1234148,Table S4,G232,057a0aaa603cfa4d9683a2eac75e747cb14bd1294e541feb82483fe6bc160e45
Z2023_S4_R232,E. franchetii,Epimedium franchetii,SOURCE_NAME_NOT_ACCEPTED_TAXON_AUDIT,"Shennongjia, Hubei",C. Zhang Zhang196,BNU,PETAL_SPUR,SpurC,1,UNRESOLVED_CODEBOOK,10.3389/fpls.2023.1234148,Table S4,H232,057a0aaa603cfa4d9683a2eac75e747cb14bd1294e541feb82483fe6bc160e45
Z2023_S4_R233,E. franchetii,Epimedium franchetii,SOURCE_NAME_NOT_ACCEPTED_TAXON_AUDIT,"Shennongjia, Hubei",C. Zhang Zhang196,BNU,INNER_SEPAL,SepalC,1,UNRESOLVED_CODEBOOK,10.3389/fpls.2023.1234148,Table S4,G233,057a0aaa603cfa4d9683a2eac75e747cb14bd1294e541feb82483fe6bc160e45
Z2023_S4_R233,E. franchetii,Epimedium franchetii,SOURCE_NAME_NOT_ACCEPTED_TAXON_AUDIT,"Shennongjia, Hubei",C. Zhang Zhang196,BNU,PETAL_SPUR,SpurC,1,UNRESOLVED_CODEBOOK,10.3389/fpls.2023.1234148,Table S4,H233,057a0aaa603cfa4d9683a2eac75e747cb14bd1294e541feb82483fe6bc160e45
Z2023_S4_R234,E. franchetii,Epimedium franchetii,SOURCE_NAME_NOT_ACCEPTED_TAXON_AUDIT,"Shennongjia, Hubei",C. Zhang Zhang196,BNU,INNER_SEPAL,SepalC,1,UNRESOLVED_CODEBOOK,10.3389/fpls.2023.1234148,Table S4,G234,057a0aaa603cfa4d9683a2eac75e747cb14bd1294e541feb82483fe6bc160e45
Z2023_S4_R234,E. franchetii,Epimedium franchetii,SOURCE_NAME_NOT_ACCEPTED_TAXON_AUDIT,"Shennongjia, Hubei",C. Zhang Zhang196,BNU,PETAL_SPUR,SpurC,1,UNRESOLVED_CODEBOOK,10.3389/fpls.2023.1234148,Table S4,H234,057a0aaa603cfa4d9683a2eac75e747cb14bd1294e541feb82483fe6bc160e45
Z2023_S4_R235,E. franchetii,Epimedium franchetii,SOURCE_NAME_NOT_ACCEPTED_TAXON_AUDIT,"Shennongjia, Hubei",C. Zhang Zhang196,BNU,INNER_SEPAL,SepalC,1,UNRESOLVED_CODEBOOK,10.3389/fpls.2023.1234148,Table S4,G235,057a0aaa603cfa4d9683a2eac75e747cb14bd1294e541feb82483fe6bc160e45
Z2023_S4_R235,E. franchetii,Epimedium franchetii,SOURCE_NAME_NOT_ACCEPTED_TAXON_AUDIT,"Shennongjia, Hubei",C. Zhang Zhang196,BNU,PETAL_SPUR,SpurC,1,UNRESOLVED_CODEBOOK,10.3389/fpls.2023.1234148,Table S4,H235,057a0aaa603cfa4d9683a2eac75e747cb14bd1294e541feb82483fe6bc160e45
Z2023_S4_R236,E. franchetii,Epimedium franchetii,SOURCE_NAME_NOT_ACCEPTED_TAXON_AUDIT,"Shennongjia, Hubei",C. Zhang Zhang196,BNU,INNER_SEPAL,SepalC,1,UNRESOLVED_CODEBOOK,10.3389/fpls.2023.1234148,Table S4,G236,057a0aaa603cfa4d9683a2eac75e747cb14bd1294e541feb82483fe6bc160e45
Z2023_S4_R236,E. franchetii,Epimedium franchetii,SOURCE_NAME_NOT_ACCEPTED_TAXON_AUDIT,"Shennongjia, Hubei",C. Zhang Zhang196,BNU,PETAL_SPUR,SpurC,1,UNRESOLVED_CODEBOOK,10.3389/fpls.2023.1234148,Table S4,H236,057a0aaa603cfa4d9683a2eac75e747cb14bd1294e541feb82483fe6bc160e45
Z2023_S4_R237,E. hunanense,Epimedium hunanense,SOURCE_NAME_NOT_ACCEPTED_TAXON_AUDIT,"Hefeng, Hubei",C. Zhang Zhang180,BNU,INNER_SEPAL,SepalC,2,UNRESOLVED_CODEBOOK,10.3389/fpls.2023.1234148,Table S4,G237,057a0aaa603cfa4d9683a2eac75e747cb14bd1294e541feb82483fe6bc160e45
Z2023_S4_R237,E. hunanense,Epimedium hunanense,SOURCE_NAME_NOT_ACCEPTED_TAXON_AUDIT,"Hefeng, Hubei",C. Zhang Zhang180,BNU,PETAL_SPUR,SpurC,1,UNRESOLVED_CODEBOOK,10.3389/fpls.2023.1234148,Table S4,H237,057a0aaa603cfa4d9683a2eac75e747cb14bd1294e541feb82483fe6bc160e45
Z2023_S4_R238,E. hunanense,Epimedium hunanense,SOURCE_NAME_NOT_ACCEPTED_TAXON_AUDIT,"Hefeng, Hubei",C. Zhang Zhang180,BNU,INNER_SEPAL,SepalC,2,UNRESOLVED_CODEBOOK,10.3389/fpls.2023.1234148,Table S4,G238,057a0aaa603cfa4d9683a2eac75e747cb14bd1294e541feb82483fe6bc160e45
Z2023_S4_R238,E. hunanense,Epimedium hunanense,SOURCE_NAME_NOT_ACCEPTED_TAXON_AUDIT,"Hefeng, Hubei",C. Zhang Zhang180,BNU,PETAL_SPUR,SpurC,1,UNRESOLVED_CODEBOOK,10.3389/fpls.2023.1234148,Table S4,H238,057a0aaa603cfa4d9683a2eac75e747cb14bd1294e541feb82483fe6bc160e45
Z2023_S4_R239,E. hunanense,Epimedium hunanense,SOURCE_NAME_NOT_ACCEPTED_TAXON_AUDIT,"Hefeng, Hubei",C. Zhang Zhang180,BNU,INNER_SEPAL,SepalC,2,UNRESOLVED_CODEBOOK,10.3389/fpls.2023.1234148,Table S4,G239,057a0aaa603cfa4d9683a2eac75e747cb14bd1294e541feb82483fe6bc160e45
Z2023_S4_R239,E. hunanense,Epimedium hunanense,SOURCE_NAME_NOT_ACCEPTED_TAXON_AUDIT,"Hefeng, Hubei",C. Zhang Zhang180,BNU,PETAL_SPUR,SpurC,1,UNRESOLVED_CODEBOOK,10.3389/fpls.2023.1234148,Table S4,H239,057a0aaa603cfa4d9683a2eac75e747cb14bd1294e541feb82483fe6bc160e45
Z2023_S4_R240,E. hunanense,Epimedium hunanense,SOURCE_NAME_NOT_ACCEPTED_TAXON_AUDIT,"Hefeng, Hubei",C. Zhang Zhang180,BNU,INNER_SEPAL,SepalC,2,UNRESOLVED_CODEBOOK,10.3389/fpls.2023.1234148,Table S4,G240,057a0aaa603cfa4d9683a2eac75e747cb14bd1294e541feb82483fe6bc160e45
Z2023_S4_R240,E. hunanense,Epimedium hunanense,SOURCE_NAME_NOT_ACCEPTED_TAXON_AUDIT,"Hefeng, Hubei",C. Zhang Zhang180,BNU,PETAL_SPUR,SpurC,1,UNRESOLVED_CODEBOOK,10.3389/fpls.2023.1234148,Table S4,H240,057a0aaa603cfa4d9683a2eac75e747cb14bd1294e541feb82483fe6bc160e45
Z2023_S4_R241,E. hunanense,Epimedium hunanense,SOURCE_NAME_NOT_ACCEPTED_TAXON_AUDIT,"Hefeng, Hubei",C. Zhang Zhang180,BNU,INNER_SEPAL,SepalC,2,UNRESOLVED_CODEBOOK,10.3389/fpls.2023.1234148,Table S4,G241,057a0aaa603cfa4d9683a2eac75e747cb14bd1294e541feb82483fe6bc160e45
Z2023_S4_R241,E. hunanense,Epimedium hunanense,SOURCE_NAME_NOT_ACCEPTED_TAXON_AUDIT,"Hefeng, Hubei",C. Zhang Zhang180,BNU,PETAL_SPUR,SpurC,1,UNRESOLVED_CODEBOOK,10.3389/fpls.2023.1234148,Table S4,H241,057a0aaa603cfa4d9683a2eac75e747cb14bd1294e541feb82483fe6bc160e45
Z2023_S4_R242,E. hunanense,Epimedium hunanense,SOURCE_NAME_NOT_ACCEPTED_TAXON_AUDIT,"Hefeng, Hubei",C. Zhang Zhang180,BNU,INNER_SEPAL,SepalC,2,UNRESOLVED_CODEBOOK,10.3389/fpls.2023.1234148,Table S4,G242,057a0aaa603cfa4d9683a2eac75e747cb14bd1294e541feb82483fe6bc160e45
Z2023_S4_R242,E. hunanense,Epimedium hunanense,SOURCE_NAME_NOT_ACCEPTED_TAXON_AUDIT,"Hefeng, Hubei",C. Zhang Zhang180,BNU,PETAL_SPUR,SpurC,1,UNRESOLVED_CODEBOOK,10.3389/fpls.2023.1234148,Table S4,H242,057a0aaa603cfa4d9683a2eac75e747cb14bd1294e541feb82483fe6bc160e45
Z2023_S4_R243,E. hunanense,Epimedium hunanense,SOURCE_NAME_NOT_ACCEPTED_TAXON_AUDIT,"Hefeng, Hubei",C. Zhang Zhang180,BNU,INNER_SEPAL,SepalC,2,UNRESOLVED_CODEBOOK,10.3389/fpls.2023.1234148,Table S4,G243,057a0aaa603cfa4d9683a2eac75e747cb14bd1294e541feb82483fe6bc160e45
Z2023_S4_R243,E. hunanense,Epimedium hunanense,SOURCE_NAME_NOT_ACCEPTED_TAXON_AUDIT,"Hefeng, Hubei",C. Zhang Zhang180,BNU,PETAL_SPUR,SpurC,1,UNRESOLVED_CODEBOOK,10.3389/fpls.2023.1234148,Table S4,H243,057a0aaa603cfa4d9683a2eac75e747cb14bd1294e541feb82483fe6bc160e45
Z2023_S4_R244,E. hunanense,Epimedium hunanense,SOURCE_NAME_NOT_ACCEPTED_TAXON_AUDIT,"Hefeng, Hubei",C. Zhang Zhang180,BNU,INNER_SEPAL,SepalC,2,UNRESOLVED_CODEBOOK,10.3389/fpls.2023.1234148,Table S4,G244,057a0aaa603cfa4d9683a2eac75e747cb14bd1294e541feb82483fe6bc160e45
Z2023_S4_R244,E. hunanense,Epimedium hunanense,SOURCE_NAME_NOT_ACCEPTED_TAXON_AUDIT,"Hefeng, Hubei",C. Zhang Zhang180,BNU,PETAL_SPUR,SpurC,1,UNRESOLVED_CODEBOOK,10.3389/fpls.2023.1234148,Table S4,H244,057a0aaa603cfa4d9683a2eac75e747cb14bd1294e541feb82483fe6bc160e45
Z2023_S4_R245,E. hunanense,Epimedium hunanense,SOURCE_NAME_NOT_ACCEPTED_TAXON_AUDIT,"Hefeng, Hubei",C. Zhang Zhang180,BNU,INNER_SEPAL,SepalC,2,UNRESOLVED_CODEBOOK,10.3389/fpls.2023.1234148,Table S4,G245,057a0aaa603cfa4d9683a2eac75e747cb14bd1294e541feb82483fe6bc160e45
Z2023_S4_R245,E. hunanense,Epimedium hunanense,SOURCE_NAME_NOT_ACCEPTED_TAXON_AUDIT,"Hefeng, Hubei",C. Zhang Zhang180,BNU,PETAL_SPUR,SpurC,1,UNRESOLVED_CODEBOOK,10.3389/fpls.2023.1234148,Table S4,H245,057a0aaa603cfa4d9683a2eac75e747cb14bd1294e541feb82483fe6bc160e45
Z2023_S4_R246,E. hunanense,Epimedium hunanense,SOURCE_NAME_NOT_ACCEPTED_TAXON_AUDIT,"Hefeng, Hubei",C. Zhang Zhang180,BNU,INNER_SEPAL,SepalC,2,UNRESOLVED_CODEBOOK,10.3389/fpls.2023.1234148,Table S4,G246,057a0aaa603cfa4d9683a2eac75e747cb14bd1294e541feb82483fe6bc160e45
Z2023_S4_R246,E. hunanense,Epimedium hunanense,SOURCE_NAME_NOT_ACCEPTED_TAXON_AUDIT,"Hefeng, Hubei",C. Zhang Zhang180,BNU,PETAL_SPUR,SpurC,1,UNRESOLVED_CODEBOOK,10.3389/fpls.2023.1234148,Table S4,H246,057a0aaa603cfa4d9683a2eac75e747cb14bd1294e541feb82483fe6bc160e45
Z2023_S4_R247,E. hunanense,Epimedium hunanense,SOURCE_NAME_NOT_ACCEPTED_TAXON_AUDIT,"Hefeng, Hubei",C. Zhang Zhang180,BNU,INNER_SEPAL,SepalC,2,UNRESOLVED_CODEBOOK,10.3389/fpls.2023.1234148,Table S4,G247,057a0aaa603cfa4d9683a2eac75e747cb14bd1294e541feb82483fe6bc160e45
Z2023_S4_R247,E. hunanense,Epimedium hunanense,SOURCE_NAME_NOT_ACCEPTED_TAXON_AUDIT,"Hefeng, Hubei",C. Zhang Zhang180,BNU,PETAL_SPUR,SpurC,1,UNRESOLVED_CODEBOOK,10.3389/fpls.2023.1234148,Table S4,H247,057a0aaa603cfa4d9683a2eac75e747cb14bd1294e541feb82483fe6bc160e45
Z2023_S4_R248,E. hunanense,Epimedium hunanense,SOURCE_NAME_NOT_ACCEPTED_TAXON_AUDIT,"Hefeng, Hubei",C. Zhang Zhang180,BNU,INNER_SEPAL,SepalC,2,UNRESOLVED_CODEBOOK,10.3389/fpls.2023.1234148,Table S4,G248,057a0aaa603cfa4d9683a2eac75e747cb14bd1294e541feb82483fe6bc160e45
Z2023_S4_R248,E. hunanense,Epimedium hunanense,SOURCE_NAME_NOT_ACCEPTED_TAXON_AUDIT,"Hefeng, Hubei",C. Zhang Zhang180,BNU,PETAL_SPUR,SpurC,1,UNRESOLVED_CODEBOOK,10.3389/fpls.2023.1234148,Table S4,H248,057a0aaa603cfa4d9683a2eac75e747cb14bd1294e541feb82483fe6bc160e45
Z2023_S4_R249,E. hunanense,Epimedium hunanense,SOURCE_NAME_NOT_ACCEPTED_TAXON_AUDIT,"Hefeng, Hubei",C. Zhang Zhang180,BNU,INNER_SEPAL,SepalC,2,UNRESOLVED_CODEBOOK,10.3389/fpls.2023.1234148,Table S4,G249,057a0aaa603cfa4d9683a2eac75e747cb14bd1294e541feb82483fe6bc160e45
Z2023_S4_R249,E. hunanense,Epimedium hunanense,SOURCE_NAME_NOT_ACCEPTED_TAXON_AUDIT,"Hefeng, Hubei",C. Zhang Zhang180,BNU,PETAL_SPUR,SpurC,1,UNRESOLVED_CODEBOOK,10.3389/fpls.2023.1234148,Table S4,H249,057a0aaa603cfa4d9683a2eac75e747cb14bd1294e541feb82483fe6bc160e45
Z2023_S4_R250,E. hunanense,Epimedium hunanense,SOURCE_NAME_NOT_ACCEPTED_TAXON_AUDIT,"Hefeng, Hubei",C. Zhang Zhang180,BNU,INNER_SEPAL,SepalC,2,UNRESOLVED_CODEBOOK,10.3389/fpls.2023.1234148,Table S4,G250,057a0aaa603cfa4d9683a2eac75e747cb14bd1294e541feb82483fe6bc160e45
Z2023_S4_R250,E. hunanense,Epimedium hunanense,SOURCE_NAME_NOT_ACCEPTED_TAXON_AUDIT,"Hefeng, Hubei",C. Zhang Zhang180,BNU,PETAL_SPUR,SpurC,1,UNRESOLVED_CODEBOOK,10.3389/fpls.2023.1234148,Table S4,H250,057a0aaa603cfa4d9683a2eac75e747cb14bd1294e541feb82483fe6bc160e45
Z2023_S4_R251,E. hunanense,Epimedium hunanense,SOURCE_NAME_NOT_ACCEPTED_TAXON_AUDIT,"Hefeng, Hubei",C. Zhang Zhang180,BNU,INNER_SEPAL,SepalC,2,UNRESOLVED_CODEBOOK,10.3389/fpls.2023.1234148,Table S4,G251,057a0aaa603cfa4d9683a2eac75e747cb14bd1294e541feb82483fe6bc160e45
Z2023_S4_R251,E. hunanense,Epimedium hunanense,SOURCE_NAME_NOT_ACCEPTED_TAXON_AUDIT,"Hefeng, Hubei",C. Zhang Zhang180,BNU,PETAL_SPUR,SpurC,1,UNRESOLVED_CODEBOOK,10.3389/fpls.2023.1234148,Table S4,H251,057a0aaa603cfa4d9683a2eac75e747cb14bd1294e541feb82483fe6bc160e45
Z2023_S4_R252,E. hunanense,Epimedium hunanense,SOURCE_NAME_NOT_ACCEPTED_TAXON_AUDIT,"Hefeng, Hubei",C. Zhang Zhang180,BNU,INNER_SEPAL,SepalC,2,UNRESOLVED_CODEBOOK,10.3389/fpls.2023.1234148,Table S4,G252,057a0aaa603cfa4d9683a2eac75e747cb14bd1294e541feb82483fe6bc160e45
Z2023_S4_R252,E. hunanense,Epimedium hunanense,SOURCE_NAME_NOT_ACCEPTED_TAXON_AUDIT,"Hefeng, Hubei",C. Zhang Zhang180,BNU,PETAL_SPUR,SpurC,1,UNRESOLVED_CODEBOOK,10.3389/fpls.2023.1234148,Table S4,H252,057a0aaa603cfa4d9683a2eac75e747cb14bd1294e541feb82483fe6bc160e45
Z2023_S4_R253,E. hunanense,Epimedium hunanense,SOURCE_NAME_NOT_ACCEPTED_TAXON_AUDIT,"Hefeng, Hubei",C. Zhang Zhang180,BNU,INNER_SEPAL,SepalC,2,UNRESOLVED_CODEBOOK,10.3389/fpls.2023.1234148,Table S4,G253,057a0aaa603cfa4d9683a2eac75e747cb14bd1294e541feb82483fe6bc160e45
Z2023_S4_R253,E. hunanense,Epimedium hunanense,SOURCE_NAME_NOT_ACCEPTED_TAXON_AUDIT,"Hefeng, Hubei",C. Zhang Zhang180,BNU,PETAL_SPUR,SpurC,1,UNRESOLVED_CODEBOOK,10.3389/fpls.2023.1234148,Table S4,H253,057a0aaa603cfa4d9683a2eac75e747cb14bd1294e541feb82483fe6bc160e45
Z2023_S4_R254,E. hunanense,Epimedium hunanense,SOURCE_NAME_NOT_ACCEPTED_TAXON_AUDIT,"Hefeng, Hubei",C. Zhang Zhang180,BNU,INNER_SEPAL,SepalC,2,UNRESOLVED_CODEBOOK,10.3389/fpls.2023.1234148,Table S4,G254,057a0aaa603cfa4d9683a2eac75e747cb14bd1294e541feb82483fe6bc160e45
Z2023_S4_R254,E. hunanense,Epimedium hunanense,SOURCE_NAME_NOT_ACCEPTED_TAXON_AUDIT,"Hefeng, Hubei",C. Zhang Zhang180,BNU,PETAL_SPUR,SpurC,1,UNRESOLVED_CODEBOOK,10.3389/fpls.2023.1234148,Table S4,H254,057a0aaa603cfa4d9683a2eac75e747cb14bd1294e541feb82483fe6bc160e45
Z2023_S4_R255,E. hunanense,Epimedium hunanense,SOURCE_NAME_NOT_ACCEPTED_TAXON_AUDIT,"Hefeng, Hubei",C. Zhang Zhang180,BNU,INNER_SEPAL,SepalC,2,UNRESOLVED_CODEBOOK,10.3389/fpls.2023.1234148,Table S4,G255,057a0aaa603cfa4d9683a2eac75e747cb14bd1294e541feb82483fe6bc160e45
Z2023_S4_R255,E. hunanense,Epimedium hunanense,SOURCE_NAME_NOT_ACCEPTED_TAXON_AUDIT,"Hefeng, Hubei",C. Zhang Zhang180,BNU,PETAL_SPUR,SpurC,1,UNRESOLVED_CODEBOOK,10.3389/fpls.2023.1234148,Table S4,H255,057a0aaa603cfa4d9683a2eac75e747cb14bd1294e541feb82483fe6bc160e45
Z2023_S4_R256,E. hunanense,Epimedium hunanense,SOURCE_NAME_NOT_ACCEPTED_TAXON_AUDIT,"Hefeng, Hubei",C. Zhang Zhang180,BNU,INNER_SEPAL,SepalC,2,UNRESOLVED_CODEBOOK,10.3389/fpls.2023.1234148,Table S4,G256,057a0aaa603cfa4d9683a2eac75e747cb14bd1294e541feb82483fe6bc160e45
Z2023_S4_R256,E. hunanense,Epimedium hunanense,SOURCE_NAME_NOT_ACCEPTED_TAXON_AUDIT,"Hefeng, Hubei",C. Zhang Zhang180,BNU,PETAL_SPUR,SpurC,1,UNRESOLVED_CODEBOOK,10.3389/fpls.2023.1234148,Table S4,H256,057a0aaa603cfa4d9683a2eac75e747cb14bd1294e541feb82483fe6bc160e45
Z2023_S4_R257,E. hunanense,Epimedium hunanense,SOURCE_NAME_NOT_ACCEPTED_TAXON_AUDIT,"Hefeng, Hubei",C. Zhang Zhang180,BNU,INNER_SEPAL,SepalC,2,UNRESOLVED_CODEBOOK,10.3389/fpls.2023.1234148,Table S4,G257,057a0aaa603cfa4d9683a2eac75e747cb14bd1294e541feb82483fe6bc160e45
Z2023_S4_R257,E. hunanense,Epimedium hunanense,SOURCE_NAME_NOT_ACCEPTED_TAXON_AUDIT,"Hefeng, Hubei",C. Zhang Zhang180,BNU,PETAL_SPUR,SpurC,1,UNRESOLVED_CODEBOOK,10.3389/fpls.2023.1234148,Table S4,H257,057a0aaa603cfa4d9683a2eac75e747cb14bd1294e541feb82483fe6bc160e45
Z2023_S4_R258,E. hunanense,Epimedium hunanense,SOURCE_NAME_NOT_ACCEPTED_TAXON_AUDIT,"Hefeng, Hubei",C. Zhang Zhang180,BNU,INNER_SEPAL,SepalC,2,UNRESOLVED_CODEBOOK,10.3389/fpls.2023.1234148,Table S4,G258,057a0aaa603cfa4d9683a2eac75e747cb14bd1294e541feb82483fe6bc160e45
Z2023_S4_R258,E. hunanense,Epimedium hunanense,SOURCE_NAME_NOT_ACCEPTED_TAXON_AUDIT,"Hefeng, Hubei",C. Zhang Zhang180,BNU,PETAL_SPUR,SpurC,1,UNRESOLVED_CODEBOOK,10.3389/fpls.2023.1234148,Table S4,H258,057a0aaa603cfa4d9683a2eac75e747cb14bd1294e541feb82483fe6bc160e45
Z2023_S4_R259,E. hunanense,Epimedium hunanense,SOURCE_NAME_NOT_ACCEPTED_TAXON_AUDIT,"Hefeng, Hubei",C. Zhang Zhang180,BNU,INNER_SEPAL,SepalC,2,UNRESOLVED_CODEBOOK,10.3389/fpls.2023.1234148,Table S4,G259,057a0aaa603cfa4d9683a2eac75e747cb14bd1294e541feb82483fe6bc160e45
Z2023_S4_R259,E. hunanense,Epimedium hunanense,SOURCE_NAME_NOT_ACCEPTED_TAXON_AUDIT,"Hefeng, Hubei",C. Zhang Zhang180,BNU,PETAL_SPUR,SpurC,1,UNRESOLVED_CODEBOOK,10.3389/fpls.2023.1234148,Table S4,H259,057a0aaa603cfa4d9683a2eac75e747cb14bd1294e541feb82483fe6bc160e45
Z2023_S4_R260,E. hunanense,Epimedium hunanense,SOURCE_NAME_NOT_ACCEPTED_TAXON_AUDIT,"Hefeng, Hubei",C. Zhang Zhang180,BNU,INNER_SEPAL,SepalC,2,UNRESOLVED_CODEBOOK,10.3389/fpls.2023.1234148,Table S4,G260,057a0aaa603cfa4d9683a2eac75e747cb14bd1294e541feb82483fe6bc160e45
Z2023_S4_R260,E. hunanense,Epimedium hunanense,SOURCE_NAME_NOT_ACCEPTED_TAXON_AUDIT,"Hefeng, Hubei",C. Zhang Zhang180,BNU,PETAL_SPUR,SpurC,1,UNRESOLVED_CODEBOOK,10.3389/fpls.2023.1234148,Table S4,H260,057a0aaa603cfa4d9683a2eac75e747cb14bd1294e541feb82483fe6bc160e45
Z2023_S4_R261,E. hunanense,Epimedium hunanense,SOURCE_NAME_NOT_ACCEPTED_TAXON_AUDIT,"Hefeng, Hubei",C. Zhang Zhang181,BNU,INNER_SEPAL,SepalC,2,UNRESOLVED_CODEBOOK,10.3389/fpls.2023.1234148,Table S4,G261,057a0aaa603cfa4d9683a2eac75e747cb14bd1294e541feb82483fe6bc160e45
Z2023_S4_R261,E. hunanense,Epimedium hunanense,SOURCE_NAME_NOT_ACCEPTED_TAXON_AUDIT,"Hefeng, Hubei",C. Zhang Zhang181,BNU,PETAL_SPUR,SpurC,1,UNRESOLVED_CODEBOOK,10.3389/fpls.2023.1234148,Table S4,H261,057a0aaa603cfa4d9683a2eac75e747cb14bd1294e541feb82483fe6bc160e45
Z2023_S4_R262,E. hunanense,Epimedium hunanense,SOURCE_NAME_NOT_ACCEPTED_TAXON_AUDIT,"Hefeng, Hubei",C. Zhang Zhang181,BNU,INNER_SEPAL,SepalC,2,UNRESOLVED_CODEBOOK,10.3389/fpls.2023.1234148,Table S4,G262,057a0aaa603cfa4d9683a2eac75e747cb14bd1294e541feb82483fe6bc160e45
Z2023_S4_R262,E. hunanense,Epimedium hunanense,SOURCE_NAME_NOT_ACCEPTED_TAXON_AUDIT,"Hefeng, Hubei",C. Zhang Zhang181,BNU,PETAL_SPUR,SpurC,1,UNRESOLVED_CODEBOOK,10.3389/fpls.2023.1234148,Table S4,H262,057a0aaa603cfa4d9683a2eac75e747cb14bd1294e541feb82483fe6bc160e45
Z2023_S4_R263,E. hunanense,Epimedium hunanense,SOURCE_NAME_NOT_ACCEPTED_TAXON_AUDIT,"Hefeng, Hubei",C. Zhang Zhang181,BNU,INNER_SEPAL,SepalC,2,UNRESOLVED_CODEBOOK,10.3389/fpls.2023.1234148,Table S4,G263,057a0aaa603cfa4d9683a2eac75e747cb14bd1294e541feb82483fe6bc160e45
Z2023_S4_R263,E. hunanense,Epimedium hunanense,SOURCE_NAME_NOT_ACCEPTED_TAXON_AUDIT,"Hefeng, Hubei",C. Zhang Zhang181,BNU,PETAL_SPUR,SpurC,1,UNRESOLVED_CODEBOOK,10.3389/fpls.2023.1234148,Table S4,H263,057a0aaa603cfa4d9683a2eac75e747cb14bd1294e541feb82483fe6bc160e45
Z2023_S4_R264,E. hunanense,Epimedium hunanense,SOURCE_NAME_NOT_ACCEPTED_TAXON_AUDIT,"Hefeng, Hubei",C. Zhang Zhang181,BNU,INNER_SEPAL,SepalC,2,UNRESOLVED_CODEBOOK,10.3389/fpls.2023.1234148,Table S4,G264,057a0aaa603cfa4d9683a2eac75e747cb14bd1294e541feb82483fe6bc160e45
Z2023_S4_R264,E. hunanense,Epimedium hunanense,SOURCE_NAME_NOT_ACCEPTED_TAXON_AUDIT,"Hefeng, Hubei",C. Zhang Zhang181,BNU,PETAL_SPUR,SpurC,1,UNRESOLVED_CODEBOOK,10.3389/fpls.2023.1234148,Table S4,H264,057a0aaa603cfa4d9683a2eac75e747cb14bd1294e541feb82483fe6bc160e45
Z2023_S4_R265,E. hunanense,Epimedium hunanense,SOURCE_NAME_NOT_ACCEPTED_TAXON_AUDIT,"Hefeng, Hubei",C. Zhang Zhang181,BNU,INNER_SEPAL,SepalC,2,UNRESOLVED_CODEBOOK,10.3389/fpls.2023.1234148,Table S4,G265,057a0aaa603cfa4d9683a2eac75e747cb14bd1294e541feb82483fe6bc160e45
Z2023_S4_R265,E. hunanense,Epimedium hunanense,SOURCE_NAME_NOT_ACCEPTED_TAXON_AUDIT,"Hefeng, Hubei",C. Zhang Zhang181,BNU,PETAL_SPUR,SpurC,1,UNRESOLVED_CODEBOOK,10.3389/fpls.2023.1234148,Table S4,H265,057a0aaa603cfa4d9683a2eac75e747cb14bd1294e541feb82483fe6bc160e45
Z2023_S4_R266,E. hunanense,Epimedium hunanense,SOURCE_NAME_NOT_ACCEPTED_TAXON_AUDIT,"Hefeng, Hubei",C. Zhang Zhang181,BNU,INNER_SEPAL,SepalC,2,UNRESOLVED_CODEBOOK,10.3389/fpls.2023.1234148,Table S4,G266,057a0aaa603cfa4d9683a2eac75e747cb14bd1294e541feb82483fe6bc160e45
Z2023_S4_R266,E. hunanense,Epimedium hunanense,SOURCE_NAME_NOT_ACCEPTED_TAXON_AUDIT,"Hefeng, Hubei",C. Zhang Zhang181,BNU,PETAL_SPUR,SpurC,1,UNRESOLVED_CODEBOOK,10.3389/fpls.2023.1234148,Table S4,H266,057a0aaa603cfa4d9683a2eac75e747cb14bd1294e541feb82483fe6bc160e45
Z2023_S4_R267,E. hunanense,Epimedium hunanense,SOURCE_NAME_NOT_ACCEPTED_TAXON_AUDIT,"Hefeng, Hubei",C. Zhang Zhang181,BNU,INNER_SEPAL,SepalC,2,UNRESOLVED_CODEBOOK,10.3389/fpls.2023.1234148,Table S4,G267,057a0aaa603cfa4d9683a2eac75e747cb14bd1294e541feb82483fe6bc160e45
Z2023_S4_R267,E. hunanense,Epimedium hunanense,SOURCE_NAME_NOT_ACCEPTED_TAXON_AUDIT,"Hefeng, Hubei",C. Zhang Zhang181,BNU,PETAL_SPUR,SpurC,1,UNRESOLVED_CODEBOOK,10.3389/fpls.2023.1234148,Table S4,H267,057a0aaa603cfa4d9683a2eac75e747cb14bd1294e541feb82483fe6bc160e45
Z2023_S4_R268,E. hunanense,Epimedium hunanense,SOURCE_NAME_NOT_ACCEPTED_TAXON_AUDIT,"Hefeng, Hubei",C. Zhang Zhang181,BNU,INNER_SEPAL,SepalC,2,UNRESOLVED_CODEBOOK,10.3389/fpls.2023.1234148,Table S4,G268,057a0aaa603cfa4d9683a2eac75e747cb14bd1294e541feb82483fe6bc160e45
Z2023_S4_R268,E. hunanense,Epimedium hunanense,SOURCE_NAME_NOT_ACCEPTED_TAXON_AUDIT,"Hefeng, Hubei",C. Zhang Zhang181,BNU,PETAL_SPUR,SpurC,1,UNRESOLVED_CODEBOOK,10.3389/fpls.2023.1234148,Table S4,H268,057a0aaa603cfa4d9683a2eac75e747cb14bd1294e541feb82483fe6bc160e45
Z2023_S4_R269,E. hunanense,Epimedium hunanense,SOURCE_NAME_NOT_ACCEPTED_TAXON_AUDIT,"Hefeng, Hubei",C. Zhang Zhang181,BNU,INNER_SEPAL,SepalC,2,UNRESOLVED_CODEBOOK,10.3389/fpls.2023.1234148,Table S4,G269,057a0aaa603cfa4d9683a2eac75e747cb14bd1294e541feb82483fe6bc160e45
Z2023_S4_R269,E. hunanense,Epimedium hunanense,SOURCE_NAME_NOT_ACCEPTED_TAXON_AUDIT,"Hefeng, Hubei",C. Zhang Zhang181,BNU,PETAL_SPUR,SpurC,1,UNRESOLVED_CODEBOOK,10.3389/fpls.2023.1234148,Table S4,H269,057a0aaa603cfa4d9683a2eac75e747cb14bd1294e541feb82483fe6bc160e45
Z2023_S4_R270,E. hunanense,Epimedium hunanense,SOURCE_NAME_NOT_ACCEPTED_TAXON_AUDIT,"Hefeng, Hubei",C. Zhang Zhang181,BNU,INNER_SEPAL,SepalC,2,UNRESOLVED_CODEBOOK,10.3389/fpls.2023.1234148,Table S4,G270,057a0aaa603cfa4d9683a2eac75e747cb14bd1294e541feb82483fe6bc160e45
Z2023_S4_R270,E. hunanense,Epimedium hunanense,SOURCE_NAME_NOT_ACCEPTED_TAXON_AUDIT,"Hefeng, Hubei",C. Zhang Zhang181,BNU,PETAL_SPUR,SpurC,1,UNRESOLVED_CODEBOOK,10.3389/fpls.2023.1234148,Table S4,H270,057a0aaa603cfa4d9683a2eac75e747cb14bd1294e541feb82483fe6bc160e45
Z2023_S4_R271,E. hunanense,Epimedium hunanense,SOURCE_NAME_NOT_ACCEPTED_TAXON_AUDIT,"Hefeng, Hubei",C. Zhang Zhang181,BNU,INNER_SEPAL,SepalC,2,UNRESOLVED_CODEBOOK,10.3389/fpls.2023.1234148,Table S4,G271,057a0aaa603cfa4d9683a2eac75e747cb14bd1294e541feb82483fe6bc160e45
Z2023_S4_R271,E. hunanense,Epimedium hunanense,SOURCE_NAME_NOT_ACCEPTED_TAXON_AUDIT,"Hefeng, Hubei",C. Zhang Zhang181,BNU,PETAL_SPUR,SpurC,1,UNRESOLVED_CODEBOOK,10.3389/fpls.2023.1234148,Table S4,H271,057a0aaa603cfa4d9683a2eac75e747cb14bd1294e541feb82483fe6bc160e45
Z2023_S4_R272,E. hunanense,Epimedium hunanense,SOURCE_NAME_NOT_ACCEPTED_TAXON_AUDIT,"Hefeng, Hubei",C. Zhang Zhang181,BNU,INNER_SEPAL,SepalC,2,UNRESOLVED_CODEBOOK,10.3389/fpls.2023.1234148,Table S4,G272,057a0aaa603cfa4d9683a2eac75e747cb14bd1294e541feb82483fe6bc160e45
Z2023_S4_R272,E. hunanense,Epimedium hunanense,SOURCE_NAME_NOT_ACCEPTED_TAXON_AUDIT,"Hefeng, Hubei",C. Zhang Zhang181,BNU,PETAL_SPUR,SpurC,1,UNRESOLVED_CODEBOOK,10.3389/fpls.2023.1234148,Table S4,H272,057a0aaa603cfa4d9683a2eac75e747cb14bd1294e541feb82483fe6bc160e45
Z2023_S4_R273,E. hunanense,Epimedium hunanense,SOURCE_NAME_NOT_ACCEPTED_TAXON_AUDIT,"Hefeng, Hubei",C. Zhang Zhang181,BNU,INNER_SEPAL,SepalC,2,UNRESOLVED_CODEBOOK,10.3389/fpls.2023.1234148,Table S4,G273,057a0aaa603cfa4d9683a2eac75e747cb14bd1294e541feb82483fe6bc160e45
Z2023_S4_R273,E. hunanense,Epimedium hunanense,SOURCE_NAME_NOT_ACCEPTED_TAXON_AUDIT,"Hefeng, Hubei",C. Zhang Zhang181,BNU,PETAL_SPUR,SpurC,1,UNRESOLVED_CODEBOOK,10.3389/fpls.2023.1234148,Table S4,H273,057a0aaa603cfa4d9683a2eac75e747cb14bd1294e541feb82483fe6bc160e45
Z2023_S4_R274,E. hunanense,Epimedium hunanense,SOURCE_NAME_NOT_ACCEPTED_TAXON_AUDIT,"Hefeng, Hubei",C. Zhang Zhang181,BNU,INNER_SEPAL,SepalC,2,UNRESOLVED_CODEBOOK,10.3389/fpls.2023.1234148,Table S4,G274,057a0aaa603cfa4d9683a2eac75e747cb14bd1294e541feb82483fe6bc160e45
Z2023_S4_R274,E. hunanense,Epimedium hunanense,SOURCE_NAME_NOT_ACCEPTED_TAXON_AUDIT,"Hefeng, Hubei",C. Zhang Zhang181,BNU,PETAL_SPUR,SpurC,1,UNRESOLVED_CODEBOOK,10.3389/fpls.2023.1234148,Table S4,H274,057a0aaa603cfa4d9683a2eac75e747cb14bd1294e541feb82483fe6bc160e45
Z2023_S4_R275,E. hunanense,Epimedium hunanense,SOURCE_NAME_NOT_ACCEPTED_TAXON_AUDIT,"Hefeng, Hubei",C. Zhang Zhang181,BNU,INNER_SEPAL,SepalC,2,UNRESOLVED_CODEBOOK,10.3389/fpls.2023.1234148,Table S4,G275,057a0aaa603cfa4d9683a2eac75e747cb14bd1294e541feb82483fe6bc160e45
Z2023_S4_R275,E. hunanense,Epimedium hunanense,SOURCE_NAME_NOT_ACCEPTED_TAXON_AUDIT,"Hefeng, Hubei",C. Zhang Zhang181,BNU,PETAL_SPUR,SpurC,1,UNRESOLVED_CODEBOOK,10.3389/fpls.2023.1234148,Table S4,H275,057a0aaa603cfa4d9683a2eac75e747cb14bd1294e541feb82483fe6bc160e45
Z2023_S4_R276,E. hunanense,Epimedium hunanense,SOURCE_NAME_NOT_ACCEPTED_TAXON_AUDIT,"Hefeng, Hubei",C. Zhang Zhang181,BNU,INNER_SEPAL,SepalC,2,UNRESOLVED_CODEBOOK,10.3389/fpls.2023.1234148,Table S4,G276,057a0aaa603cfa4d9683a2eac75e747cb14bd1294e541feb82483fe6bc160e45
Z2023_S4_R276,E. hunanense,Epimedium hunanense,SOURCE_NAME_NOT_ACCEPTED_TAXON_AUDIT,"Hefeng, Hubei",C. Zhang Zhang181,BNU,PETAL_SPUR,SpurC,1,UNRESOLVED_CODEBOOK,10.3389/fpls.2023.1234148,Table S4,H276,057a0aaa603cfa4d9683a2eac75e747cb14bd1294e541feb82483fe6bc160e45
Z2023_S4_R277,E. hunanense,Epimedium hunanense,SOURCE_NAME_NOT_ACCEPTED_TAXON_AUDIT,"Hefeng, Hubei",C. Zhang Zhang181,BNU,INNER_SEPAL,SepalC,2,UNRESOLVED_CODEBOOK,10.3389/fpls.2023.1234148,Table S4,G277,057a0aaa603cfa4d9683a2eac75e747cb14bd1294e541feb82483fe6bc160e45
Z2023_S4_R277,E. hunanense,Epimedium hunanense,SOURCE_NAME_NOT_ACCEPTED_TAXON_AUDIT,"Hefeng, Hubei",C. Zhang Zhang181,BNU,PETAL_SPUR,SpurC,1,UNRESOLVED_CODEBOOK,10.3389/fpls.2023.1234148,Table S4,H277,057a0aaa603cfa4d9683a2eac75e747cb14bd1294e541feb82483fe6bc160e45
Z2023_S4_R278,E. hunanense,Epimedium hunanense,SOURCE_NAME_NOT_ACCEPTED_TAXON_AUDIT,"Hefeng, Hubei",C. Zhang Zhang181,BNU,INNER_SEPAL,SepalC,2,UNRESOLVED_CODEBOOK,10.3389/fpls.2023.1234148,Table S4,G278,057a0aaa603cfa4d9683a2eac75e747cb14bd1294e541feb82483fe6bc160e45
Z2023_S4_R278,E. hunanense,Epimedium hunanense,SOURCE_NAME_NOT_ACCEPTED_TAXON_AUDIT,"Hefeng, Hubei",C. Zhang Zhang181,BNU,PETAL_SPUR,SpurC,1,UNRESOLVED_CODEBOOK,10.3389/fpls.2023.1234148,Table S4,H278,057a0aaa603cfa4d9683a2eac75e747cb14bd1294e541feb82483fe6bc160e45
Z2023_S4_R279,E. hunanense,Epimedium hunanense,SOURCE_NAME_NOT_ACCEPTED_TAXON_AUDIT,"Hefeng, Hubei",C. Zhang Zhang181,BNU,INNER_SEPAL,SepalC,2,UNRESOLVED_CODEBOOK,10.3389/fpls.2023.1234148,Table S4,G279,057a0aaa603cfa4d9683a2eac75e747cb14bd1294e541feb82483fe6bc160e45
Z2023_S4_R279,E. hunanense,Epimedium hunanense,SOURCE_NAME_NOT_ACCEPTED_TAXON_AUDIT,"Hefeng, Hubei",C. Zhang Zhang181,BNU,PETAL_SPUR,SpurC,1,UNRESOLVED_CODEBOOK,10.3389/fpls.2023.1234148,Table S4,H279,057a0aaa603cfa4d9683a2eac75e747cb14bd1294e541feb82483fe6bc160e45
Z2023_S4_R280,E. hunanense,Epimedium hunanense,SOURCE_NAME_NOT_ACCEPTED_TAXON_AUDIT,"Hefeng, Hubei",C. Zhang Zhang181,BNU,INNER_SEPAL,SepalC,2,UNRESOLVED_CODEBOOK,10.3389/fpls.2023.1234148,Table S4,G280,057a0aaa603cfa4d9683a2eac75e747cb14bd1294e541feb82483fe6bc160e45
Z2023_S4_R280,E. hunanense,Epimedium hunanense,SOURCE_NAME_NOT_ACCEPTED_TAXON_AUDIT,"Hefeng, Hubei",C. Zhang Zhang181,BNU,PETAL_SPUR,SpurC,1,UNRESOLVED_CODEBOOK,10.3389/fpls.2023.1234148,Table S4,H280,057a0aaa603cfa4d9683a2eac75e747cb14bd1294e541feb82483fe6bc160e45
Z2023_S4_R281,E. hunanense,Epimedium hunanense,SOURCE_NAME_NOT_ACCEPTED_TAXON_AUDIT,"Hefeng, Hubei",C. Zhang Zhang181,BNU,INNER_SEPAL,SepalC,2,UNRESOLVED_CODEBOOK,10.3389/fpls.2023.1234148,Table S4,G281,057a0aaa603cfa4d9683a2eac75e747cb14bd1294e541feb82483fe6bc160e45
Z2023_S4_R281,E. hunanense,Epimedium hunanense,SOURCE_NAME_NOT_ACCEPTED_TAXON_AUDIT,"Hefeng, Hubei",C. Zhang Zhang181,BNU,PETAL_SPUR,SpurC,1,UNRESOLVED_CODEBOOK,10.3389/fpls.2023.1234148,Table S4,H281,057a0aaa603cfa4d9683a2eac75e747cb14bd1294e541feb82483fe6bc160e45
Z2023_S4_R282,E. hunanense,Epimedium hunanense,SOURCE_NAME_NOT_ACCEPTED_TAXON_AUDIT,"Hefeng, Hubei",C. Zhang Zhang181,BNU,INNER_SEPAL,SepalC,2,UNRESOLVED_CODEBOOK,10.3389/fpls.2023.1234148,Table S4,G282,057a0aaa603cfa4d9683a2eac75e747cb14bd1294e541feb82483fe6bc160e45
Z2023_S4_R282,E. hunanense,Epimedium hunanense,SOURCE_NAME_NOT_ACCEPTED_TAXON_AUDIT,"Hefeng, Hubei",C. Zhang Zhang181,BNU,PETAL_SPUR,SpurC,1,UNRESOLVED_CODEBOOK,10.3389/fpls.2023.1234148,Table S4,H282,057a0aaa603cfa4d9683a2eac75e747cb14bd1294e541feb82483fe6bc160e45
Z2023_S4_R283,E. hunanense,Epimedium hunanense,SOURCE_NAME_NOT_ACCEPTED_TAXON_AUDIT,"Hefeng, Hubei",C. Zhang Zhang181,BNU,INNER_SEPAL,SepalC,2,UNRESOLVED_CODEBOOK,10.3389/fpls.2023.1234148,Table S4,G283,057a0aaa603cfa4d9683a2eac75e747cb14bd1294e541feb82483fe6bc160e45
Z2023_S4_R283,E. hunanense,Epimedium hunanense,SOURCE_NAME_NOT_ACCEPTED_TAXON_AUDIT,"Hefeng, Hubei",C. Zhang Zhang181,BNU,PETAL_SPUR,SpurC,1,UNRESOLVED_CODEBOOK,10.3389/fpls.2023.1234148,Table S4,H283,057a0aaa603cfa4d9683a2eac75e747cb14bd1294e541feb82483fe6bc160e45
Z2023_S4_R284,E. hunanense,Epimedium hunanense,SOURCE_NAME_NOT_ACCEPTED_TAXON_AUDIT,"Hefeng, Hubei",C. Zhang Zhang181,BNU,INNER_SEPAL,SepalC,2,UNRESOLVED_CODEBOOK,10.3389/fpls.2023.1234148,Table S4,G284,057a0aaa603cfa4d9683a2eac75e747cb14bd1294e541feb82483fe6bc160e45
Z2023_S4_R284,E. hunanense,Epimedium hunanense,SOURCE_NAME_NOT_ACCEPTED_TAXON_AUDIT,"Hefeng, Hubei",C. Zhang Zhang181,BNU,PETAL_SPUR,SpurC,1,UNRESOLVED_CODEBOOK,10.3389/fpls.2023.1234148,Table S4,H284,057a0aaa603cfa4d9683a2eac75e747cb14bd1294e541feb82483fe6bc160e45
Z2023_S4_R285,E. hunanense,Epimedium hunanense,SOURCE_NAME_NOT_ACCEPTED_TAXON_AUDIT,"Hefeng, Hubei",C. Zhang Zhang181,BNU,INNER_SEPAL,SepalC,2,UNRESOLVED_CODEBOOK,10.3389/fpls.2023.1234148,Table S4,G285,057a0aaa603cfa4d9683a2eac75e747cb14bd1294e541feb82483fe6bc160e45
Z2023_S4_R285,E. hunanense,Epimedium hunanense,SOURCE_NAME_NOT_ACCEPTED_TAXON_AUDIT,"Hefeng, Hubei",C. Zhang Zhang181,BNU,PETAL_SPUR,SpurC,1,UNRESOLVED_CODEBOOK,10.3389/fpls.2023.1234148,Table S4,H285,057a0aaa603cfa4d9683a2eac75e747cb14bd1294e541feb82483fe6bc160e45
Z2023_S4_R286,E. hunanense,Epimedium hunanense,SOURCE_NAME_NOT_ACCEPTED_TAXON_AUDIT,"Hefeng, Hubei",C. Zhang Zhang181,BNU,INNER_SEPAL,SepalC,2,UNRESOLVED_CODEBOOK,10.3389/fpls.2023.1234148,Table S4,G286,057a0aaa603cfa4d9683a2eac75e747cb14bd1294e541feb82483fe6bc160e45
Z2023_S4_R286,E. hunanense,Epimedium hunanense,SOURCE_NAME_NOT_ACCEPTED_TAXON_AUDIT,"Hefeng, Hubei",C. Zhang Zhang181,BNU,PETAL_SPUR,SpurC,1,UNRESOLVED_CODEBOOK,10.3389/fpls.2023.1234148,Table S4,H286,057a0aaa603cfa4d9683a2eac75e747cb14bd1294e541feb82483fe6bc160e45
Z2023_S4_R287,E. ilicifolium,Epimedium ilicifolium,SOURCE_NAME_NOT_ACCEPTED_TAXON_AUDIT,"Zhuxi, Hubei",C. Zhang Zhang200,BNU,INNER_SEPAL,SepalC,1,UNRESOLVED_CODEBOOK,10.3389/fpls.2023.1234148,Table S4,G287,057a0aaa603cfa4d9683a2eac75e747cb14bd1294e541feb82483fe6bc160e45
Z2023_S4_R287,E. ilicifolium,Epimedium ilicifolium,SOURCE_NAME_NOT_ACCEPTED_TAXON_AUDIT,"Zhuxi, Hubei",C. Zhang Zhang200,BNU,PETAL_SPUR,SpurC,1,UNRESOLVED_CODEBOOK,10.3389/fpls.2023.1234148,Table S4,H287,057a0aaa603cfa4d9683a2eac75e747cb14bd1294e541feb82483fe6bc160e45
Z2023_S4_R288,E. ilicifolium,Epimedium ilicifolium,SOURCE_NAME_NOT_ACCEPTED_TAXON_AUDIT,"Zhuxi, Hubei",C. Zhang Zhang200,BNU,INNER_SEPAL,SepalC,1,UNRESOLVED_CODEBOOK,10.3389/fpls.2023.1234148,Table S4,G288,057a0aaa603cfa4d9683a2eac75e747cb14bd1294e541feb82483fe6bc160e45
Z2023_S4_R288,E. ilicifolium,Epimedium ilicifolium,SOURCE_NAME_NOT_ACCEPTED_TAXON_AUDIT,"Zhuxi, Hubei",C. Zhang Zhang200,BNU,PETAL_SPUR,SpurC,1,UNRESOLVED_CODEBOOK,10.3389/fpls.2023.1234148,Table S4,H288,057a0aaa603cfa4d9683a2eac75e747cb14bd1294e541feb82483fe6bc160e45
Z2023_S4_R289,E. ilicifolium,Epimedium ilicifolium,SOURCE_NAME_NOT_ACCEPTED_TAXON_AUDIT,"Zhuxi, Hubei",C. Zhang Zhang200,BNU,INNER_SEPAL,SepalC,1,UNRESOLVED_CODEBOOK,10.3389/fpls.2023.1234148,Table S4,G289,057a0aaa603cfa4d9683a2eac75e747cb14bd1294e541feb82483fe6bc160e45
Z2023_S4_R289,E. ilicifolium,Epimedium ilicifolium,SOURCE_NAME_NOT_ACCEPTED_TAXON_AUDIT,"Zhuxi, Hubei",C. Zhang Zhang200,BNU,PETAL_SPUR,SpurC,1,UNRESOLVED_CODEBOOK,10.3389/fpls.2023.1234148,Table S4,H289,057a0aaa603cfa4d9683a2eac75e747cb14bd1294e541feb82483fe6bc160e45
Z2023_S4_R290,E. ilicifolium,Epimedium ilicifolium,SOURCE_NAME_NOT_ACCEPTED_TAXON_AUDIT,"Zhuxi, Hubei",C. Zhang Zhang200,BNU,INNER_SEPAL,SepalC,1,UNRESOLVED_CODEBOOK,10.3389/fpls.2023.1234148,Table S4,G290,057a0aaa603cfa4d9683a2eac75e747cb14bd1294e541feb82483fe6bc160e45
Z2023_S4_R290,E. ilicifolium,Epimedium ilicifolium,SOURCE_NAME_NOT_ACCEPTED_TAXON_AUDIT,"Zhuxi, Hubei",C. Zhang Zhang200,BNU,PETAL_SPUR,SpurC,1,UNRESOLVED_CODEBOOK,10.3389/fpls.2023.1234148,Table S4,H290,057a0aaa603cfa4d9683a2eac75e747cb14bd1294e541feb82483fe6bc160e45
Z2023_S4_R291,E. ilicifolium,Epimedium ilicifolium,SOURCE_NAME_NOT_ACCEPTED_TAXON_AUDIT,"Zhuxi, Hubei",C. Zhang Zhang200,BNU,INNER_SEPAL,SepalC,1,UNRESOLVED_CODEBOOK,10.3389/fpls.2023.1234148,Table S4,G291,057a0aaa603cfa4d9683a2eac75e747cb14bd1294e541feb82483fe6bc160e45
Z2023_S4_R291,E. ilicifolium,Epimedium ilicifolium,SOURCE_NAME_NOT_ACCEPTED_TAXON_AUDIT,"Zhuxi, Hubei",C. Zhang Zhang200,BNU,PETAL_SPUR,SpurC,1,UNRESOLVED_CODEBOOK,10.3389/fpls.2023.1234148,Table S4,H291,057a0aaa603cfa4d9683a2eac75e747cb14bd1294e541feb82483fe6bc160e45
Z2023_S4_R292,E. ilicifolium,Epimedium ilicifolium,SOURCE_NAME_NOT_ACCEPTED_TAXON_AUDIT,"Zhuxi, Hubei",C. Zhang Zhang200,BNU,INNER_SEPAL,SepalC,1,UNRESOLVED_CODEBOOK,10.3389/fpls.2023.1234148,Table S4,G292,057a0aaa603cfa4d9683a2eac75e747cb14bd1294e541feb82483fe6bc160e45
Z2023_S4_R292,E. ilicifolium,Epimedium ilicifolium,SOURCE_NAME_NOT_ACCEPTED_TAXON_AUDIT,"Zhuxi, Hubei",C. Zhang Zhang200,BNU,PETAL_SPUR,SpurC,1,UNRESOLVED_CODEBOOK,10.3389/fpls.2023.1234148,Table S4,H292,057a0aaa603cfa4d9683a2eac75e747cb14bd1294e541feb82483fe6bc160e45
Z2023_S4_R293,E. ilicifolium,Epimedium ilicifolium,SOURCE_NAME_NOT_ACCEPTED_TAXON_AUDIT,"Zhuxi, Hubei",C. Zhang Zhang200,BNU,INNER_SEPAL,SepalC,1,UNRESOLVED_CODEBOOK,10.3389/fpls.2023.1234148,Table S4,G293,057a0aaa603cfa4d9683a2eac75e747cb14bd1294e541feb82483fe6bc160e45
Z2023_S4_R293,E. ilicifolium,Epimedium ilicifolium,SOURCE_NAME_NOT_ACCEPTED_TAXON_AUDIT,"Zhuxi, Hubei",C. Zhang Zhang200,BNU,PETAL_SPUR,SpurC,1,UNRESOLVED_CODEBOOK,10.3389/fpls.2023.1234148,Table S4,H293,057a0aaa603cfa4d9683a2eac75e747cb14bd1294e541feb82483fe6bc160e45
Z2023_S4_R294,E. ilicifolium,Epimedium ilicifolium,SOURCE_NAME_NOT_ACCEPTED_TAXON_AUDIT,"Zhuxi, Hubei",C. Zhang Zhang200,BNU,INNER_SEPAL,SepalC,1,UNRESOLVED_CODEBOOK,10.3389/fpls.2023.1234148,Table S4,G294,057a0aaa603cfa4d9683a2eac75e747cb14bd1294e541feb82483fe6bc160e45
Z2023_S4_R294,E. ilicifolium,Epimedium ilicifolium,SOURCE_NAME_NOT_ACCEPTED_TAXON_AUDIT,"Zhuxi, Hubei",C. Zhang Zhang200,BNU,PETAL_SPUR,SpurC,1,UNRESOLVED_CODEBOOK,10.3389/fpls.2023.1234148,Table S4,H294,057a0aaa603cfa4d9683a2eac75e747cb14bd1294e541feb82483fe6bc160e45
Z2023_S4_R295,E. ilicifolium,Epimedium ilicifolium,SOURCE_NAME_NOT_ACCEPTED_TAXON_AUDIT,"Zhuxi, Hubei",C. Zhang Zhang200,BNU,INNER_SEPAL,SepalC,1,UNRESOLVED_CODEBOOK,10.3389/fpls.2023.1234148,Table S4,G295,057a0aaa603cfa4d9683a2eac75e747cb14bd1294e541feb82483fe6bc160e45
Z2023_S4_R295,E. ilicifolium,Epimedium ilicifolium,SOURCE_NAME_NOT_ACCEPTED_TAXON_AUDIT,"Zhuxi, Hubei",C. Zhang Zhang200,BNU,PETAL_SPUR,SpurC,1,UNRESOLVED_CODEBOOK,10.3389/fpls.2023.1234148,Table S4,H295,057a0aaa603cfa4d9683a2eac75e747cb14bd1294e541feb82483fe6bc160e45
Z2023_S4_R296,E. ilicifolium,Epimedium ilicifolium,SOURCE_NAME_NOT_ACCEPTED_TAXON_AUDIT,"Zhuxi, Hubei",C. Zhang Zhang200,BNU,INNER_SEPAL,SepalC,1,UNRESOLVED_CODEBOOK,10.3389/fpls.2023.1234148,Table S4,G296,057a0aaa603cfa4d9683a2eac75e747cb14bd1294e541feb82483fe6bc160e45
Z2023_S4_R296,E. ilicifolium,Epimedium ilicifolium,SOURCE_NAME_NOT_ACCEPTED_TAXON_AUDIT,"Zhuxi, Hubei",C. Zhang Zhang200,BNU,PETAL_SPUR,SpurC,1,UNRESOLVED_CODEBOOK,10.3389/fpls.2023.1234148,Table S4,H296,057a0aaa603cfa4d9683a2eac75e747cb14bd1294e541feb82483fe6bc160e45
Z2023_S4_R297,E. ilicifolium,Epimedium ilicifolium,SOURCE_NAME_NOT_ACCEPTED_TAXON_AUDIT,"Zhuxi, Hubei",C. Zhang Zhang200,BNU,INNER_SEPAL,SepalC,1,UNRESOLVED_CODEBOOK,10.3389/fpls.2023.1234148,Table S4,G297,057a0aaa603cfa4d9683a2eac75e747cb14bd1294e541feb82483fe6bc160e45
Z2023_S4_R297,E. ilicifolium,Epimedium ilicifolium,SOURCE_NAME_NOT_ACCEPTED_TAXON_AUDIT,"Zhuxi, Hubei",C. Zhang Zhang200,BNU,PETAL_SPUR,SpurC,1,UNRESOLVED_CODEBOOK,10.3389/fpls.2023.1234148,Table S4,H297,057a0aaa603cfa4d9683a2eac75e747cb14bd1294e541feb82483fe6bc160e45
Z2023_S4_R298,E. ilicifolium,Epimedium ilicifolium,SOURCE_NAME_NOT_ACCEPTED_TAXON_AUDIT,"Zhuxi, Hubei",C. Zhang Zhang200,BNU,INNER_SEPAL,SepalC,1,UNRESOLVED_CODEBOOK,10.3389/fpls.2023.1234148,Table S4,G298,057a0aaa603cfa4d9683a2eac75e747cb14bd1294e541feb82483fe6bc160e45
Z2023_S4_R298,E. ilicifolium,Epimedium ilicifolium,SOURCE_NAME_NOT_ACCEPTED_TAXON_AUDIT,"Zhuxi, Hubei",C. Zhang Zhang200,BNU,PETAL_SPUR,SpurC,1,UNRESOLVED_CODEBOOK,10.3389/fpls.2023.1234148,Table S4,H298,057a0aaa603cfa4d9683a2eac75e747cb14bd1294e541feb82483fe6bc160e45
Z2023_S4_R299,E. ilicifolium,Epimedium ilicifolium,SOURCE_NAME_NOT_ACCEPTED_TAXON_AUDIT,"Zhuxi, Hubei",C. Zhang Zhang200,BNU,INNER_SEPAL,SepalC,1,UNRESOLVED_CODEBOOK,10.3389/fpls.2023.1234148,Table S4,G299,057a0aaa603cfa4d9683a2eac75e747cb14bd1294e541feb82483fe6bc160e45
Z2023_S4_R299,E. ilicifolium,Epimedium ilicifolium,SOURCE_NAME_NOT_ACCEPTED_TAXON_AUDIT,"Zhuxi, Hubei",C. Zhang Zhang200,BNU,PETAL_SPUR,SpurC,1,UNRESOLVED_CODEBOOK,10.3389/fpls.2023.1234148,Table S4,H299,057a0aaa603cfa4d9683a2eac75e747cb14bd1294e541feb82483fe6bc160e45
Z2023_S4_R300,E. ilicifolium,Epimedium ilicifolium,SOURCE_NAME_NOT_ACCEPTED_TAXON_AUDIT,"Zhuxi, Hubei",C. Zhang Zhang200,BNU,INNER_SEPAL,SepalC,1,UNRESOLVED_CODEBOOK,10.3389/fpls.2023.1234148,Table S4,G300,057a0aaa603cfa4d9683a2eac75e747cb14bd1294e541feb82483fe6bc160e45
Z2023_S4_R300,E. ilicifolium,Epimedium ilicifolium,SOURCE_NAME_NOT_ACCEPTED_TAXON_AUDIT,"Zhuxi, Hubei",C. Zhang Zhang200,BNU,PETAL_SPUR,SpurC,1,UNRESOLVED_CODEBOOK,10.3389/fpls.2023.1234148,Table S4,H300,057a0aaa603cfa4d9683a2eac75e747cb14bd1294e541feb82483fe6bc160e45
Z2023_S4_R301,E. ilicifolium,Epimedium ilicifolium,SOURCE_NAME_NOT_ACCEPTED_TAXON_AUDIT,"Zhuxi, Hubei",C. Zhang Zhang200,BNU,INNER_SEPAL,SepalC,1,UNRESOLVED_CODEBOOK,10.3389/fpls.2023.1234148,Table S4,G301,057a0aaa603cfa4d9683a2eac75e747cb14bd1294e541feb82483fe6bc160e45
Z2023_S4_R301,E. ilicifolium,Epimedium ilicifolium,SOURCE_NAME_NOT_ACCEPTED_TAXON_AUDIT,"Zhuxi, Hubei",C. Zhang Zhang200,BNU,PETAL_SPUR,SpurC,1,UNRESOLVED_CODEBOOK,10.3389/fpls.2023.1234148,Table S4,H301,057a0aaa603cfa4d9683a2eac75e747cb14bd1294e541feb82483fe6bc160e45
Z2023_S4_R302,E. ilicifolium,Epimedium ilicifolium,SOURCE_NAME_NOT_ACCEPTED_TAXON_AUDIT,"Zhuxi, Hubei",C. Zhang Zhang200,BNU,INNER_SEPAL,SepalC,1,UNRESOLVED_CODEBOOK,10.3389/fpls.2023.1234148,Table S4,G302,057a0aaa603cfa4d9683a2eac75e747cb14bd1294e541feb82483fe6bc160e45
Z2023_S4_R302,E. ilicifolium,Epimedium ilicifolium,SOURCE_NAME_NOT_ACCEPTED_TAXON_AUDIT,"Zhuxi, Hubei",C. Zhang Zhang200,BNU,PETAL_SPUR,SpurC,1,UNRESOLVED_CODEBOOK,10.3389/fpls.2023.1234148,Table S4,H302,057a0aaa603cfa4d9683a2eac75e747cb14bd1294e541feb82483fe6bc160e45
Z2023_S4_R303,E. ilicifolium,Epimedium ilicifolium,SOURCE_NAME_NOT_ACCEPTED_TAXON_AUDIT,"Zhuxi, Hubei",C. Zhang Zhang200,BNU,INNER_SEPAL,SepalC,1,UNRESOLVED_CODEBOOK,10.3389/fpls.2023.1234148,Table S4,G303,057a0aaa603cfa4d9683a2eac75e747cb14bd1294e541feb82483fe6bc160e45
Z2023_S4_R303,E. ilicifolium,Epimedium ilicifolium,SOURCE_NAME_NOT_ACCEPTED_TAXON_AUDIT,"Zhuxi, Hubei",C. Zhang Zhang200,BNU,PETAL_SPUR,SpurC,1,UNRESOLVED_CODEBOOK,10.3389/fpls.2023.1234148,Table S4,H303,057a0aaa603cfa4d9683a2eac75e747cb14bd1294e541feb82483fe6bc160e45
Z2023_S4_R304,E. ilicifolium,Epimedium ilicifolium,SOURCE_NAME_NOT_ACCEPTED_TAXON_AUDIT,"Zhuxi, Hubei",C. Zhang Zhang200,BNU,INNER_SEPAL,SepalC,1,UNRESOLVED_CODEBOOK,10.3389/fpls.2023.1234148,Table S4,G304,057a0aaa603cfa4d9683a2eac75e747cb14bd1294e541feb82483fe6bc160e45
Z2023_S4_R304,E. ilicifolium,Epimedium ilicifolium,SOURCE_NAME_NOT_ACCEPTED_TAXON_AUDIT,"Zhuxi, Hubei",C. Zhang Zhang200,BNU,PETAL_SPUR,SpurC,1,UNRESOLVED_CODEBOOK,10.3389/fpls.2023.1234148,Table S4,H304,057a0aaa603cfa4d9683a2eac75e747cb14bd1294e541feb82483fe6bc160e45
Z2023_S4_R305,E. ilicifolium,Epimedium ilicifolium,SOURCE_NAME_NOT_ACCEPTED_TAXON_AUDIT,"Zhuxi, Hubei",C. Zhang Zhang200,BNU,INNER_SEPAL,SepalC,1,UNRESOLVED_CODEBOOK,10.3389/fpls.2023.1234148,Table S4,G305,057a0aaa603cfa4d9683a2eac75e747cb14bd1294e541feb82483fe6bc160e45
Z2023_S4_R305,E. ilicifolium,Epimedium ilicifolium,SOURCE_NAME_NOT_ACCEPTED_TAXON_AUDIT,"Zhuxi, Hubei",C. Zhang Zhang200,BNU,PETAL_SPUR,SpurC,1,UNRESOLVED_CODEBOOK,10.3389/fpls.2023.1234148,Table S4,H305,057a0aaa603cfa4d9683a2eac75e747cb14bd1294e541feb82483fe6bc160e45
Z2023_S4_R306,E. ilicifolium,Epimedium ilicifolium,SOURCE_NAME_NOT_ACCEPTED_TAXON_AUDIT,"Zhuxi, Hubei",C. Zhang Zhang200,BNU,INNER_SEPAL,SepalC,1,UNRESOLVED_CODEBOOK,10.3389/fpls.2023.1234148,Table S4,G306,057a0aaa603cfa4d9683a2eac75e747cb14bd1294e541feb82483fe6bc160e45
Z2023_S4_R306,E. ilicifolium,Epimedium ilicifolium,SOURCE_NAME_NOT_ACCEPTED_TAXON_AUDIT,"Zhuxi, Hubei",C. Zhang Zhang200,BNU,PETAL_SPUR,SpurC,1,UNRESOLVED_CODEBOOK,10.3389/fpls.2023.1234148,Table S4,H306,057a0aaa603cfa4d9683a2eac75e747cb14bd1294e541feb82483fe6bc160e45
Z2023_S4_R307,E. ilicifolium,Epimedium ilicifolium,SOURCE_NAME_NOT_ACCEPTED_TAXON_AUDIT,"Zhuxi, Hubei",C. Zhang Zhang200,BNU,INNER_SEPAL,SepalC,1,UNRESOLVED_CODEBOOK,10.3389/fpls.2023.1234148,Table S4,G307,057a0aaa603cfa4d9683a2eac75e747cb14bd1294e541feb82483fe6bc160e45
Z2023_S4_R307,E. ilicifolium,Epimedium ilicifolium,SOURCE_NAME_NOT_ACCEPTED_TAXON_AUDIT,"Zhuxi, Hubei",C. Zhang Zhang200,BNU,PETAL_SPUR,SpurC,1,UNRESOLVED_CODEBOOK,10.3389/fpls.2023.1234148,Table S4,H307,057a0aaa603cfa4d9683a2eac75e747cb14bd1294e541feb82483fe6bc160e45
Z2023_S4_R308,E. ilicifolium,Epimedium ilicifolium,SOURCE_NAME_NOT_ACCEPTED_TAXON_AUDIT,"Zhuxi, Hubei",C. Zhang Zhang200,BNU,INNER_SEPAL,SepalC,1,UNRESOLVED_CODEBOOK,10.3389/fpls.2023.1234148,Table S4,G308,057a0aaa603cfa4d9683a2eac75e747cb14bd1294e541feb82483fe6bc160e45
Z2023_S4_R308,E. ilicifolium,Epimedium ilicifolium,SOURCE_NAME_NOT_ACCEPTED_TAXON_AUDIT,"Zhuxi, Hubei",C. Zhang Zhang200,BNU,PETAL_SPUR,SpurC,1,UNRESOLVED_CODEBOOK,10.3389/fpls.2023.1234148,Table S4,H308,057a0aaa603cfa4d9683a2eac75e747cb14bd1294e541feb82483fe6bc160e45
Z2023_S4_R309,E. ilicifolium,Epimedium ilicifolium,SOURCE_NAME_NOT_ACCEPTED_TAXON_AUDIT,"Zhuxi, Hubei",C. Zhang Zhang200,BNU,INNER_SEPAL,SepalC,1,UNRESOLVED_CODEBOOK,10.3389/fpls.2023.1234148,Table S4,G309,057a0aaa603cfa4d9683a2eac75e747cb14bd1294e541feb82483fe6bc160e45
Z2023_S4_R309,E. ilicifolium,Epimedium ilicifolium,SOURCE_NAME_NOT_ACCEPTED_TAXON_AUDIT,"Zhuxi, Hubei",C. Zhang Zhang200,BNU,PETAL_SPUR,SpurC,1,UNRESOLVED_CODEBOOK,10.3389/fpls.2023.1234148,Table S4,H309,057a0aaa603cfa4d9683a2eac75e747cb14bd1294e541feb82483fe6bc160e45
Z2023_S4_R310,E. ilicifolium,Epimedium ilicifolium,SOURCE_NAME_NOT_ACCEPTED_TAXON_AUDIT,"Zhuxi, Hubei",C. Zhang Zhang200,BNU,INNER_SEPAL,SepalC,1,UNRESOLVED_CODEBOOK,10.3389/fpls.2023.1234148,Table S4,G310,057a0aaa603cfa4d9683a2eac75e747cb14bd1294e541feb82483fe6bc160e45
Z2023_S4_R310,E. ilicifolium,Epimedium ilicifolium,SOURCE_NAME_NOT_ACCEPTED_TAXON_AUDIT,"Zhuxi, Hubei",C. Zhang Zhang200,BNU,PETAL_SPUR,SpurC,1,UNRESOLVED_CODEBOOK,10.3389/fpls.2023.1234148,Table S4,H310,057a0aaa603cfa4d9683a2eac75e747cb14bd1294e541feb82483fe6bc160e45
Z2023_S4_R311,E. jinchengshanense,Epimedium jinchengshanense,SOURCE_NAME_NOT_ACCEPTED_TAXON_AUDIT,"Nanchong, Sichuan",C. Zhang Zhang303,BNU,INNER_SEPAL,SepalC,1,UNRESOLVED_CODEBOOK,10.3389/fpls.2023.1234148,Table S4,G311,057a0aaa603cfa4d9683a2eac75e747cb14bd1294e541feb82483fe6bc160e45
Z2023_S4_R311,E. jinchengshanense,Epimedium jinchengshanense,SOURCE_NAME_NOT_ACCEPTED_TAXON_AUDIT,"Nanchong, Sichuan",C. Zhang Zhang303,BNU,PETAL_SPUR,SpurC,1,UNRESOLVED_CODEBOOK,10.3389/fpls.2023.1234148,Table S4,H311,057a0aaa603cfa4d9683a2eac75e747cb14bd1294e541feb82483fe6bc160e45
Z2023_S4_R312,E. jinchengshanense,Epimedium jinchengshanense,SOURCE_NAME_NOT_ACCEPTED_TAXON_AUDIT,"Nanchong, Sichuan",C. Zhang Zhang303,BNU,INNER_SEPAL,SepalC,1,UNRESOLVED_CODEBOOK,10.3389/fpls.2023.1234148,Table S4,G312,057a0aaa603cfa4d9683a2eac75e747cb14bd1294e541feb82483fe6bc160e45
Z2023_S4_R312,E. jinchengshanense,Epimedium jinchengshanense,SOURCE_NAME_NOT_ACCEPTED_TAXON_AUDIT,"Nanchong, Sichuan",C. Zhang Zhang303,BNU,PETAL_SPUR,SpurC,1,UNRESOLVED_CODEBOOK,10.3389/fpls.2023.1234148,Table S4,H312,057a0aaa603cfa4d9683a2eac75e747cb14bd1294e541feb82483fe6bc160e45
Z2023_S4_R313,E. jinchengshanense,Epimedium jinchengshanense,SOURCE_NAME_NOT_ACCEPTED_TAXON_AUDIT,"Nanchong, Sichuan",C. Zhang Zhang303,BNU,INNER_SEPAL,SepalC,1,UNRESOLVED_CODEBOOK,10.3389/fpls.2023.1234148,Table S4,G313,057a0aaa603cfa4d9683a2eac75e747cb14bd1294e541feb82483fe6bc160e45
Z2023_S4_R313,E. jinchengshanense,Epimedium jinchengshanense,SOURCE_NAME_NOT_ACCEPTED_TAXON_AUDIT,"Nanchong, Sichuan",C. Zhang Zhang303,BNU,PETAL_SPUR,SpurC,1,UNRESOLVED_CODEBOOK,10.3389/fpls.2023.1234148,Table S4,H313,057a0aaa603cfa4d9683a2eac75e747cb14bd1294e541feb82483fe6bc160e45
Z2023_S4_R314,E. jinchengshanense,Epimedium jinchengshanense,SOURCE_NAME_NOT_ACCEPTED_TAXON_AUDIT,"Nanchong, Sichuan",C. Zhang Zhang303,BNU,INNER_SEPAL,SepalC,1,UNRESOLVED_CODEBOOK,10.3389/fpls.2023.1234148,Table S4,G314,057a0aaa603cfa4d9683a2eac75e747cb14bd1294e541feb82483fe6bc160e45
Z2023_S4_R314,E. jinchengshanense,Epimedium jinchengshanense,SOURCE_NAME_NOT_ACCEPTED_TAXON_AUDIT,"Nanchong, Sichuan",C. Zhang Zhang303,BNU,PETAL_SPUR,SpurC,1,UNRESOLVED_CODEBOOK,10.3389/fpls.2023.1234148,Table S4,H314,057a0aaa603cfa4d9683a2eac75e747cb14bd1294e541feb82483fe6bc160e45
Z2023_S4_R315,E. jinchengshanense,Epimedium jinchengshanense,SOURCE_NAME_NOT_ACCEPTED_TAXON_AUDIT,"Nanchong, Sichuan",C. Zhang Zhang303,BNU,INNER_SEPAL,SepalC,1,UNRESOLVED_CODEBOOK,10.3389/fpls.2023.1234148,Table S4,G315,057a0aaa603cfa4d9683a2eac75e747cb14bd1294e541feb82483fe6bc160e45
Z2023_S4_R315,E. jinchengshanense,Epimedium jinchengshanense,SOURCE_NAME_NOT_ACCEPTED_TAXON_AUDIT,"Nanchong, Sichuan",C. Zhang Zhang303,BNU,PETAL_SPUR,SpurC,1,UNRESOLVED_CODEBOOK,10.3389/fpls.2023.1234148,Table S4,H315,057a0aaa603cfa4d9683a2eac75e747cb14bd1294e541feb82483fe6bc160e45
Z2023_S4_R316,E. jinchengshanense,Epimedium jinchengshanense,SOURCE_NAME_NOT_ACCEPTED_TAXON_AUDIT,"Nanchong, Sichuan",C. Zhang Zhang303,BNU,INNER_SEPAL,SepalC,1,UNRESOLVED_CODEBOOK,10.3389/fpls.2023.1234148,Table S4,G316,057a0aaa603cfa4d9683a2eac75e747cb14bd1294e541feb82483fe6bc160e45
Z2023_S4_R316,E. jinchengshanense,Epimedium jinchengshanense,SOURCE_NAME_NOT_ACCEPTED_TAXON_AUDIT,"Nanchong, Sichuan",C. Zhang Zhang303,BNU,PETAL_SPUR,SpurC,1,UNRESOLVED_CODEBOOK,10.3389/fpls.2023.1234148,Table S4,H316,057a0aaa603cfa4d9683a2eac75e747cb14bd1294e541feb82483fe6bc160e45
Z2023_S4_R317,E. jinchengshanense,Epimedium jinchengshanense,SOURCE_NAME_NOT_ACCEPTED_TAXON_AUDIT,"Nanchong, Sichuan",C. Zhang Zhang303,BNU,INNER_SEPAL,SepalC,1,UNRESOLVED_CODEBOOK,10.3389/fpls.2023.1234148,Table S4,G317,057a0aaa603cfa4d9683a2eac75e747cb14bd1294e541feb82483fe6bc160e45
Z2023_S4_R317,E. jinchengshanense,Epimedium jinchengshanense,SOURCE_NAME_NOT_ACCEPTED_TAXON_AUDIT,"Nanchong, Sichuan",C. Zhang Zhang303,BNU,PETAL_SPUR,SpurC,1,UNRESOLVED_CODEBOOK,10.3389/fpls.2023.1234148,Table S4,H317,057a0aaa603cfa4d9683a2eac75e747cb14bd1294e541feb82483fe6bc160e45
Z2023_S4_R318,E. jinchengshanense,Epimedium jinchengshanense,SOURCE_NAME_NOT_ACCEPTED_TAXON_AUDIT,"Nanchong, Sichuan",C. Zhang Zhang303,BNU,INNER_SEPAL,SepalC,1,UNRESOLVED_CODEBOOK,10.3389/fpls.2023.1234148,Table S4,G318,057a0aaa603cfa4d9683a2eac75e747cb14bd1294e541feb82483fe6bc160e45
Z2023_S4_R318,E. jinchengshanense,Epimedium jinchengshanense,SOURCE_NAME_NOT_ACCEPTED_TAXON_AUDIT,"Nanchong, Sichuan",C. Zhang Zhang303,BNU,PETAL_SPUR,SpurC,1,UNRESOLVED_CODEBOOK,10.3389/fpls.2023.1234148,Table S4,H318,057a0aaa603cfa4d9683a2eac75e747cb14bd1294e541feb82483fe6bc160e45
Z2023_S4_R319,E. jinchengshanense,Epimedium jinchengshanense,SOURCE_NAME_NOT_ACCEPTED_TAXON_AUDIT,"Nanchong, Sichuan",C. Zhang Zhang303,BNU,INNER_SEPAL,SepalC,1,UNRESOLVED_CODEBOOK,10.3389/fpls.2023.1234148,Table S4,G319,057a0aaa603cfa4d9683a2eac75e747cb14bd1294e541feb82483fe6bc160e45
Z2023_S4_R319,E. jinchengshanense,Epimedium jinchengshanense,SOURCE_NAME_NOT_ACCEPTED_TAXON_AUDIT,"Nanchong, Sichuan",C. Zhang Zhang303,BNU,PETAL_SPUR,SpurC,1,UNRESOLVED_CODEBOOK,10.3389/fpls.2023.1234148,Table S4,H319,057a0aaa603cfa4d9683a2eac75e747cb14bd1294e541feb82483fe6bc160e45
Z2023_S4_R320,E. jinchengshanense,Epimedium jinchengshanense,SOURCE_NAME_NOT_ACCEPTED_TAXON_AUDIT,"Nanchong, Sichuan",C. Zhang Zhang303,BNU,INNER_SEPAL,SepalC,1,UNRESOLVED_CODEBOOK,10.3389/fpls.2023.1234148,Table S4,G320,057a0aaa603cfa4d9683a2eac75e747cb14bd1294e541feb82483fe6bc160e45
Z2023_S4_R320,E. jinchengshanense,Epimedium jinchengshanense,SOURCE_NAME_NOT_ACCEPTED_TAXON_AUDIT,"Nanchong, Sichuan",C. Zhang Zhang303,BNU,PETAL_SPUR,SpurC,1,UNRESOLVED_CODEBOOK,10.3389/fpls.2023.1234148,Table S4,H320,057a0aaa603cfa4d9683a2eac75e747cb14bd1294e541feb82483fe6bc160e45
Z2023_S4_R321,E. jinchengshanense,Epimedium jinchengshanense,SOURCE_NAME_NOT_ACCEPTED_TAXON_AUDIT,"Nanchong, Sichuan",C. Zhang Zhang303,BNU,INNER_SEPAL,SepalC,1,UNRESOLVED_CODEBOOK,10.3389/fpls.2023.1234148,Table S4,G321,057a0aaa603cfa4d9683a2eac75e747cb14bd1294e541feb82483fe6bc160e45
Z2023_S4_R321,E. jinchengshanense,Epimedium jinchengshanense,SOURCE_NAME_NOT_ACCEPTED_TAXON_AUDIT,"Nanchong, Sichuan",C. Zhang Zhang303,BNU,PETAL_SPUR,SpurC,1,UNRESOLVED_CODEBOOK,10.3389/fpls.2023.1234148,Table S4,H321,057a0aaa603cfa4d9683a2eac75e747cb14bd1294e541feb82483fe6bc160e45
Z2023_S4_R322,E. jinchengshanense,Epimedium jinchengshanense,SOURCE_NAME_NOT_ACCEPTED_TAXON_AUDIT,"Nanchong, Sichuan",C. Zhang Zhang303,BNU,INNER_SEPAL,SepalC,1,UNRESOLVED_CODEBOOK,10.3389/fpls.2023.1234148,Table S4,G322,057a0aaa603cfa4d9683a2eac75e747cb14bd1294e541feb82483fe6bc160e45
Z2023_S4_R322,E. jinchengshanense,Epimedium jinchengshanense,SOURCE_NAME_NOT_ACCEPTED_TAXON_AUDIT,"Nanchong, Sichuan",C. Zhang Zhang303,BNU,PETAL_SPUR,SpurC,1,UNRESOLVED_CODEBOOK,10.3389/fpls.2023.1234148,Table S4,H322,057a0aaa603cfa4d9683a2eac75e747cb14bd1294e541feb82483fe6bc160e45
Z2023_S4_R323,E. jinchengshanense,Epimedium jinchengshanense,SOURCE_NAME_NOT_ACCEPTED_TAXON_AUDIT,"Nanchong, Sichuan",C. Zhang Zhang303,BNU,INNER_SEPAL,SepalC,1,UNRESOLVED_CODEBOOK,10.3389/fpls.2023.1234148,Table S4,G323,057a0aaa603cfa4d9683a2eac75e747cb14bd1294e541feb82483fe6bc160e45
Z2023_S4_R323,E. jinchengshanense,Epimedium jinchengshanense,SOURCE_NAME_NOT_ACCEPTED_TAXON_AUDIT,"Nanchong, Sichuan",C. Zhang Zhang303,BNU,PETAL_SPUR,SpurC,1,UNRESOLVED_CODEBOOK,10.3389/fpls.2023.1234148,Table S4,H323,057a0aaa603cfa4d9683a2eac75e747cb14bd1294e541feb82483fe6bc160e45
Z2023_S4_R324,E. jinchengshanense,Epimedium jinchengshanense,SOURCE_NAME_NOT_ACCEPTED_TAXON_AUDIT,"Nanchong, Sichuan",C. Zhang Zhang303,BNU,INNER_SEPAL,SepalC,1,UNRESOLVED_CODEBOOK,10.3389/fpls.2023.1234148,Table S4,G324,057a0aaa603cfa4d9683a2eac75e747cb14bd1294e541feb82483fe6bc160e45
Z2023_S4_R324,E. jinchengshanense,Epimedium jinchengshanense,SOURCE_NAME_NOT_ACCEPTED_TAXON_AUDIT,"Nanchong, Sichuan",C. Zhang Zhang303,BNU,PETAL_SPUR,SpurC,1,UNRESOLVED_CODEBOOK,10.3389/fpls.2023.1234148,Table S4,H324,057a0aaa603cfa4d9683a2eac75e747cb14bd1294e541feb82483fe6bc160e45
Z2023_S4_R325,E. jinchengshanense,Epimedium jinchengshanense,SOURCE_NAME_NOT_ACCEPTED_TAXON_AUDIT,"Nanchong, Sichuan",C. Zhang Zhang303,BNU,INNER_SEPAL,SepalC,1,UNRESOLVED_CODEBOOK,10.3389/fpls.2023.1234148,Table S4,G325,057a0aaa603cfa4d9683a2eac75e747cb14bd1294e541feb82483fe6bc160e45
Z2023_S4_R325,E. jinchengshanense,Epimedium jinchengshanense,SOURCE_NAME_NOT_ACCEPTED_TAXON_AUDIT,"Nanchong, Sichuan",C. Zhang Zhang303,BNU,PETAL_SPUR,SpurC,1,UNRESOLVED_CODEBOOK,10.3389/fpls.2023.1234148,Table S4,H325,057a0aaa603cfa4d9683a2eac75e747cb14bd1294e541feb82483fe6bc160e45
Z2023_S4_R326,E. jinchengshanense,Epimedium jinchengshanense,SOURCE_NAME_NOT_ACCEPTED_TAXON_AUDIT,"Nanchong, Sichuan",C. Zhang Zhang303,BNU,INNER_SEPAL,SepalC,1,UNRESOLVED_CODEBOOK,10.3389/fpls.2023.1234148,Table S4,G326,057a0aaa603cfa4d9683a2eac75e747cb14bd1294e541feb82483fe6bc160e45
Z2023_S4_R326,E. jinchengshanense,Epimedium jinchengshanense,SOURCE_NAME_NOT_ACCEPTED_TAXON_AUDIT,"Nanchong, Sichuan",C. Zhang Zhang303,BNU,PETAL_SPUR,SpurC,1,UNRESOLVED_CODEBOOK,10.3389/fpls.2023.1234148,Table S4,H326,057a0aaa603cfa4d9683a2eac75e747cb14bd1294e541feb82483fe6bc160e45
Z2023_S4_R327,E. jinchengshanense,Epimedium jinchengshanense,SOURCE_NAME_NOT_ACCEPTED_TAXON_AUDIT,"Nanchong, Sichuan",C. Zhang Zhang303,BNU,INNER_SEPAL,SepalC,1,UNRESOLVED_CODEBOOK,10.3389/fpls.2023.1234148,Table S4,G327,057a0aaa603cfa4d9683a2eac75e747cb14bd1294e541feb82483fe6bc160e45
Z2023_S4_R327,E. jinchengshanense,Epimedium jinchengshanense,SOURCE_NAME_NOT_ACCEPTED_TAXON_AUDIT,"Nanchong, Sichuan",C. Zhang Zhang303,BNU,PETAL_SPUR,SpurC,1,UNRESOLVED_CODEBOOK,10.3389/fpls.2023.1234148,Table S4,H327,057a0aaa603cfa4d9683a2eac75e747cb14bd1294e541feb82483fe6bc160e45
Z2023_S4_R328,E. jinchengshanense,Epimedium jinchengshanense,SOURCE_NAME_NOT_ACCEPTED_TAXON_AUDIT,"Nanchong, Sichuan",C. Zhang Zhang303,BNU,INNER_SEPAL,SepalC,1,UNRESOLVED_CODEBOOK,10.3389/fpls.2023.1234148,Table S4,G328,057a0aaa603cfa4d9683a2eac75e747cb14bd1294e541feb82483fe6bc160e45
Z2023_S4_R328,E. jinchengshanense,Epimedium jinchengshanense,SOURCE_NAME_NOT_ACCEPTED_TAXON_AUDIT,"Nanchong, Sichuan",C. Zhang Zhang303,BNU,PETAL_SPUR,SpurC,1,UNRESOLVED_CODEBOOK,10.3389/fpls.2023.1234148,Table S4,H328,057a0aaa603cfa4d9683a2eac75e747cb14bd1294e541feb82483fe6bc160e45
Z2023_S4_R329,E. jinchengshanense,Epimedium jinchengshanense,SOURCE_NAME_NOT_ACCEPTED_TAXON_AUDIT,"Nanchong, Sichuan",C. Zhang Zhang303,BNU,INNER_SEPAL,SepalC,1,UNRESOLVED_CODEBOOK,10.3389/fpls.2023.1234148,Table S4,G329,057a0aaa603cfa4d9683a2eac75e747cb14bd1294e541feb82483fe6bc160e45
Z2023_S4_R329,E. jinchengshanense,Epimedium jinchengshanense,SOURCE_NAME_NOT_ACCEPTED_TAXON_AUDIT,"Nanchong, Sichuan",C. Zhang Zhang303,BNU,PETAL_SPUR,SpurC,1,UNRESOLVED_CODEBOOK,10.3389/fpls.2023.1234148,Table S4,H329,057a0aaa603cfa4d9683a2eac75e747cb14bd1294e541feb82483fe6bc160e45
Z2023_S4_R330,E. jinchengshanense,Epimedium jinchengshanense,SOURCE_NAME_NOT_ACCEPTED_TAXON_AUDIT,"Nanchong, Sichuan",C. Zhang Zhang303,BNU,INNER_SEPAL,SepalC,1,UNRESOLVED_CODEBOOK,10.3389/fpls.2023.1234148,Table S4,G330,057a0aaa603cfa4d9683a2eac75e747cb14bd1294e541feb82483fe6bc160e45
Z2023_S4_R330,E. jinchengshanense,Epimedium jinchengshanense,SOURCE_NAME_NOT_ACCEPTED_TAXON_AUDIT,"Nanchong, Sichuan",C. Zhang Zhang303,BNU,PETAL_SPUR,SpurC,1,UNRESOLVED_CODEBOOK,10.3389/fpls.2023.1234148,Table S4,H330,057a0aaa603cfa4d9683a2eac75e747cb14bd1294e541feb82483fe6bc160e45
Z2023_S4_R331,E. jinchengshanense,Epimedium jinchengshanense,SOURCE_NAME_NOT_ACCEPTED_TAXON_AUDIT,"Nanchong, Sichuan",C. Zhang Zhang303,BNU,INNER_SEPAL,SepalC,1,UNRESOLVED_CODEBOOK,10.3389/fpls.2023.1234148,Table S4,G331,057a0aaa603cfa4d9683a2eac75e747cb14bd1294e541feb82483fe6bc160e45
Z2023_S4_R331,E. jinchengshanense,Epimedium jinchengshanense,SOURCE_NAME_NOT_ACCEPTED_TAXON_AUDIT,"Nanchong, Sichuan",C. Zhang Zhang303,BNU,PETAL_SPUR,SpurC,1,UNRESOLVED_CODEBOOK,10.3389/fpls.2023.1234148,Table S4,H331,057a0aaa603cfa4d9683a2eac75e747cb14bd1294e541feb82483fe6bc160e45
Z2023_S4_R332,E. jinchengshanense,Epimedium jinchengshanense,SOURCE_NAME_NOT_ACCEPTED_TAXON_AUDIT,"Nanchong, Sichuan",C. Zhang Zhang303,BNU,INNER_SEPAL,SepalC,1,UNRESOLVED_CODEBOOK,10.3389/fpls.2023.1234148,Table S4,G332,057a0aaa603cfa4d9683a2eac75e747cb14bd1294e541feb82483fe6bc160e45
Z2023_S4_R332,E. jinchengshanense,Epimedium jinchengshanense,SOURCE_NAME_NOT_ACCEPTED_TAXON_AUDIT,"Nanchong, Sichuan",C. Zhang Zhang303,BNU,PETAL_SPUR,SpurC,1,UNRESOLVED_CODEBOOK,10.3389/fpls.2023.1234148,Table S4,H332,057a0aaa603cfa4d9683a2eac75e747cb14bd1294e541feb82483fe6bc160e45
Z2023_S4_R333,E. jinchengshanense,Epimedium jinchengshanense,SOURCE_NAME_NOT_ACCEPTED_TAXON_AUDIT,"Nanchong, Sichuan",C. Zhang Zhang303,BNU,INNER_SEPAL,SepalC,1,UNRESOLVED_CODEBOOK,10.3389/fpls.2023.1234148,Table S4,G333,057a0aaa603cfa4d9683a2eac75e747cb14bd1294e541feb82483fe6bc160e45
Z2023_S4_R333,E. jinchengshanense,Epimedium jinchengshanense,SOURCE_NAME_NOT_ACCEPTED_TAXON_AUDIT,"Nanchong, Sichuan",C. Zhang Zhang303,BNU,PETAL_SPUR,SpurC,1,UNRESOLVED_CODEBOOK,10.3389/fpls.2023.1234148,Table S4,H333,057a0aaa603cfa4d9683a2eac75e747cb14bd1294e541feb82483fe6bc160e45
Z2023_S4_R334,E. jinchengshanense,Epimedium jinchengshanense,SOURCE_NAME_NOT_ACCEPTED_TAXON_AUDIT,"Nanchong, Sichuan",C. Zhang Zhang303,BNU,INNER_SEPAL,SepalC,1,UNRESOLVED_CODEBOOK,10.3389/fpls.2023.1234148,Table S4,G334,057a0aaa603cfa4d9683a2eac75e747cb14bd1294e541feb82483fe6bc160e45
Z2023_S4_R334,E. jinchengshanense,Epimedium jinchengshanense,SOURCE_NAME_NOT_ACCEPTED_TAXON_AUDIT,"Nanchong, Sichuan",C. Zhang Zhang303,BNU,PETAL_SPUR,SpurC,1,UNRESOLVED_CODEBOOK,10.3389/fpls.2023.1234148,Table S4,H334,057a0aaa603cfa4d9683a2eac75e747cb14bd1294e541feb82483fe6bc160e45
Z2023_S4_R335,E. jinchengshanense,Epimedium jinchengshanense,SOURCE_NAME_NOT_ACCEPTED_TAXON_AUDIT,"Nanchong, Sichuan",C. Zhang Zhang303,BNU,INNER_SEPAL,SepalC,1,UNRESOLVED_CODEBOOK,10.3389/fpls.2023.1234148,Table S4,G335,057a0aaa603cfa4d9683a2eac75e747cb14bd1294e541feb82483fe6bc160e45
Z2023_S4_R335,E. jinchengshanense,Epimedium jinchengshanense,SOURCE_NAME_NOT_ACCEPTED_TAXON_AUDIT,"Nanchong, Sichuan",C. Zhang Zhang303,BNU,PETAL_SPUR,SpurC,1,UNRESOLVED_CODEBOOK,10.3389/fpls.2023.1234148,Table S4,H335,057a0aaa603cfa4d9683a2eac75e747cb14bd1294e541feb82483fe6bc160e45
Z2023_S4_R336,E. jinchengshanense,Epimedium jinchengshanense,SOURCE_NAME_NOT_ACCEPTED_TAXON_AUDIT,"Nanchong, Sichuan",C. Zhang Zhang303,BNU,INNER_SEPAL,SepalC,1,UNRESOLVED_CODEBOOK,10.3389/fpls.2023.1234148,Table S4,G336,057a0aaa603cfa4d9683a2eac75e747cb14bd1294e541feb82483fe6bc160e45
Z2023_S4_R336,E. jinchengshanense,Epimedium jinchengshanense,SOURCE_NAME_NOT_ACCEPTED_TAXON_AUDIT,"Nanchong, Sichuan",C. Zhang Zhang303,BNU,PETAL_SPUR,SpurC,1,UNRESOLVED_CODEBOOK,10.3389/fpls.2023.1234148,Table S4,H336,057a0aaa603cfa4d9683a2eac75e747cb14bd1294e541feb82483fe6bc160e45
Z2023_S4_R337,E. jinchengshanense,Epimedium jinchengshanense,SOURCE_NAME_NOT_ACCEPTED_TAXON_AUDIT,"Nanchong, Sichuan",C. Zhang Zhang303,BNU,INNER_SEPAL,SepalC,1,UNRESOLVED_CODEBOOK,10.3389/fpls.2023.1234148,Table S4,G337,057a0aaa603cfa4d9683a2eac75e747cb14bd1294e541feb82483fe6bc160e45
Z2023_S4_R337,E. jinchengshanense,Epimedium jinchengshanense,SOURCE_NAME_NOT_ACCEPTED_TAXON_AUDIT,"Nanchong, Sichuan",C. Zhang Zhang303,BNU,PETAL_SPUR,SpurC,1,UNRESOLVED_CODEBOOK,10.3389/fpls.2023.1234148,Table S4,H337,057a0aaa603cfa4d9683a2eac75e747cb14bd1294e541feb82483fe6bc160e45
Z2023_S4_R338,E. jinchengshanense,Epimedium jinchengshanense,SOURCE_NAME_NOT_ACCEPTED_TAXON_AUDIT,"Nanchong, Sichuan",C. Zhang Zhang303,BNU,INNER_SEPAL,SepalC,1,UNRESOLVED_CODEBOOK,10.3389/fpls.2023.1234148,Table S4,G338,057a0aaa603cfa4d9683a2eac75e747cb14bd1294e541feb82483fe6bc160e45
Z2023_S4_R338,E. jinchengshanense,Epimedium jinchengshanense,SOURCE_NAME_NOT_ACCEPTED_TAXON_AUDIT,"Nanchong, Sichuan",C. Zhang Zhang303,BNU,PETAL_SPUR,SpurC,1,UNRESOLVED_CODEBOOK,10.3389/fpls.2023.1234148,Table S4,H338,057a0aaa603cfa4d9683a2eac75e747cb14bd1294e541feb82483fe6bc160e45
Z2023_S4_R339,E. jinchengshanense,Epimedium jinchengshanense,SOURCE_NAME_NOT_ACCEPTED_TAXON_AUDIT,"Nanchong, Sichuan",C. Zhang Zhang303,BNU,INNER_SEPAL,SepalC,1,UNRESOLVED_CODEBOOK,10.3389/fpls.2023.1234148,Table S4,G339,057a0aaa603cfa4d9683a2eac75e747cb14bd1294e541feb82483fe6bc160e45
Z2023_S4_R339,E. jinchengshanense,Epimedium jinchengshanense,SOURCE_NAME_NOT_ACCEPTED_TAXON_AUDIT,"Nanchong, Sichuan",C. Zhang Zhang303,BNU,PETAL_SPUR,SpurC,1,UNRESOLVED_CODEBOOK,10.3389/fpls.2023.1234148,Table S4,H339,057a0aaa603cfa4d9683a2eac75e747cb14bd1294e541feb82483fe6bc160e45
Z2023_S4_R340,E. jinchengshanense,Epimedium jinchengshanense,SOURCE_NAME_NOT_ACCEPTED_TAXON_AUDIT,"Nanchong, Sichuan",C. Zhang Zhang303,BNU,INNER_SEPAL,SepalC,1,UNRESOLVED_CODEBOOK,10.3389/fpls.2023.1234148,Table S4,G340,057a0aaa603cfa4d9683a2eac75e747cb14bd1294e541feb82483fe6bc160e45
Z2023_S4_R340,E. jinchengshanense,Epimedium jinchengshanense,SOURCE_NAME_NOT_ACCEPTED_TAXON_AUDIT,"Nanchong, Sichuan",C. Zhang Zhang303,BNU,PETAL_SPUR,SpurC,1,UNRESOLVED_CODEBOOK,10.3389/fpls.2023.1234148,Table S4,H340,057a0aaa603cfa4d9683a2eac75e747cb14bd1294e541feb82483fe6bc160e45
Z2023_S4_R341,E. jinchengshanense,Epimedium jinchengshanense,SOURCE_NAME_NOT_ACCEPTED_TAXON_AUDIT,"Nanchong, Sichuan",C. Zhang Zhang303,BNU,INNER_SEPAL,SepalC,1,UNRESOLVED_CODEBOOK,10.3389/fpls.2023.1234148,Table S4,G341,057a0aaa603cfa4d9683a2eac75e747cb14bd1294e541feb82483fe6bc160e45
Z2023_S4_R341,E. jinchengshanense,Epimedium jinchengshanense,SOURCE_NAME_NOT_ACCEPTED_TAXON_AUDIT,"Nanchong, Sichuan",C. Zhang Zhang303,BNU,PETAL_SPUR,SpurC,1,UNRESOLVED_CODEBOOK,10.3389/fpls.2023.1234148,Table S4,H341,057a0aaa603cfa4d9683a2eac75e747cb14bd1294e541feb82483fe6bc160e45
Z2023_S4_R342,E. jinchengshanense,Epimedium jinchengshanense,SOURCE_NAME_NOT_ACCEPTED_TAXON_AUDIT,"Nanchong, Sichuan",C. Zhang Zhang303,BNU,INNER_SEPAL,SepalC,1,UNRESOLVED_CODEBOOK,10.3389/fpls.2023.1234148,Table S4,G342,057a0aaa603cfa4d9683a2eac75e747cb14bd1294e541feb82483fe6bc160e45
Z2023_S4_R342,E. jinchengshanense,Epimedium jinchengshanense,SOURCE_NAME_NOT_ACCEPTED_TAXON_AUDIT,"Nanchong, Sichuan",C. Zhang Zhang303,BNU,PETAL_SPUR,SpurC,1,UNRESOLVED_CODEBOOK,10.3389/fpls.2023.1234148,Table S4,H342,057a0aaa603cfa4d9683a2eac75e747cb14bd1294e541feb82483fe6bc160e45
Z2023_S4_R343,E. jinchengshanense,Epimedium jinchengshanense,SOURCE_NAME_NOT_ACCEPTED_TAXON_AUDIT,"Nanchong, Sichuan",C. Zhang Zhang303,BNU,INNER_SEPAL,SepalC,1,UNRESOLVED_CODEBOOK,10.3389/fpls.2023.1234148,Table S4,G343,057a0aaa603cfa4d9683a2eac75e747cb14bd1294e541feb82483fe6bc160e45
Z2023_S4_R343,E. jinchengshanense,Epimedium jinchengshanense,SOURCE_NAME_NOT_ACCEPTED_TAXON_AUDIT,"Nanchong, Sichuan",C. Zhang Zhang303,BNU,PETAL_SPUR,SpurC,1,UNRESOLVED_CODEBOOK,10.3389/fpls.2023.1234148,Table S4,H343,057a0aaa603cfa4d9683a2eac75e747cb14bd1294e541feb82483fe6bc160e45
Z2023_S4_R344,E. leptorrhizum,Epimedium leptorrhizum,SOURCE_NAME_NOT_ACCEPTED_TAXON_AUDIT,"Longquan, Zhejiang",C. Zhang Zhang152,BNU,INNER_SEPAL,SepalC,2,UNRESOLVED_CODEBOOK,10.3389/fpls.2023.1234148,Table S4,G344,057a0aaa603cfa4d9683a2eac75e747cb14bd1294e541feb82483fe6bc160e45
Z2023_S4_R344,E. leptorrhizum,Epimedium leptorrhizum,SOURCE_NAME_NOT_ACCEPTED_TAXON_AUDIT,"Longquan, Zhejiang",C. Zhang Zhang152,BNU,PETAL_SPUR,SpurC,2,UNRESOLVED_CODEBOOK,10.3389/fpls.2023.1234148,Table S4,H344,057a0aaa603cfa4d9683a2eac75e747cb14bd1294e541feb82483fe6bc160e45
Z2023_S4_R345,E. leptorrhizum,Epimedium leptorrhizum,SOURCE_NAME_NOT_ACCEPTED_TAXON_AUDIT,"Longquan, Zhejiang",C. Zhang Zhang152,BNU,INNER_SEPAL,SepalC,2,UNRESOLVED_CODEBOOK,10.3389/fpls.2023.1234148,Table S4,G345,057a0aaa603cfa4d9683a2eac75e747cb14bd1294e541feb82483fe6bc160e45
Z2023_S4_R345,E. leptorrhizum,Epimedium leptorrhizum,SOURCE_NAME_NOT_ACCEPTED_TAXON_AUDIT,"Longquan, Zhejiang",C. Zhang Zhang152,BNU,PETAL_SPUR,SpurC,2,UNRESOLVED_CODEBOOK,10.3389/fpls.2023.1234148,Table S4,H345,057a0aaa603cfa4d9683a2eac75e747cb14bd1294e541feb82483fe6bc160e45
Z2023_S4_R346,E. leptorrhizum,Epimedium leptorrhizum,SOURCE_NAME_NOT_ACCEPTED_TAXON_AUDIT,"Longquan, Zhejiang",C. Zhang Zhang152,BNU,INNER_SEPAL,SepalC,2,UNRESOLVED_CODEBOOK,10.3389/fpls.2023.1234148,Table S4,G346,057a0aaa603cfa4d9683a2eac75e747cb14bd1294e541feb82483fe6bc160e45
Z2023_S4_R346,E. leptorrhizum,Epimedium leptorrhizum,SOURCE_NAME_NOT_ACCEPTED_TAXON_AUDIT,"Longquan, Zhejiang",C. Zhang Zhang152,BNU,PETAL_SPUR,SpurC,2,UNRESOLVED_CODEBOOK,10.3389/fpls.2023.1234148,Table S4,H346,057a0aaa603cfa4d9683a2eac75e747cb14bd1294e541feb82483fe6bc160e45
Z2023_S4_R347,E. leptorrhizum,Epimedium leptorrhizum,SOURCE_NAME_NOT_ACCEPTED_TAXON_AUDIT,"Longquan, Zhejiang",C. Zhang Zhang152,BNU,INNER_SEPAL,SepalC,2,UNRESOLVED_CODEBOOK,10.3389/fpls.2023.1234148,Table S4,G347,057a0aaa603cfa4d9683a2eac75e747cb14bd1294e541feb82483fe6bc160e45
Z2023_S4_R347,E. leptorrhizum,Epimedium leptorrhizum,SOURCE_NAME_NOT_ACCEPTED_TAXON_AUDIT,"Longquan, Zhejiang",C. Zhang Zhang152,BNU,PETAL_SPUR,SpurC,2,UNRESOLVED_CODEBOOK,10.3389/fpls.2023.1234148,Table S4,H347,057a0aaa603cfa4d9683a2eac75e747cb14bd1294e541feb82483fe6bc160e45
Z2023_S4_R348,E. leptorrhizum,Epimedium leptorrhizum,SOURCE_NAME_NOT_ACCEPTED_TAXON_AUDIT,"Enshi, Hubei",C. Zhang Zhang183,BNU,INNER_SEPAL,SepalC,2,UNRESOLVED_CODEBOOK,10.3389/fpls.2023.1234148,Table S4,G348,057a0aaa603cfa4d9683a2eac75e747cb14bd1294e541feb82483fe6bc160e45
Z2023_S4_R348,E. leptorrhizum,Epimedium leptorrhizum,SOURCE_NAME_NOT_ACCEPTED_TAXON_AUDIT,"Enshi, Hubei",C. Zhang Zhang183,BNU,PETAL_SPUR,SpurC,2,UNRESOLVED_CODEBOOK,10.3389/fpls.2023.1234148,Table S4,H348,057a0aaa603cfa4d9683a2eac75e747cb14bd1294e541feb82483fe6bc160e45
Z2023_S4_R349,E. leptorrhizum,Epimedium leptorrhizum,SOURCE_NAME_NOT_ACCEPTED_TAXON_AUDIT,"Enshi, Hubei",C. Zhang Zhang183,BNU,INNER_SEPAL,SepalC,2,UNRESOLVED_CODEBOOK,10.3389/fpls.2023.1234148,Table S4,G349,057a0aaa603cfa4d9683a2eac75e747cb14bd1294e541feb82483fe6bc160e45
Z2023_S4_R349,E. leptorrhizum,Epimedium leptorrhizum,SOURCE_NAME_NOT_ACCEPTED_TAXON_AUDIT,"Enshi, Hubei",C. Zhang Zhang183,BNU,PETAL_SPUR,SpurC,2,UNRESOLVED_CODEBOOK,10.3389/fpls.2023.1234148,Table S4,H349,057a0aaa603cfa4d9683a2eac75e747cb14bd1294e541feb82483fe6bc160e45
Z2023_S4_R350,E. leptorrhizum,Epimedium leptorrhizum,SOURCE_NAME_NOT_ACCEPTED_TAXON_AUDIT,"Enshi, Hubei",C. Zhang Zhang183,BNU,INNER_SEPAL,SepalC,2,UNRESOLVED_CODEBOOK,10.3389/fpls.2023.1234148,Table S4,G350,057a0aaa603cfa4d9683a2eac75e747cb14bd1294e541feb82483fe6bc160e45
Z2023_S4_R350,E. leptorrhizum,Epimedium leptorrhizum,SOURCE_NAME_NOT_ACCEPTED_TAXON_AUDIT,"Enshi, Hubei",C. Zhang Zhang183,BNU,PETAL_SPUR,SpurC,2,UNRESOLVED_CODEBOOK,10.3389/fpls.2023.1234148,Table S4,H350,057a0aaa603cfa4d9683a2eac75e747cb14bd1294e541feb82483fe6bc160e45
Z2023_S4_R351,E. leptorrhizum,Epimedium leptorrhizum,SOURCE_NAME_NOT_ACCEPTED_TAXON_AUDIT,"Enshi, Hubei",C. Zhang Zhang183,BNU,INNER_SEPAL,SepalC,2,UNRESOLVED_CODEBOOK,10.3389/fpls.2023.1234148,Table S4,G351,057a0aaa603cfa4d9683a2eac75e747cb14bd1294e541feb82483fe6bc160e45
Z2023_S4_R351,E. leptorrhizum,Epimedium leptorrhizum,SOURCE_NAME_NOT_ACCEPTED_TAXON_AUDIT,"Enshi, Hubei",C. Zhang Zhang183,BNU,PETAL_SPUR,SpurC,2,UNRESOLVED_CODEBOOK,10.3389/fpls.2023.1234148,Table S4,H351,057a0aaa603cfa4d9683a2eac75e747cb14bd1294e541feb82483fe6bc160e45
Z2023_S4_R352,E. leptorrhizum,Epimedium leptorrhizum,SOURCE_NAME_NOT_ACCEPTED_TAXON_AUDIT,"Songtao, Guizhou",C. Zhang Zhang217,BNU,INNER_SEPAL,SepalC,2,UNRESOLVED_CODEBOOK,10.3389/fpls.2023.1234148,Table S4,G352,057a0aaa603cfa4d9683a2eac75e747cb14bd1294e541feb82483fe6bc160e45
Z2023_S4_R352,E. leptorrhizum,Epimedium leptorrhizum,SOURCE_NAME_NOT_ACCEPTED_TAXON_AUDIT,"Songtao, Guizhou",C. Zhang Zhang217,BNU,PETAL_SPUR,SpurC,2,UNRESOLVED_CODEBOOK,10.3389/fpls.2023.1234148,Table S4,H352,057a0aaa603cfa4d9683a2eac75e747cb14bd1294e541feb82483fe6bc160e45
Z2023_S4_R353,E. leptorrhizum,Epimedium leptorrhizum,SOURCE_NAME_NOT_ACCEPTED_TAXON_AUDIT,"Songtao, Guizhou",C. Zhang Zhang217,BNU,INNER_SEPAL,SepalC,2,UNRESOLVED_CODEBOOK,10.3389/fpls.2023.1234148,Table S4,G353,057a0aaa603cfa4d9683a2eac75e747cb14bd1294e541feb82483fe6bc160e45
Z2023_S4_R353,E. leptorrhizum,Epimedium leptorrhizum,SOURCE_NAME_NOT_ACCEPTED_TAXON_AUDIT,"Songtao, Guizhou",C. Zhang Zhang217,BNU,PETAL_SPUR,SpurC,2,UNRESOLVED_CODEBOOK,10.3389/fpls.2023.1234148,Table S4,H353,057a0aaa603cfa4d9683a2eac75e747cb14bd1294e541feb82483fe6bc160e45
Z2023_S4_R354,E. leptorrhizum,Epimedium leptorrhizum,SOURCE_NAME_NOT_ACCEPTED_TAXON_AUDIT,"Songtao, Guizhou",C. Zhang Zhang217,BNU,INNER_SEPAL,SepalC,2,UNRESOLVED_CODEBOOK,10.3389/fpls.2023.1234148,Table S4,G354,057a0aaa603cfa4d9683a2eac75e747cb14bd1294e541feb82483fe6bc160e45
Z2023_S4_R354,E. leptorrhizum,Epimedium leptorrhizum,SOURCE_NAME_NOT_ACCEPTED_TAXON_AUDIT,"Songtao, Guizhou",C. Zhang Zhang217,BNU,PETAL_SPUR,SpurC,2,UNRESOLVED_CODEBOOK,10.3389/fpls.2023.1234148,Table S4,H354,057a0aaa603cfa4d9683a2eac75e747cb14bd1294e541feb82483fe6bc160e45
Z2023_S4_R355,E. leptorrhizum,Epimedium leptorrhizum,SOURCE_NAME_NOT_ACCEPTED_TAXON_AUDIT,"Songtao, Guizhou",C. Zhang Zhang217,BNU,INNER_SEPAL,SepalC,2,UNRESOLVED_CODEBOOK,10.3389/fpls.2023.1234148,Table S4,G355,057a0aaa603cfa4d9683a2eac75e747cb14bd1294e541feb82483fe6bc160e45
Z2023_S4_R355,E. leptorrhizum,Epimedium leptorrhizum,SOURCE_NAME_NOT_ACCEPTED_TAXON_AUDIT,"Songtao, Guizhou",C. Zhang Zhang217,BNU,PETAL_SPUR,SpurC,2,UNRESOLVED_CODEBOOK,10.3389/fpls.2023.1234148,Table S4,H355,057a0aaa603cfa4d9683a2eac75e747cb14bd1294e541feb82483fe6bc160e45
Z2023_S4_R356,E. leptorrhizum,Epimedium leptorrhizum,SOURCE_NAME_NOT_ACCEPTED_TAXON_AUDIT,"Suiyang, Guizhou",C. Zhang Zhang225,BNU,INNER_SEPAL,SepalC,2,UNRESOLVED_CODEBOOK,10.3389/fpls.2023.1234148,Table S4,G356,057a0aaa603cfa4d9683a2eac75e747cb14bd1294e541feb82483fe6bc160e45
Z2023_S4_R356,E. leptorrhizum,Epimedium leptorrhizum,SOURCE_NAME_NOT_ACCEPTED_TAXON_AUDIT,"Suiyang, Guizhou",C. Zhang Zhang225,BNU,PETAL_SPUR,SpurC,2,UNRESOLVED_CODEBOOK,10.3389/fpls.2023.1234148,Table S4,H356,057a0aaa603cfa4d9683a2eac75e747cb14bd1294e541feb82483fe6bc160e45
Z2023_S4_R357,E. leptorrhizum,Epimedium leptorrhizum,SOURCE_NAME_NOT_ACCEPTED_TAXON_AUDIT,"Suiyang, Guizhou",C. Zhang Zhang225,BNU,INNER_SEPAL,SepalC,2,UNRESOLVED_CODEBOOK,10.3389/fpls.2023.1234148,Table S4,G357,057a0aaa603cfa4d9683a2eac75e747cb14bd1294e541feb82483fe6bc160e45
Z2023_S4_R357,E. leptorrhizum,Epimedium leptorrhizum,SOURCE_NAME_NOT_ACCEPTED_TAXON_AUDIT,"Suiyang, Guizhou",C. Zhang Zhang225,BNU,PETAL_SPUR,SpurC,2,UNRESOLVED_CODEBOOK,10.3389/fpls.2023.1234148,Table S4,H357,057a0aaa603cfa4d9683a2eac75e747cb14bd1294e541feb82483fe6bc160e45
Z2023_S4_R358,E. leptorrhizum,Epimedium leptorrhizum,SOURCE_NAME_NOT_ACCEPTED_TAXON_AUDIT,"Suiyang, Guizhou",C. Zhang Zhang225,BNU,INNER_SEPAL,SepalC,2,UNRESOLVED_CODEBOOK,10.3389/fpls.2023.1234148,Table S4,G358,057a0aaa603cfa4d9683a2eac75e747cb14bd1294e541feb82483fe6bc160e45
Z2023_S4_R358,E. leptorrhizum,Epimedium leptorrhizum,SOURCE_NAME_NOT_ACCEPTED_TAXON_AUDIT,"Suiyang, Guizhou",C. Zhang Zhang225,BNU,PETAL_SPUR,SpurC,2,UNRESOLVED_CODEBOOK,10.3389/fpls.2023.1234148,Table S4,H358,057a0aaa603cfa4d9683a2eac75e747cb14bd1294e541feb82483fe6bc160e45
Z2023_S4_R359,E. leptorrhizum,Epimedium leptorrhizum,SOURCE_NAME_NOT_ACCEPTED_TAXON_AUDIT,"Suiyang, Guizhou",C. Zhang Zhang225,BNU,INNER_SEPAL,SepalC,2,UNRESOLVED_CODEBOOK,10.3389/fpls.2023.1234148,Table S4,G359,057a0aaa603cfa4d9683a2eac75e747cb14bd1294e541feb82483fe6bc160e45
Z2023_S4_R359,E. leptorrhizum,Epimedium leptorrhizum,SOURCE_NAME_NOT_ACCEPTED_TAXON_AUDIT,"Suiyang, Guizhou",C. Zhang Zhang225,BNU,PETAL_SPUR,SpurC,2,UNRESOLVED_CODEBOOK,10.3389/fpls.2023.1234148,Table S4,H359,057a0aaa603cfa4d9683a2eac75e747cb14bd1294e541feb82483fe6bc160e45
Z2023_S4_R360,E. lishihchenii,Epimedium lishihchenii,SOURCE_NAME_NOT_ACCEPTED_TAXON_AUDIT,"Lushan, Jiangxi",C. Zhang Zhang149,BNU,INNER_SEPAL,SepalC,1,UNRESOLVED_CODEBOOK,10.3389/fpls.2023.1234148,Table S4,G360,057a0aaa603cfa4d9683a2eac75e747cb14bd1294e541feb82483fe6bc160e45
Z2023_S4_R360,E. lishihchenii,Epimedium lishihchenii,SOURCE_NAME_NOT_ACCEPTED_TAXON_AUDIT,"Lushan, Jiangxi",C. Zhang Zhang149,BNU,PETAL_SPUR,SpurC,1,UNRESOLVED_CODEBOOK,10.3389/fpls.2023.1234148,Table S4,H360,057a0aaa603cfa4d9683a2eac75e747cb14bd1294e541feb82483fe6bc160e45
Z2023_S4_R361,E. lishihchenii,Epimedium lishihchenii,SOURCE_NAME_NOT_ACCEPTED_TAXON_AUDIT,"Lushan, Jiangxi",C. Zhang Zhang149,BNU,INNER_SEPAL,SepalC,1,UNRESOLVED_CODEBOOK,10.3389/fpls.2023.1234148,Table S4,G361,057a0aaa603cfa4d9683a2eac75e747cb14bd1294e541feb82483fe6bc160e45
Z2023_S4_R361,E. lishihchenii,Epimedium lishihchenii,SOURCE_NAME_NOT_ACCEPTED_TAXON_AUDIT,"Lushan, Jiangxi",C. Zhang Zhang149,BNU,PETAL_SPUR,SpurC,1,UNRESOLVED_CODEBOOK,10.3389/fpls.2023.1234148,Table S4,H361,057a0aaa603cfa4d9683a2eac75e747cb14bd1294e541feb82483fe6bc160e45
Z2023_S4_R362,E. lishihchenii,Epimedium lishihchenii,SOURCE_NAME_NOT_ACCEPTED_TAXON_AUDIT,"Lushan, Jiangxi",C. Zhang Zhang149,BNU,INNER_SEPAL,SepalC,1,UNRESOLVED_CODEBOOK,10.3389/fpls.2023.1234148,Table S4,G362,057a0aaa603cfa4d9683a2eac75e747cb14bd1294e541feb82483fe6bc160e45
Z2023_S4_R362,E. lishihchenii,Epimedium lishihchenii,SOURCE_NAME_NOT_ACCEPTED_TAXON_AUDIT,"Lushan, Jiangxi",C. Zhang Zhang149,BNU,PETAL_SPUR,SpurC,1,UNRESOLVED_CODEBOOK,10.3389/fpls.2023.1234148,Table S4,H362,057a0aaa603cfa4d9683a2eac75e747cb14bd1294e541feb82483fe6bc160e45
Z2023_S4_R363,E. lishihchenii,Epimedium lishihchenii,SOURCE_NAME_NOT_ACCEPTED_TAXON_AUDIT,"Lushan, Jiangxi",C. Zhang Zhang149,BNU,INNER_SEPAL,SepalC,1,UNRESOLVED_CODEBOOK,10.3389/fpls.2023.1234148,Table S4,G363,057a0aaa603cfa4d9683a2eac75e747cb14bd1294e541feb82483fe6bc160e45
Z2023_S4_R363,E. lishihchenii,Epimedium lishihchenii,SOURCE_NAME_NOT_ACCEPTED_TAXON_AUDIT,"Lushan, Jiangxi",C. Zhang Zhang149,BNU,PETAL_SPUR,SpurC,1,UNRESOLVED_CODEBOOK,10.3389/fpls.2023.1234148,Table S4,H363,057a0aaa603cfa4d9683a2eac75e747cb14bd1294e541feb82483fe6bc160e45
Z2023_S4_R364,E. lishihchenii,Epimedium lishihchenii,SOURCE_NAME_NOT_ACCEPTED_TAXON_AUDIT,"Lushan, Jiangxi",C. Zhang Zhang149,BNU,INNER_SEPAL,SepalC,1,UNRESOLVED_CODEBOOK,10.3389/fpls.2023.1234148,Table S4,G364,057a0aaa603cfa4d9683a2eac75e747cb14bd1294e541feb82483fe6bc160e45
Z2023_S4_R364,E. lishihchenii,Epimedium lishihchenii,SOURCE_NAME_NOT_ACCEPTED_TAXON_AUDIT,"Lushan, Jiangxi",C. Zhang Zhang149,BNU,PETAL_SPUR,SpurC,1,UNRESOLVED_CODEBOOK,10.3389/fpls.2023.1234148,Table S4,H364,057a0aaa603cfa4d9683a2eac75e747cb14bd1294e541feb82483fe6bc160e45
Z2023_S4_R365,E. lishihchenii,Epimedium lishihchenii,SOURCE_NAME_NOT_ACCEPTED_TAXON_AUDIT,"Lushan, Jiangxi",C. Zhang Zhang149,BNU,INNER_SEPAL,SepalC,1,UNRESOLVED_CODEBOOK,10.3389/fpls.2023.1234148,Table S4,G365,057a0aaa603cfa4d9683a2eac75e747cb14bd1294e541feb82483fe6bc160e45
Z2023_S4_R365,E. lishihchenii,Epimedium lishihchenii,SOURCE_NAME_NOT_ACCEPTED_TAXON_AUDIT,"Lushan, Jiangxi",C. Zhang Zhang149,BNU,PETAL_SPUR,SpurC,1,UNRESOLVED_CODEBOOK,10.3389/fpls.2023.1234148,Table S4,H365,057a0aaa603cfa4d9683a2eac75e747cb14bd1294e541feb82483fe6bc160e45
Z2023_S4_R366,E. lishihchenii,Epimedium lishihchenii,SOURCE_NAME_NOT_ACCEPTED_TAXON_AUDIT,"Lushan, Jiangxi",C. Zhang Zhang149,BNU,INNER_SEPAL,SepalC,1,UNRESOLVED_CODEBOOK,10.3389/fpls.2023.1234148,Table S4,G366,057a0aaa603cfa4d9683a2eac75e747cb14bd1294e541feb82483fe6bc160e45
Z2023_S4_R366,E. lishihchenii,Epimedium lishihchenii,SOURCE_NAME_NOT_ACCEPTED_TAXON_AUDIT,"Lushan, Jiangxi",C. Zhang Zhang149,BNU,PETAL_SPUR,SpurC,1,UNRESOLVED_CODEBOOK,10.3389/fpls.2023.1234148,Table S4,H366,057a0aaa603cfa4d9683a2eac75e747cb14bd1294e541feb82483fe6bc160e45
Z2023_S4_R367,E. lishihchenii,Epimedium lishihchenii,SOURCE_NAME_NOT_ACCEPTED_TAXON_AUDIT,"Lushan, Jiangxi",C. Zhang Zhang149,BNU,INNER_SEPAL,SepalC,1,UNRESOLVED_CODEBOOK,10.3389/fpls.2023.1234148,Table S4,G367,057a0aaa603cfa4d9683a2eac75e747cb14bd1294e541feb82483fe6bc160e45
Z2023_S4_R367,E. lishihchenii,Epimedium lishihchenii,SOURCE_NAME_NOT_ACCEPTED_TAXON_AUDIT,"Lushan, Jiangxi",C. Zhang Zhang149,BNU,PETAL_SPUR,SpurC,1,UNRESOLVED_CODEBOOK,10.3389/fpls.2023.1234148,Table S4,H367,057a0aaa603cfa4d9683a2eac75e747cb14bd1294e541feb82483fe6bc160e45
Z2023_S4_R368,E. lishihchenii,Epimedium lishihchenii,SOURCE_NAME_NOT_ACCEPTED_TAXON_AUDIT,"Lushan, Jiangxi",C. Zhang Zhang149,BNU,INNER_SEPAL,SepalC,1,UNRESOLVED_CODEBOOK,10.3389/fpls.2023.1234148,Table S4,G368,057a0aaa603cfa4d9683a2eac75e747cb14bd1294e541feb82483fe6bc160e45
Z2023_S4_R368,E. lishihchenii,Epimedium lishihchenii,SOURCE_NAME_NOT_ACCEPTED_TAXON_AUDIT,"Lushan, Jiangxi",C. Zhang Zhang149,BNU,PETAL_SPUR,SpurC,1,UNRESOLVED_CODEBOOK,10.3389/fpls.2023.1234148,Table S4,H368,057a0aaa603cfa4d9683a2eac75e747cb14bd1294e541feb82483fe6bc160e45
Z2023_S4_R369,E. lishihchenii,Epimedium lishihchenii,SOURCE_NAME_NOT_ACCEPTED_TAXON_AUDIT,"Lushan, Jiangxi",C. Zhang Zhang149,BNU,INNER_SEPAL,SepalC,1,UNRESOLVED_CODEBOOK,10.3389/fpls.2023.1234148,Table S4,G369,057a0aaa603cfa4d9683a2eac75e747cb14bd1294e541feb82483fe6bc160e45
Z2023_S4_R369,E. lishihchenii,Epimedium lishihchenii,SOURCE_NAME_NOT_ACCEPTED_TAXON_AUDIT,"Lushan, Jiangxi",C. Zhang Zhang149,BNU,PETAL_SPUR,SpurC,1,UNRESOLVED_CODEBOOK,10.3389/fpls.2023.1234148,Table S4,H369,057a0aaa603cfa4d9683a2eac75e747cb14bd1294e541feb82483fe6bc160e45
Z2023_S4_R370,E. lishihchenii,Epimedium lishihchenii,SOURCE_NAME_NOT_ACCEPTED_TAXON_AUDIT,"Lushan, Jiangxi",C. Zhang Zhang149,BNU,INNER_SEPAL,SepalC,1,UNRESOLVED_CODEBOOK,10.3389/fpls.2023.1234148,Table S4,G370,057a0aaa603cfa4d9683a2eac75e747cb14bd1294e541feb82483fe6bc160e45
Z2023_S4_R370,E. lishihchenii,Epimedium lishihchenii,SOURCE_NAME_NOT_ACCEPTED_TAXON_AUDIT,"Lushan, Jiangxi",C. Zhang Zhang149,BNU,PETAL_SPUR,SpurC,1,UNRESOLVED_CODEBOOK,10.3389/fpls.2023.1234148,Table S4,H370,057a0aaa603cfa4d9683a2eac75e747cb14bd1294e541feb82483fe6bc160e45
Z2023_S4_R371,E. lishihchenii,Epimedium lishihchenii,SOURCE_NAME_NOT_ACCEPTED_TAXON_AUDIT,"Lushan, Jiangxi",C. Zhang Zhang149,BNU,INNER_SEPAL,SepalC,1,UNRESOLVED_CODEBOOK,10.3389/fpls.2023.1234148,Table S4,G371,057a0aaa603cfa4d9683a2eac75e747cb14bd1294e541feb82483fe6bc160e45
Z2023_S4_R371,E. lishihchenii,Epimedium lishihchenii,SOURCE_NAME_NOT_ACCEPTED_TAXON_AUDIT,"Lushan, Jiangxi",C. Zhang Zhang149,BNU,PETAL_SPUR,SpurC,1,UNRESOLVED_CODEBOOK,10.3389/fpls.2023.1234148,Table S4,H371,057a0aaa603cfa4d9683a2eac75e747cb14bd1294e541feb82483fe6bc160e45
Z2023_S4_R372,E. lishihchenii,Epimedium lishihchenii,SOURCE_NAME_NOT_ACCEPTED_TAXON_AUDIT,"Lushan, Jiangxi",C. Zhang Zhang149,BNU,INNER_SEPAL,SepalC,1,UNRESOLVED_CODEBOOK,10.3389/fpls.2023.1234148,Table S4,G372,057a0aaa603cfa4d9683a2eac75e747cb14bd1294e541feb82483fe6bc160e45
Z2023_S4_R372,E. lishihchenii,Epimedium lishihchenii,SOURCE_NAME_NOT_ACCEPTED_TAXON_AUDIT,"Lushan, Jiangxi",C. Zhang Zhang149,BNU,PETAL_SPUR,SpurC,1,UNRESOLVED_CODEBOOK,10.3389/fpls.2023.1234148,Table S4,H372,057a0aaa603cfa4d9683a2eac75e747cb14bd1294e541feb82483fe6bc160e45
Z2023_S4_R373,E. lishihchenii,Epimedium lishihchenii,SOURCE_NAME_NOT_ACCEPTED_TAXON_AUDIT,"Lushan, Jiangxi",C. Zhang Zhang149,BNU,INNER_SEPAL,SepalC,1,UNRESOLVED_CODEBOOK,10.3389/fpls.2023.1234148,Table S4,G373,057a0aaa603cfa4d9683a2eac75e747cb14bd1294e541feb82483fe6bc160e45
Z2023_S4_R373,E. lishihchenii,Epimedium lishihchenii,SOURCE_NAME_NOT_ACCEPTED_TAXON_AUDIT,"Lushan, Jiangxi",C. Zhang Zhang149,BNU,PETAL_SPUR,SpurC,1,UNRESOLVED_CODEBOOK,10.3389/fpls.2023.1234148,Table S4,H373,057a0aaa603cfa4d9683a2eac75e747cb14bd1294e541feb82483fe6bc160e45
Z2023_S4_R374,E. lishihchenii,Epimedium lishihchenii,SOURCE_NAME_NOT_ACCEPTED_TAXON_AUDIT,"Lushan, Jiangxi",C. Zhang Zhang149,BNU,INNER_SEPAL,SepalC,1,UNRESOLVED_CODEBOOK,10.3389/fpls.2023.1234148,Table S4,G374,057a0aaa603cfa4d9683a2eac75e747cb14bd1294e541feb82483fe6bc160e45
Z2023_S4_R374,E. lishihchenii,Epimedium lishihchenii,SOURCE_NAME_NOT_ACCEPTED_TAXON_AUDIT,"Lushan, Jiangxi",C. Zhang Zhang149,BNU,PETAL_SPUR,SpurC,1,UNRESOLVED_CODEBOOK,10.3389/fpls.2023.1234148,Table S4,H374,057a0aaa603cfa4d9683a2eac75e747cb14bd1294e541feb82483fe6bc160e45
Z2023_S4_R375,E. lishihchenii,Epimedium lishihchenii,SOURCE_NAME_NOT_ACCEPTED_TAXON_AUDIT,"Lushan, Jiangxi",C. Zhang Zhang149,BNU,INNER_SEPAL,SepalC,1,UNRESOLVED_CODEBOOK,10.3389/fpls.2023.1234148,Table S4,G375,057a0aaa603cfa4d9683a2eac75e747cb14bd1294e541feb82483fe6bc160e45
Z2023_S4_R375,E. lishihchenii,Epimedium lishihchenii,SOURCE_NAME_NOT_ACCEPTED_TAXON_AUDIT,"Lushan, Jiangxi",C. Zhang Zhang149,BNU,PETAL_SPUR,SpurC,1,UNRESOLVED_CODEBOOK,10.3389/fpls.2023.1234148,Table S4,H375,057a0aaa603cfa4d9683a2eac75e747cb14bd1294e541feb82483fe6bc160e45
Z2023_S4_R376,E. lishihchenii,Epimedium lishihchenii,SOURCE_NAME_NOT_ACCEPTED_TAXON_AUDIT,"Lushan, Jiangxi",C. Zhang Zhang149,BNU,INNER_SEPAL,SepalC,1,UNRESOLVED_CODEBOOK,10.3389/fpls.2023.1234148,Table S4,G376,057a0aaa603cfa4d9683a2eac75e747cb14bd1294e541feb82483fe6bc160e45
Z2023_S4_R376,E. lishihchenii,Epimedium lishihchenii,SOURCE_NAME_NOT_ACCEPTED_TAXON_AUDIT,"Lushan, Jiangxi",C. Zhang Zhang149,BNU,PETAL_SPUR,SpurC,1,UNRESOLVED_CODEBOOK,10.3389/fpls.2023.1234148,Table S4,H376,057a0aaa603cfa4d9683a2eac75e747cb14bd1294e541feb82483fe6bc160e45
Z2023_S4_R377,E. lishihchenii,Epimedium lishihchenii,SOURCE_NAME_NOT_ACCEPTED_TAXON_AUDIT,"Lushan, Jiangxi",C. Zhang Zhang149,BNU,INNER_SEPAL,SepalC,1,UNRESOLVED_CODEBOOK,10.3389/fpls.2023.1234148,Table S4,G377,057a0aaa603cfa4d9683a2eac75e747cb14bd1294e541feb82483fe6bc160e45
Z2023_S4_R377,E. lishihchenii,Epimedium lishihchenii,SOURCE_NAME_NOT_ACCEPTED_TAXON_AUDIT,"Lushan, Jiangxi",C. Zhang Zhang149,BNU,PETAL_SPUR,SpurC,1,UNRESOLVED_CODEBOOK,10.3389/fpls.2023.1234148,Table S4,H377,057a0aaa603cfa4d9683a2eac75e747cb14bd1294e541feb82483fe6bc160e45
Z2023_S4_R378,E. lishihchenii,Epimedium lishihchenii,SOURCE_NAME_NOT_ACCEPTED_TAXON_AUDIT,"Lushan, Jiangxi",C. Zhang Zhang149,BNU,INNER_SEPAL,SepalC,1,UNRESOLVED_CODEBOOK,10.3389/fpls.2023.1234148,Table S4,G378,057a0aaa603cfa4d9683a2eac75e747cb14bd1294e541feb82483fe6bc160e45
Z2023_S4_R378,E. lishihchenii,Epimedium lishihchenii,SOURCE_NAME_NOT_ACCEPTED_TAXON_AUDIT,"Lushan, Jiangxi",C. Zhang Zhang149,BNU,PETAL_SPUR,SpurC,1,UNRESOLVED_CODEBOOK,10.3389/fpls.2023.1234148,Table S4,H378,057a0aaa603cfa4d9683a2eac75e747cb14bd1294e541feb82483fe6bc160e45
Z2023_S4_R379,E. lishihchenii,Epimedium lishihchenii,SOURCE_NAME_NOT_ACCEPTED_TAXON_AUDIT,"Lushan, Jiangxi",C. Zhang Zhang149,BNU,INNER_SEPAL,SepalC,1,UNRESOLVED_CODEBOOK,10.3389/fpls.2023.1234148,Table S4,G379,057a0aaa603cfa4d9683a2eac75e747cb14bd1294e541feb82483fe6bc160e45
Z2023_S4_R379,E. lishihchenii,Epimedium lishihchenii,SOURCE_NAME_NOT_ACCEPTED_TAXON_AUDIT,"Lushan, Jiangxi",C. Zhang Zhang149,BNU,PETAL_SPUR,SpurC,1,UNRESOLVED_CODEBOOK,10.3389/fpls.2023.1234148,Table S4,H379,057a0aaa603cfa4d9683a2eac75e747cb14bd1294e541feb82483fe6bc160e45
Z2023_S4_R380,E. lishihchenii,Epimedium lishihchenii,SOURCE_NAME_NOT_ACCEPTED_TAXON_AUDIT,"Lushan, Jiangxi",C. Zhang Zhang149,BNU,INNER_SEPAL,SepalC,1,UNRESOLVED_CODEBOOK,10.3389/fpls.2023.1234148,Table S4,G380,057a0aaa603cfa4d9683a2eac75e747cb14bd1294e541feb82483fe6bc160e45
Z2023_S4_R380,E. lishihchenii,Epimedium lishihchenii,SOURCE_NAME_NOT_ACCEPTED_TAXON_AUDIT,"Lushan, Jiangxi",C. Zhang Zhang149,BNU,PETAL_SPUR,SpurC,1,UNRESOLVED_CODEBOOK,10.3389/fpls.2023.1234148,Table S4,H380,057a0aaa603cfa4d9683a2eac75e747cb14bd1294e541feb82483fe6bc160e45
Z2023_S4_R381,E. lishihchenii,Epimedium lishihchenii,SOURCE_NAME_NOT_ACCEPTED_TAXON_AUDIT,"Lushan, Jiangxi",C. Zhang Zhang149,BNU,INNER_SEPAL,SepalC,1,UNRESOLVED_CODEBOOK,10.3389/fpls.2023.1234148,Table S4,G381,057a0aaa603cfa4d9683a2eac75e747cb14bd1294e541feb82483fe6bc160e45
Z2023_S4_R381,E. lishihchenii,Epimedium lishihchenii,SOURCE_NAME_NOT_ACCEPTED_TAXON_AUDIT,"Lushan, Jiangxi",C. Zhang Zhang149,BNU,PETAL_SPUR,SpurC,1,UNRESOLVED_CODEBOOK,10.3389/fpls.2023.1234148,Table S4,H381,057a0aaa603cfa4d9683a2eac75e747cb14bd1294e541feb82483fe6bc160e45
Z2023_S4_R382,E. lishihchenii,Epimedium lishihchenii,SOURCE_NAME_NOT_ACCEPTED_TAXON_AUDIT,"Lushan, Jiangxi",C. Zhang Zhang149,BNU,INNER_SEPAL,SepalC,1,UNRESOLVED_CODEBOOK,10.3389/fpls.2023.1234148,Table S4,G382,057a0aaa603cfa4d9683a2eac75e747cb14bd1294e541feb82483fe6bc160e45
Z2023_S4_R382,E. lishihchenii,Epimedium lishihchenii,SOURCE_NAME_NOT_ACCEPTED_TAXON_AUDIT,"Lushan, Jiangxi",C. Zhang Zhang149,BNU,PETAL_SPUR,SpurC,1,UNRESOLVED_CODEBOOK,10.3389/fpls.2023.1234148,Table S4,H382,057a0aaa603cfa4d9683a2eac75e747cb14bd1294e541feb82483fe6bc160e45
Z2023_S4_R383,E. lishihchenii,Epimedium lishihchenii,SOURCE_NAME_NOT_ACCEPTED_TAXON_AUDIT,"Lushan, Jiangxi",C. Zhang Zhang149,BNU,INNER_SEPAL,SepalC,1,UNRESOLVED_CODEBOOK,10.3389/fpls.2023.1234148,Table S4,G383,057a0aaa603cfa4d9683a2eac75e747cb14bd1294e541feb82483fe6bc160e45
Z2023_S4_R383,E. lishihchenii,Epimedium lishihchenii,SOURCE_NAME_NOT_ACCEPTED_TAXON_AUDIT,"Lushan, Jiangxi",C. Zhang Zhang149,BNU,PETAL_SPUR,SpurC,1,UNRESOLVED_CODEBOOK,10.3389/fpls.2023.1234148,Table S4,H383,057a0aaa603cfa4d9683a2eac75e747cb14bd1294e541feb82483fe6bc160e45
Z2023_S4_R384,E. lishihchenii,Epimedium lishihchenii,SOURCE_NAME_NOT_ACCEPTED_TAXON_AUDIT,"Lushan, Jiangxi",C. Zhang Zhang149,BNU,INNER_SEPAL,SepalC,1,UNRESOLVED_CODEBOOK,10.3389/fpls.2023.1234148,Table S4,G384,057a0aaa603cfa4d9683a2eac75e747cb14bd1294e541feb82483fe6bc160e45
Z2023_S4_R384,E. lishihchenii,Epimedium lishihchenii,SOURCE_NAME_NOT_ACCEPTED_TAXON_AUDIT,"Lushan, Jiangxi",C. Zhang Zhang149,BNU,PETAL_SPUR,SpurC,1,UNRESOLVED_CODEBOOK,10.3389/fpls.2023.1234148,Table S4,H384,057a0aaa603cfa4d9683a2eac75e747cb14bd1294e541feb82483fe6bc160e45
Z2023_S4_R385,E. lishihchenii,Epimedium lishihchenii,SOURCE_NAME_NOT_ACCEPTED_TAXON_AUDIT,"Lushan, Jiangxi",C. Zhang Zhang149,BNU,INNER_SEPAL,SepalC,1,UNRESOLVED_CODEBOOK,10.3389/fpls.2023.1234148,Table S4,G385,057a0aaa603cfa4d9683a2eac75e747cb14bd1294e541feb82483fe6bc160e45
Z2023_S4_R385,E. lishihchenii,Epimedium lishihchenii,SOURCE_NAME_NOT_ACCEPTED_TAXON_AUDIT,"Lushan, Jiangxi",C. Zhang Zhang149,BNU,PETAL_SPUR,SpurC,1,UNRESOLVED_CODEBOOK,10.3389/fpls.2023.1234148,Table S4,H385,057a0aaa603cfa4d9683a2eac75e747cb14bd1294e541feb82483fe6bc160e45
Z2023_S4_R386,E. lishihchenii,Epimedium lishihchenii,SOURCE_NAME_NOT_ACCEPTED_TAXON_AUDIT,"Lushan, Jiangxi",C. Zhang Zhang149,BNU,INNER_SEPAL,SepalC,1,UNRESOLVED_CODEBOOK,10.3389/fpls.2023.1234148,Table S4,G386,057a0aaa603cfa4d9683a2eac75e747cb14bd1294e541feb82483fe6bc160e45
Z2023_S4_R386,E. lishihchenii,Epimedium lishihchenii,SOURCE_NAME_NOT_ACCEPTED_TAXON_AUDIT,"Lushan, Jiangxi",C. Zhang Zhang149,BNU,PETAL_SPUR,SpurC,1,UNRESOLVED_CODEBOOK,10.3389/fpls.2023.1234148,Table S4,H386,057a0aaa603cfa4d9683a2eac75e747cb14bd1294e541feb82483fe6bc160e45
Z2023_S4_R387,E. lishihchenii,Epimedium lishihchenii,SOURCE_NAME_NOT_ACCEPTED_TAXON_AUDIT,"Lushan, Jiangxi",C. Zhang Zhang149,BNU,INNER_SEPAL,SepalC,1,UNRESOLVED_CODEBOOK,10.3389/fpls.2023.1234148,Table S4,G387,057a0aaa603cfa4d9683a2eac75e747cb14bd1294e541feb82483fe6bc160e45
Z2023_S4_R387,E. lishihchenii,Epimedium lishihchenii,SOURCE_NAME_NOT_ACCEPTED_TAXON_AUDIT,"Lushan, Jiangxi",C. Zhang Zhang149,BNU,PETAL_SPUR,SpurC,1,UNRESOLVED_CODEBOOK,10.3389/fpls.2023.1234148,Table S4,H387,057a0aaa603cfa4d9683a2eac75e747cb14bd1294e541feb82483fe6bc160e45
Z2023_S4_R388,E. lishihchenii,Epimedium lishihchenii,SOURCE_NAME_NOT_ACCEPTED_TAXON_AUDIT,"Lushan, Jiangxi",C. Zhang Zhang149,BNU,INNER_SEPAL,SepalC,1,UNRESOLVED_CODEBOOK,10.3389/fpls.2023.1234148,Table S4,G388,057a0aaa603cfa4d9683a2eac75e747cb14bd1294e541feb82483fe6bc160e45
Z2023_S4_R388,E. lishihchenii,Epimedium lishihchenii,SOURCE_NAME_NOT_ACCEPTED_TAXON_AUDIT,"Lushan, Jiangxi",C. Zhang Zhang149,BNU,PETAL_SPUR,SpurC,1,UNRESOLVED_CODEBOOK,10.3389/fpls.2023.1234148,Table S4,H388,057a0aaa603cfa4d9683a2eac75e747cb14bd1294e541feb82483fe6bc160e45
Z2023_S4_R389,E. lishihchenii,Epimedium lishihchenii,SOURCE_NAME_NOT_ACCEPTED_TAXON_AUDIT,"Lushan, Jiangxi",C. Zhang Zhang149,BNU,INNER_SEPAL,SepalC,1,UNRESOLVED_CODEBOOK,10.3389/fpls.2023.1234148,Table S4,G389,057a0aaa603cfa4d9683a2eac75e747cb14bd1294e541feb82483fe6bc160e45
Z2023_S4_R389,E. lishihchenii,Epimedium lishihchenii,SOURCE_NAME_NOT_ACCEPTED_TAXON_AUDIT,"Lushan, Jiangxi",C. Zhang Zhang149,BNU,PETAL_SPUR,SpurC,1,UNRESOLVED_CODEBOOK,10.3389/fpls.2023.1234148,Table S4,H389,057a0aaa603cfa4d9683a2eac75e747cb14bd1294e541feb82483fe6bc160e45
Z2023_S4_R390,E. lishihchenii,Epimedium lishihchenii,SOURCE_NAME_NOT_ACCEPTED_TAXON_AUDIT,"Lushan, Jiangxi",C. Zhang Zhang149,BNU,INNER_SEPAL,SepalC,1,UNRESOLVED_CODEBOOK,10.3389/fpls.2023.1234148,Table S4,G390,057a0aaa603cfa4d9683a2eac75e747cb14bd1294e541feb82483fe6bc160e45
Z2023_S4_R390,E. lishihchenii,Epimedium lishihchenii,SOURCE_NAME_NOT_ACCEPTED_TAXON_AUDIT,"Lushan, Jiangxi",C. Zhang Zhang149,BNU,PETAL_SPUR,SpurC,1,UNRESOLVED_CODEBOOK,10.3389/fpls.2023.1234148,Table S4,H390,057a0aaa603cfa4d9683a2eac75e747cb14bd1294e541feb82483fe6bc160e45
Z2023_S4_R391,E. lishihchenii,Epimedium lishihchenii,SOURCE_NAME_NOT_ACCEPTED_TAXON_AUDIT,"Lushan, Jiangxi",C. Zhang Zhang149,BNU,INNER_SEPAL,SepalC,1,UNRESOLVED_CODEBOOK,10.3389/fpls.2023.1234148,Table S4,G391,057a0aaa603cfa4d9683a2eac75e747cb14bd1294e541feb82483fe6bc160e45
Z2023_S4_R391,E. lishihchenii,Epimedium lishihchenii,SOURCE_NAME_NOT_ACCEPTED_TAXON_AUDIT,"Lushan, Jiangxi",C. Zhang Zhang149,BNU,PETAL_SPUR,SpurC,1,UNRESOLVED_CODEBOOK,10.3389/fpls.2023.1234148,Table S4,H391,057a0aaa603cfa4d9683a2eac75e747cb14bd1294e541feb82483fe6bc160e45
Z2023_S4_R392,E. membranaceum,Epimedium membranaceum,SOURCE_NAME_NOT_ACCEPTED_TAXON_AUDIT,"Dujiangyan, Sichuan",C. Zhang Zhang275,BNU,INNER_SEPAL,SepalC,2,UNRESOLVED_CODEBOOK,10.3389/fpls.2023.1234148,Table S4,G392,057a0aaa603cfa4d9683a2eac75e747cb14bd1294e541feb82483fe6bc160e45
Z2023_S4_R392,E. membranaceum,Epimedium membranaceum,SOURCE_NAME_NOT_ACCEPTED_TAXON_AUDIT,"Dujiangyan, Sichuan",C. Zhang Zhang275,BNU,PETAL_SPUR,SpurC,1,UNRESOLVED_CODEBOOK,10.3389/fpls.2023.1234148,Table S4,H392,057a0aaa603cfa4d9683a2eac75e747cb14bd1294e541feb82483fe6bc160e45
Z2023_S4_R393,E. membranaceum,Epimedium membranaceum,SOURCE_NAME_NOT_ACCEPTED_TAXON_AUDIT,"Dujiangyan, Sichuan",C. Zhang Zhang275,BNU,INNER_SEPAL,SepalC,2,UNRESOLVED_CODEBOOK,10.3389/fpls.2023.1234148,Table S4,G393,057a0aaa603cfa4d9683a2eac75e747cb14bd1294e541feb82483fe6bc160e45
Z2023_S4_R393,E. membranaceum,Epimedium membranaceum,SOURCE_NAME_NOT_ACCEPTED_TAXON_AUDIT,"Dujiangyan, Sichuan",C. Zhang Zhang275,BNU,PETAL_SPUR,SpurC,1,UNRESOLVED_CODEBOOK,10.3389/fpls.2023.1234148,Table S4,H393,057a0aaa603cfa4d9683a2eac75e747cb14bd1294e541feb82483fe6bc160e45
Z2023_S4_R394,E. membranaceum,Epimedium membranaceum,SOURCE_NAME_NOT_ACCEPTED_TAXON_AUDIT,"Dujiangyan, Sichuan",C. Zhang Zhang275,BNU,INNER_SEPAL,SepalC,2,UNRESOLVED_CODEBOOK,10.3389/fpls.2023.1234148,Table S4,G394,057a0aaa603cfa4d9683a2eac75e747cb14bd1294e541feb82483fe6bc160e45
Z2023_S4_R394,E. membranaceum,Epimedium membranaceum,SOURCE_NAME_NOT_ACCEPTED_TAXON_AUDIT,"Dujiangyan, Sichuan",C. Zhang Zhang275,BNU,PETAL_SPUR,SpurC,1,UNRESOLVED_CODEBOOK,10.3389/fpls.2023.1234148,Table S4,H394,057a0aaa603cfa4d9683a2eac75e747cb14bd1294e541feb82483fe6bc160e45
Z2023_S4_R395,E. membranaceum,Epimedium membranaceum,SOURCE_NAME_NOT_ACCEPTED_TAXON_AUDIT,"Dujiangyan, Sichuan",C. Zhang Zhang275,BNU,INNER_SEPAL,SepalC,2,UNRESOLVED_CODEBOOK,10.3389/fpls.2023.1234148,Table S4,G395,057a0aaa603cfa4d9683a2eac75e747cb14bd1294e541feb82483fe6bc160e45
Z2023_S4_R395,E. membranaceum,Epimedium membranaceum,SOURCE_NAME_NOT_ACCEPTED_TAXON_AUDIT,"Dujiangyan, Sichuan",C. Zhang Zhang275,BNU,PETAL_SPUR,SpurC,1,UNRESOLVED_CODEBOOK,10.3389/fpls.2023.1234148,Table S4,H395,057a0aaa603cfa4d9683a2eac75e747cb14bd1294e541feb82483fe6bc160e45
Z2023_S4_R396,E. membranaceum,Epimedium membranaceum,SOURCE_NAME_NOT_ACCEPTED_TAXON_AUDIT,"Dujiangyan, Sichuan",C. Zhang Zhang275,BNU,INNER_SEPAL,SepalC,2,UNRESOLVED_CODEBOOK,10.3389/fpls.2023.1234148,Table S4,G396,057a0aaa603cfa4d9683a2eac75e747cb14bd1294e541feb82483fe6bc160e45
Z2023_S4_R396,E. membranaceum,Epimedium membranaceum,SOURCE_NAME_NOT_ACCEPTED_TAXON_AUDIT,"Dujiangyan, Sichuan",C. Zhang Zhang275,BNU,PETAL_SPUR,SpurC,1,UNRESOLVED_CODEBOOK,10.3389/fpls.2023.1234148,Table S4,H396,057a0aaa603cfa4d9683a2eac75e747cb14bd1294e541feb82483fe6bc160e45
Z2023_S4_R397,E. membranaceum,Epimedium membranaceum,SOURCE_NAME_NOT_ACCEPTED_TAXON_AUDIT,"Dujiangyan, Sichuan",C. Zhang Zhang275,BNU,INNER_SEPAL,SepalC,2,UNRESOLVED_CODEBOOK,10.3389/fpls.2023.1234148,Table S4,G397,057a0aaa603cfa4d9683a2eac75e747cb14bd1294e541feb82483fe6bc160e45
Z2023_S4_R397,E. membranaceum,Epimedium membranaceum,SOURCE_NAME_NOT_ACCEPTED_TAXON_AUDIT,"Dujiangyan, Sichuan",C. Zhang Zhang275,BNU,PETAL_SPUR,SpurC,1,UNRESOLVED_CODEBOOK,10.3389/fpls.2023.1234148,Table S4,H397,057a0aaa603cfa4d9683a2eac75e747cb14bd1294e541feb82483fe6bc160e45
Z2023_S4_R398,E. membranaceum,Epimedium membranaceum,SOURCE_NAME_NOT_ACCEPTED_TAXON_AUDIT,"Dujiangyan, Sichuan",C. Zhang Zhang275,BNU,INNER_SEPAL,SepalC,2,UNRESOLVED_CODEBOOK,10.3389/fpls.2023.1234148,Table S4,G398,057a0aaa603cfa4d9683a2eac75e747cb14bd1294e541feb82483fe6bc160e45
Z2023_S4_R398,E. membranaceum,Epimedium membranaceum,SOURCE_NAME_NOT_ACCEPTED_TAXON_AUDIT,"Dujiangyan, Sichuan",C. Zhang Zhang275,BNU,PETAL_SPUR,SpurC,1,UNRESOLVED_CODEBOOK,10.3389/fpls.2023.1234148,Table S4,H398,057a0aaa603cfa4d9683a2eac75e747cb14bd1294e541feb82483fe6bc160e45
Z2023_S4_R399,E. membranaceum,Epimedium membranaceum,SOURCE_NAME_NOT_ACCEPTED_TAXON_AUDIT,"Dujiangyan, Sichuan",C. Zhang Zhang275,BNU,INNER_SEPAL,SepalC,2,UNRESOLVED_CODEBOOK,10.3389/fpls.2023.1234148,Table S4,G399,057a0aaa603cfa4d9683a2eac75e747cb14bd1294e541feb82483fe6bc160e45
Z2023_S4_R399,E. membranaceum,Epimedium membranaceum,SOURCE_NAME_NOT_ACCEPTED_TAXON_AUDIT,"Dujiangyan, Sichuan",C. Zhang Zhang275,BNU,PETAL_SPUR,SpurC,1,UNRESOLVED_CODEBOOK,10.3389/fpls.2023.1234148,Table S4,H399,057a0aaa603cfa4d9683a2eac75e747cb14bd1294e541feb82483fe6bc160e45
Z2023_S4_R400,E. membranaceum,Epimedium membranaceum,SOURCE_NAME_NOT_ACCEPTED_TAXON_AUDIT,"Dujiangyan, Sichuan",C. Zhang Zhang275,BNU,INNER_SEPAL,SepalC,2,UNRESOLVED_CODEBOOK,10.3389/fpls.2023.1234148,Table S4,G400,057a0aaa603cfa4d9683a2eac75e747cb14bd1294e541feb82483fe6bc160e45
Z2023_S4_R400,E. membranaceum,Epimedium membranaceum,SOURCE_NAME_NOT_ACCEPTED_TAXON_AUDIT,"Dujiangyan, Sichuan",C. Zhang Zhang275,BNU,PETAL_SPUR,SpurC,1,UNRESOLVED_CODEBOOK,10.3389/fpls.2023.1234148,Table S4,H400,057a0aaa603cfa4d9683a2eac75e747cb14bd1294e541feb82483fe6bc160e45
Z2023_S4_R401,E. membranaceum,Epimedium membranaceum,SOURCE_NAME_NOT_ACCEPTED_TAXON_AUDIT,"Dujiangyan, Sichuan",C. Zhang Zhang275,BNU,INNER_SEPAL,SepalC,2,UNRESOLVED_CODEBOOK,10.3389/fpls.2023.1234148,Table S4,G401,057a0aaa603cfa4d9683a2eac75e747cb14bd1294e541feb82483fe6bc160e45
Z2023_S4_R401,E. membranaceum,Epimedium membranaceum,SOURCE_NAME_NOT_ACCEPTED_TAXON_AUDIT,"Dujiangyan, Sichuan",C. Zhang Zhang275,BNU,PETAL_SPUR,SpurC,1,UNRESOLVED_CODEBOOK,10.3389/fpls.2023.1234148,Table S4,H401,057a0aaa603cfa4d9683a2eac75e747cb14bd1294e541feb82483fe6bc160e45
Z2023_S4_R402,E. membranaceum,Epimedium membranaceum,SOURCE_NAME_NOT_ACCEPTED_TAXON_AUDIT,"Dujiangyan, Sichuan",C. Zhang Zhang275,BNU,INNER_SEPAL,SepalC,2,UNRESOLVED_CODEBOOK,10.3389/fpls.2023.1234148,Table S4,G402,057a0aaa603cfa4d9683a2eac75e747cb14bd1294e541feb82483fe6bc160e45
Z2023_S4_R402,E. membranaceum,Epimedium membranaceum,SOURCE_NAME_NOT_ACCEPTED_TAXON_AUDIT,"Dujiangyan, Sichuan",C. Zhang Zhang275,BNU,PETAL_SPUR,SpurC,1,UNRESOLVED_CODEBOOK,10.3389/fpls.2023.1234148,Table S4,H402,057a0aaa603cfa4d9683a2eac75e747cb14bd1294e541feb82483fe6bc160e45
Z2023_S4_R403,E. membranaceum,Epimedium membranaceum,SOURCE_NAME_NOT_ACCEPTED_TAXON_AUDIT,"Dujiangyan, Sichuan",C. Zhang Zhang275,BNU,INNER_SEPAL,SepalC,2,UNRESOLVED_CODEBOOK,10.3389/fpls.2023.1234148,Table S4,G403,057a0aaa603cfa4d9683a2eac75e747cb14bd1294e541feb82483fe6bc160e45
Z2023_S4_R403,E. membranaceum,Epimedium membranaceum,SOURCE_NAME_NOT_ACCEPTED_TAXON_AUDIT,"Dujiangyan, Sichuan",C. Zhang Zhang275,BNU,PETAL_SPUR,SpurC,1,UNRESOLVED_CODEBOOK,10.3389/fpls.2023.1234148,Table S4,H403,057a0aaa603cfa4d9683a2eac75e747cb14bd1294e541feb82483fe6bc160e45
Z2023_S4_R404,E. mikinorii,Epimedium mikinorii,SOURCE_NAME_NOT_ACCEPTED_TAXON_AUDIT,"Enshi, Hubei",C. Zhang Zhang182,BNU,INNER_SEPAL,SepalC,3,UNRESOLVED_CODEBOOK,10.3389/fpls.2023.1234148,Table S4,G404,057a0aaa603cfa4d9683a2eac75e747cb14bd1294e541feb82483fe6bc160e45
Z2023_S4_R404,E. mikinorii,Epimedium mikinorii,SOURCE_NAME_NOT_ACCEPTED_TAXON_AUDIT,"Enshi, Hubei",C. Zhang Zhang182,BNU,PETAL_SPUR,SpurC,3,UNRESOLVED_CODEBOOK,10.3389/fpls.2023.1234148,Table S4,H404,057a0aaa603cfa4d9683a2eac75e747cb14bd1294e541feb82483fe6bc160e45
Z2023_S4_R405,E. mikinorii,Epimedium mikinorii,SOURCE_NAME_NOT_ACCEPTED_TAXON_AUDIT,"Enshi, Hubei",C. Zhang Zhang182,BNU,INNER_SEPAL,SepalC,3,UNRESOLVED_CODEBOOK,10.3389/fpls.2023.1234148,Table S4,G405,057a0aaa603cfa4d9683a2eac75e747cb14bd1294e541feb82483fe6bc160e45
Z2023_S4_R405,E. mikinorii,Epimedium mikinorii,SOURCE_NAME_NOT_ACCEPTED_TAXON_AUDIT,"Enshi, Hubei",C. Zhang Zhang182,BNU,PETAL_SPUR,SpurC,3,UNRESOLVED_CODEBOOK,10.3389/fpls.2023.1234148,Table S4,H405,057a0aaa603cfa4d9683a2eac75e747cb14bd1294e541feb82483fe6bc160e45
Z2023_S4_R406,E. mikinorii,Epimedium mikinorii,SOURCE_NAME_NOT_ACCEPTED_TAXON_AUDIT,"Enshi, Hubei",C. Zhang Zhang182,BNU,INNER_SEPAL,SepalC,3,UNRESOLVED_CODEBOOK,10.3389/fpls.2023.1234148,Table S4,G406,057a0aaa603cfa4d9683a2eac75e747cb14bd1294e541feb82483fe6bc160e45
Z2023_S4_R406,E. mikinorii,Epimedium mikinorii,SOURCE_NAME_NOT_ACCEPTED_TAXON_AUDIT,"Enshi, Hubei",C. Zhang Zhang182,BNU,PETAL_SPUR,SpurC,3,UNRESOLVED_CODEBOOK,10.3389/fpls.2023.1234148,Table S4,H406,057a0aaa603cfa4d9683a2eac75e747cb14bd1294e541feb82483fe6bc160e45
Z2023_S4_R407,E. mikinorii,Epimedium mikinorii,SOURCE_NAME_NOT_ACCEPTED_TAXON_AUDIT,"Enshi, Hubei",C. Zhang Zhang182,BNU,INNER_SEPAL,SepalC,3,UNRESOLVED_CODEBOOK,10.3389/fpls.2023.1234148,Table S4,G407,057a0aaa603cfa4d9683a2eac75e747cb14bd1294e541feb82483fe6bc160e45
Z2023_S4_R407,E. mikinorii,Epimedium mikinorii,SOURCE_NAME_NOT_ACCEPTED_TAXON_AUDIT,"Enshi, Hubei",C. Zhang Zhang182,BNU,PETAL_SPUR,SpurC,3,UNRESOLVED_CODEBOOK,10.3389/fpls.2023.1234148,Table S4,H407,057a0aaa603cfa4d9683a2eac75e747cb14bd1294e541feb82483fe6bc160e45
Z2023_S4_R408,E. mikinorii,Epimedium mikinorii,SOURCE_NAME_NOT_ACCEPTED_TAXON_AUDIT,"Enshi, Hubei",C. Zhang Zhang182,BNU,INNER_SEPAL,SepalC,3,UNRESOLVED_CODEBOOK,10.3389/fpls.2023.1234148,Table S4,G408,057a0aaa603cfa4d9683a2eac75e747cb14bd1294e541feb82483fe6bc160e45
Z2023_S4_R408,E. mikinorii,Epimedium mikinorii,SOURCE_NAME_NOT_ACCEPTED_TAXON_AUDIT,"Enshi, Hubei",C. Zhang Zhang182,BNU,PETAL_SPUR,SpurC,3,UNRESOLVED_CODEBOOK,10.3389/fpls.2023.1234148,Table S4,H408,057a0aaa603cfa4d9683a2eac75e747cb14bd1294e541feb82483fe6bc160e45
Z2023_S4_R409,E. mikinorii,Epimedium mikinorii,SOURCE_NAME_NOT_ACCEPTED_TAXON_AUDIT,"Enshi, Hubei",C. Zhang Zhang182,BNU,INNER_SEPAL,SepalC,3,UNRESOLVED_CODEBOOK,10.3389/fpls.2023.1234148,Table S4,G409,057a0aaa603cfa4d9683a2eac75e747cb14bd1294e541feb82483fe6bc160e45
Z2023_S4_R409,E. mikinorii,Epimedium mikinorii,SOURCE_NAME_NOT_ACCEPTED_TAXON_AUDIT,"Enshi, Hubei",C. Zhang Zhang182,BNU,PETAL_SPUR,SpurC,3,UNRESOLVED_CODEBOOK,10.3389/fpls.2023.1234148,Table S4,H409,057a0aaa603cfa4d9683a2eac75e747cb14bd1294e541feb82483fe6bc160e45
Z2023_S4_R410,E. mikinorii,Epimedium mikinorii,SOURCE_NAME_NOT_ACCEPTED_TAXON_AUDIT,"Enshi, Hubei",C. Zhang Zhang182,BNU,INNER_SEPAL,SepalC,3,UNRESOLVED_CODEBOOK,10.3389/fpls.2023.1234148,Table S4,G410,057a0aaa603cfa4d9683a2eac75e747cb14bd1294e541feb82483fe6bc160e45
Z2023_S4_R410,E. mikinorii,Epimedium mikinorii,SOURCE_NAME_NOT_ACCEPTED_TAXON_AUDIT,"Enshi, Hubei",C. Zhang Zhang182,BNU,PETAL_SPUR,SpurC,3,UNRESOLVED_CODEBOOK,10.3389/fpls.2023.1234148,Table S4,H410,057a0aaa603cfa4d9683a2eac75e747cb14bd1294e541feb82483fe6bc160e45
Z2023_S4_R411,E. mikinorii,Epimedium mikinorii,SOURCE_NAME_NOT_ACCEPTED_TAXON_AUDIT,"Enshi, Hubei",C. Zhang Zhang182,BNU,INNER_SEPAL,SepalC,3,UNRESOLVED_CODEBOOK,10.3389/fpls.2023.1234148,Table S4,G411,057a0aaa603cfa4d9683a2eac75e747cb14bd1294e541feb82483fe6bc160e45
Z2023_S4_R411,E. mikinorii,Epimedium mikinorii,SOURCE_NAME_NOT_ACCEPTED_TAXON_AUDIT,"Enshi, Hubei",C. Zhang Zhang182,BNU,PETAL_SPUR,SpurC,3,UNRESOLVED_CODEBOOK,10.3389/fpls.2023.1234148,Table S4,H411,057a0aaa603cfa4d9683a2eac75e747cb14bd1294e541feb82483fe6bc160e45
Z2023_S4_R412,E. mikinorii,Epimedium mikinorii,SOURCE_NAME_NOT_ACCEPTED_TAXON_AUDIT,"Enshi, Hubei",C. Zhang Zhang182,BNU,INNER_SEPAL,SepalC,3,UNRESOLVED_CODEBOOK,10.3389/fpls.2023.1234148,Table S4,G412,057a0aaa603cfa4d9683a2eac75e747cb14bd1294e541feb82483fe6bc160e45
Z2023_S4_R412,E. mikinorii,Epimedium mikinorii,SOURCE_NAME_NOT_ACCEPTED_TAXON_AUDIT,"Enshi, Hubei",C. Zhang Zhang182,BNU,PETAL_SPUR,SpurC,3,UNRESOLVED_CODEBOOK,10.3389/fpls.2023.1234148,Table S4,H412,057a0aaa603cfa4d9683a2eac75e747cb14bd1294e541feb82483fe6bc160e45
Z2023_S4_R413,E. mikinorii,Epimedium mikinorii,SOURCE_NAME_NOT_ACCEPTED_TAXON_AUDIT,"Enshi, Hubei",C. Zhang Zhang182,BNU,INNER_SEPAL,SepalC,3,UNRESOLVED_CODEBOOK,10.3389/fpls.2023.1234148,Table S4,G413,057a0aaa603cfa4d9683a2eac75e747cb14bd1294e541feb82483fe6bc160e45
Z2023_S4_R413,E. mikinorii,Epimedium mikinorii,SOURCE_NAME_NOT_ACCEPTED_TAXON_AUDIT,"Enshi, Hubei",C. Zhang Zhang182,BNU,PETAL_SPUR,SpurC,3,UNRESOLVED_CODEBOOK,10.3389/fpls.2023.1234148,Table S4,H413,057a0aaa603cfa4d9683a2eac75e747cb14bd1294e541feb82483fe6bc160e45
Z2023_S4_R414,E. mikinorii,Epimedium mikinorii,SOURCE_NAME_NOT_ACCEPTED_TAXON_AUDIT,"Enshi, Hubei",C. Zhang Zhang182,BNU,INNER_SEPAL,SepalC,3,UNRESOLVED_CODEBOOK,10.3389/fpls.2023.1234148,Table S4,G414,057a0aaa603cfa4d9683a2eac75e747cb14bd1294e541feb82483fe6bc160e45
Z2023_S4_R414,E. mikinorii,Epimedium mikinorii,SOURCE_NAME_NOT_ACCEPTED_TAXON_AUDIT,"Enshi, Hubei",C. Zhang Zhang182,BNU,PETAL_SPUR,SpurC,3,UNRESOLVED_CODEBOOK,10.3389/fpls.2023.1234148,Table S4,H414,057a0aaa603cfa4d9683a2eac75e747cb14bd1294e541feb82483fe6bc160e45
Z2023_S4_R415,E. mikinorii,Epimedium mikinorii,SOURCE_NAME_NOT_ACCEPTED_TAXON_AUDIT,"Enshi, Hubei",C. Zhang Zhang182,BNU,INNER_SEPAL,SepalC,3,UNRESOLVED_CODEBOOK,10.3389/fpls.2023.1234148,Table S4,G415,057a0aaa603cfa4d9683a2eac75e747cb14bd1294e541feb82483fe6bc160e45
Z2023_S4_R415,E. mikinorii,Epimedium mikinorii,SOURCE_NAME_NOT_ACCEPTED_TAXON_AUDIT,"Enshi, Hubei",C. Zhang Zhang182,BNU,PETAL_SPUR,SpurC,3,UNRESOLVED_CODEBOOK,10.3389/fpls.2023.1234148,Table S4,H415,057a0aaa603cfa4d9683a2eac75e747cb14bd1294e541feb82483fe6bc160e45
Z2023_S4_R416,E. mikinorii,Epimedium mikinorii,SOURCE_NAME_NOT_ACCEPTED_TAXON_AUDIT,"Enshi, Hubei",C. Zhang Zhang182,BNU,INNER_SEPAL,SepalC,3,UNRESOLVED_CODEBOOK,10.3389/fpls.2023.1234148,Table S4,G416,057a0aaa603cfa4d9683a2eac75e747cb14bd1294e541feb82483fe6bc160e45
Z2023_S4_R416,E. mikinorii,Epimedium mikinorii,SOURCE_NAME_NOT_ACCEPTED_TAXON_AUDIT,"Enshi, Hubei",C. Zhang Zhang182,BNU,PETAL_SPUR,SpurC,3,UNRESOLVED_CODEBOOK,10.3389/fpls.2023.1234148,Table S4,H416,057a0aaa603cfa4d9683a2eac75e747cb14bd1294e541feb82483fe6bc160e45
Z2023_S4_R417,E. mikinorii,Epimedium mikinorii,SOURCE_NAME_NOT_ACCEPTED_TAXON_AUDIT,"Enshi, Hubei",C. Zhang Zhang182,BNU,INNER_SEPAL,SepalC,3,UNRESOLVED_CODEBOOK,10.3389/fpls.2023.1234148,Table S4,G417,057a0aaa603cfa4d9683a2eac75e747cb14bd1294e541feb82483fe6bc160e45
Z2023_S4_R417,E. mikinorii,Epimedium mikinorii,SOURCE_NAME_NOT_ACCEPTED_TAXON_AUDIT,"Enshi, Hubei",C. Zhang Zhang182,BNU,PETAL_SPUR,SpurC,3,UNRESOLVED_CODEBOOK,10.3389/fpls.2023.1234148,Table S4,H417,057a0aaa603cfa4d9683a2eac75e747cb14bd1294e541feb82483fe6bc160e45
Z2023_S4_R418,E. mikinorii,Epimedium mikinorii,SOURCE_NAME_NOT_ACCEPTED_TAXON_AUDIT,"Enshi, Hubei",C. Zhang Zhang182,BNU,INNER_SEPAL,SepalC,3,UNRESOLVED_CODEBOOK,10.3389/fpls.2023.1234148,Table S4,G418,057a0aaa603cfa4d9683a2eac75e747cb14bd1294e541feb82483fe6bc160e45
Z2023_S4_R418,E. mikinorii,Epimedium mikinorii,SOURCE_NAME_NOT_ACCEPTED_TAXON_AUDIT,"Enshi, Hubei",C. Zhang Zhang182,BNU,PETAL_SPUR,SpurC,3,UNRESOLVED_CODEBOOK,10.3389/fpls.2023.1234148,Table S4,H418,057a0aaa603cfa4d9683a2eac75e747cb14bd1294e541feb82483fe6bc160e45
Z2023_S4_R419,E. mikinorii,Epimedium mikinorii,SOURCE_NAME_NOT_ACCEPTED_TAXON_AUDIT,"Enshi, Hubei",C. Zhang Zhang182,BNU,INNER_SEPAL,SepalC,3,UNRESOLVED_CODEBOOK,10.3389/fpls.2023.1234148,Table S4,G419,057a0aaa603cfa4d9683a2eac75e747cb14bd1294e541feb82483fe6bc160e45
Z2023_S4_R419,E. mikinorii,Epimedium mikinorii,SOURCE_NAME_NOT_ACCEPTED_TAXON_AUDIT,"Enshi, Hubei",C. Zhang Zhang182,BNU,PETAL_SPUR,SpurC,3,UNRESOLVED_CODEBOOK,10.3389/fpls.2023.1234148,Table S4,H419,057a0aaa603cfa4d9683a2eac75e747cb14bd1294e541feb82483fe6bc160e45
Z2023_S4_R420,E. mikinorii,Epimedium mikinorii,SOURCE_NAME_NOT_ACCEPTED_TAXON_AUDIT,"Enshi, Hubei",C. Zhang Zhang182,BNU,INNER_SEPAL,SepalC,3,UNRESOLVED_CODEBOOK,10.3389/fpls.2023.1234148,Table S4,G420,057a0aaa603cfa4d9683a2eac75e747cb14bd1294e541feb82483fe6bc160e45
Z2023_S4_R420,E. mikinorii,Epimedium mikinorii,SOURCE_NAME_NOT_ACCEPTED_TAXON_AUDIT,"Enshi, Hubei",C. Zhang Zhang182,BNU,PETAL_SPUR,SpurC,3,UNRESOLVED_CODEBOOK,10.3389/fpls.2023.1234148,Table S4,H420,057a0aaa603cfa4d9683a2eac75e747cb14bd1294e541feb82483fe6bc160e45
Z2023_S4_R421,E. mikinorii,Epimedium mikinorii,SOURCE_NAME_NOT_ACCEPTED_TAXON_AUDIT,"Enshi, Hubei",C. Zhang Zhang182,BNU,INNER_SEPAL,SepalC,3,UNRESOLVED_CODEBOOK,10.3389/fpls.2023.1234148,Table S4,G421,057a0aaa603cfa4d9683a2eac75e747cb14bd1294e541feb82483fe6bc160e45
Z2023_S4_R421,E. mikinorii,Epimedium mikinorii,SOURCE_NAME_NOT_ACCEPTED_TAXON_AUDIT,"Enshi, Hubei",C. Zhang Zhang182,BNU,PETAL_SPUR,SpurC,3,UNRESOLVED_CODEBOOK,10.3389/fpls.2023.1234148,Table S4,H421,057a0aaa603cfa4d9683a2eac75e747cb14bd1294e541feb82483fe6bc160e45
Z2023_S4_R422,E. mikinorii,Epimedium mikinorii,SOURCE_NAME_NOT_ACCEPTED_TAXON_AUDIT,"Enshi, Hubei",C. Zhang Zhang182,BNU,INNER_SEPAL,SepalC,3,UNRESOLVED_CODEBOOK,10.3389/fpls.2023.1234148,Table S4,G422,057a0aaa603cfa4d9683a2eac75e747cb14bd1294e541feb82483fe6bc160e45
Z2023_S4_R422,E. mikinorii,Epimedium mikinorii,SOURCE_NAME_NOT_ACCEPTED_TAXON_AUDIT,"Enshi, Hubei",C. Zhang Zhang182,BNU,PETAL_SPUR,SpurC,3,UNRESOLVED_CODEBOOK,10.3389/fpls.2023.1234148,Table S4,H422,057a0aaa603cfa4d9683a2eac75e747cb14bd1294e541feb82483fe6bc160e45
Z2023_S4_R423,E. mikinorii,Epimedium mikinorii,SOURCE_NAME_NOT_ACCEPTED_TAXON_AUDIT,"Enshi, Hubei",C. Zhang Zhang182,BNU,INNER_SEPAL,SepalC,3,UNRESOLVED_CODEBOOK,10.3389/fpls.2023.1234148,Table S4,G423,057a0aaa603cfa4d9683a2eac75e747cb14bd1294e541feb82483fe6bc160e45
Z2023_S4_R423,E. mikinorii,Epimedium mikinorii,SOURCE_NAME_NOT_ACCEPTED_TAXON_AUDIT,"Enshi, Hubei",C. Zhang Zhang182,BNU,PETAL_SPUR,SpurC,3,UNRESOLVED_CODEBOOK,10.3389/fpls.2023.1234148,Table S4,H423,057a0aaa603cfa4d9683a2eac75e747cb14bd1294e541feb82483fe6bc160e45
Z2023_S4_R424,E. mikinorii,Epimedium mikinorii,SOURCE_NAME_NOT_ACCEPTED_TAXON_AUDIT,"Enshi, Hubei",C. Zhang Zhang182,BNU,INNER_SEPAL,SepalC,3,UNRESOLVED_CODEBOOK,10.3389/fpls.2023.1234148,Table S4,G424,057a0aaa603cfa4d9683a2eac75e747cb14bd1294e541feb82483fe6bc160e45
Z2023_S4_R424,E. mikinorii,Epimedium mikinorii,SOURCE_NAME_NOT_ACCEPTED_TAXON_AUDIT,"Enshi, Hubei",C. Zhang Zhang182,BNU,PETAL_SPUR,SpurC,3,UNRESOLVED_CODEBOOK,10.3389/fpls.2023.1234148,Table S4,H424,057a0aaa603cfa4d9683a2eac75e747cb14bd1294e541feb82483fe6bc160e45
Z2023_S4_R425,E. mikinorii,Epimedium mikinorii,SOURCE_NAME_NOT_ACCEPTED_TAXON_AUDIT,"Enshi, Hubei",C. Zhang Zhang182,BNU,INNER_SEPAL,SepalC,3,UNRESOLVED_CODEBOOK,10.3389/fpls.2023.1234148,Table S4,G425,057a0aaa603cfa4d9683a2eac75e747cb14bd1294e541feb82483fe6bc160e45
Z2023_S4_R425,E. mikinorii,Epimedium mikinorii,SOURCE_NAME_NOT_ACCEPTED_TAXON_AUDIT,"Enshi, Hubei",C. Zhang Zhang182,BNU,PETAL_SPUR,SpurC,3,UNRESOLVED_CODEBOOK,10.3389/fpls.2023.1234148,Table S4,H425,057a0aaa603cfa4d9683a2eac75e747cb14bd1294e541feb82483fe6bc160e45
Z2023_S4_R426,E. mikinorii,Epimedium mikinorii,SOURCE_NAME_NOT_ACCEPTED_TAXON_AUDIT,"Enshi, Hubei",C. Zhang Zhang182,BNU,INNER_SEPAL,SepalC,3,UNRESOLVED_CODEBOOK,10.3389/fpls.2023.1234148,Table S4,G426,057a0aaa603cfa4d9683a2eac75e747cb14bd1294e541feb82483fe6bc160e45
Z2023_S4_R426,E. mikinorii,Epimedium mikinorii,SOURCE_NAME_NOT_ACCEPTED_TAXON_AUDIT,"Enshi, Hubei",C. Zhang Zhang182,BNU,PETAL_SPUR,SpurC,3,UNRESOLVED_CODEBOOK,10.3389/fpls.2023.1234148,Table S4,H426,057a0aaa603cfa4d9683a2eac75e747cb14bd1294e541feb82483fe6bc160e45
Z2023_S4_R427,E. mikinorii,Epimedium mikinorii,SOURCE_NAME_NOT_ACCEPTED_TAXON_AUDIT,"Enshi, Hubei",C. Zhang Zhang182,BNU,INNER_SEPAL,SepalC,3,UNRESOLVED_CODEBOOK,10.3389/fpls.2023.1234148,Table S4,G427,057a0aaa603cfa4d9683a2eac75e747cb14bd1294e541feb82483fe6bc160e45
Z2023_S4_R427,E. mikinorii,Epimedium mikinorii,SOURCE_NAME_NOT_ACCEPTED_TAXON_AUDIT,"Enshi, Hubei",C. Zhang Zhang182,BNU,PETAL_SPUR,SpurC,3,UNRESOLVED_CODEBOOK,10.3389/fpls.2023.1234148,Table S4,H427,057a0aaa603cfa4d9683a2eac75e747cb14bd1294e541feb82483fe6bc160e45
Z2023_S4_R428,E. mikinorii,Epimedium mikinorii,SOURCE_NAME_NOT_ACCEPTED_TAXON_AUDIT,"Enshi, Hubei",C. Zhang Zhang182,BNU,INNER_SEPAL,SepalC,3,UNRESOLVED_CODEBOOK,10.3389/fpls.2023.1234148,Table S4,G428,057a0aaa603cfa4d9683a2eac75e747cb14bd1294e541feb82483fe6bc160e45
Z2023_S4_R428,E. mikinorii,Epimedium mikinorii,SOURCE_NAME_NOT_ACCEPTED_TAXON_AUDIT,"Enshi, Hubei",C. Zhang Zhang182,BNU,PETAL_SPUR,SpurC,3,UNRESOLVED_CODEBOOK,10.3389/fpls.2023.1234148,Table S4,H428,057a0aaa603cfa4d9683a2eac75e747cb14bd1294e541feb82483fe6bc160e45
Z2023_S4_R429,E. mikinorii,Epimedium mikinorii,SOURCE_NAME_NOT_ACCEPTED_TAXON_AUDIT,"Enshi, Hubei",C. Zhang Zhang182,BNU,INNER_SEPAL,SepalC,3,UNRESOLVED_CODEBOOK,10.3389/fpls.2023.1234148,Table S4,G429,057a0aaa603cfa4d9683a2eac75e747cb14bd1294e541feb82483fe6bc160e45
Z2023_S4_R429,E. mikinorii,Epimedium mikinorii,SOURCE_NAME_NOT_ACCEPTED_TAXON_AUDIT,"Enshi, Hubei",C. Zhang Zhang182,BNU,PETAL_SPUR,SpurC,3,UNRESOLVED_CODEBOOK,10.3389/fpls.2023.1234148,Table S4,H429,057a0aaa603cfa4d9683a2eac75e747cb14bd1294e541feb82483fe6bc160e45
Z2023_S4_R430,E. mikinorii,Epimedium mikinorii,SOURCE_NAME_NOT_ACCEPTED_TAXON_AUDIT,"Enshi, Hubei",C. Zhang Zhang182,BNU,INNER_SEPAL,SepalC,3,UNRESOLVED_CODEBOOK,10.3389/fpls.2023.1234148,Table S4,G430,057a0aaa603cfa4d9683a2eac75e747cb14bd1294e541feb82483fe6bc160e45
Z2023_S4_R430,E. mikinorii,Epimedium mikinorii,SOURCE_NAME_NOT_ACCEPTED_TAXON_AUDIT,"Enshi, Hubei",C. Zhang Zhang182,BNU,PETAL_SPUR,SpurC,3,UNRESOLVED_CODEBOOK,10.3389/fpls.2023.1234148,Table S4,H430,057a0aaa603cfa4d9683a2eac75e747cb14bd1294e541feb82483fe6bc160e45
Z2023_S4_R431,E. mikinorii,Epimedium mikinorii,SOURCE_NAME_NOT_ACCEPTED_TAXON_AUDIT,"Enshi, Hubei",C. Zhang Zhang182,BNU,INNER_SEPAL,SepalC,3,UNRESOLVED_CODEBOOK,10.3389/fpls.2023.1234148,Table S4,G431,057a0aaa603cfa4d9683a2eac75e747cb14bd1294e541feb82483fe6bc160e45
Z2023_S4_R431,E. mikinorii,Epimedium mikinorii,SOURCE_NAME_NOT_ACCEPTED_TAXON_AUDIT,"Enshi, Hubei",C. Zhang Zhang182,BNU,PETAL_SPUR,SpurC,3,UNRESOLVED_CODEBOOK,10.3389/fpls.2023.1234148,Table S4,H431,057a0aaa603cfa4d9683a2eac75e747cb14bd1294e541feb82483fe6bc160e45
Z2023_S4_R432,E. myrianthum,Epimedium myrianthum,SOURCE_NAME_NOT_ACCEPTED_TAXON_AUDIT,"Sangzhi, Hunan",C. Zhang Zhang210,BNU,INNER_SEPAL,SepalC,0,UNRESOLVED_CODEBOOK,10.3389/fpls.2023.1234148,Table S4,G432,057a0aaa603cfa4d9683a2eac75e747cb14bd1294e541feb82483fe6bc160e45
Z2023_S4_R432,E. myrianthum,Epimedium myrianthum,SOURCE_NAME_NOT_ACCEPTED_TAXON_AUDIT,"Sangzhi, Hunan",C. Zhang Zhang210,BNU,PETAL_SPUR,SpurC,1,UNRESOLVED_CODEBOOK,10.3389/fpls.2023.1234148,Table S4,H432,057a0aaa603cfa4d9683a2eac75e747cb14bd1294e541feb82483fe6bc160e45
Z2023_S4_R433,E. myrianthum,Epimedium myrianthum,SOURCE_NAME_NOT_ACCEPTED_TAXON_AUDIT,"Sangzhi, Hunan",C. Zhang Zhang210,BNU,INNER_SEPAL,SepalC,0,UNRESOLVED_CODEBOOK,10.3389/fpls.2023.1234148,Table S4,G433,057a0aaa603cfa4d9683a2eac75e747cb14bd1294e541feb82483fe6bc160e45
Z2023_S4_R433,E. myrianthum,Epimedium myrianthum,SOURCE_NAME_NOT_ACCEPTED_TAXON_AUDIT,"Sangzhi, Hunan",C. Zhang Zhang210,BNU,PETAL_SPUR,SpurC,1,UNRESOLVED_CODEBOOK,10.3389/fpls.2023.1234148,Table S4,H433,057a0aaa603cfa4d9683a2eac75e747cb14bd1294e541feb82483fe6bc160e45
Z2023_S4_R434,E. myrianthum,Epimedium myrianthum,SOURCE_NAME_NOT_ACCEPTED_TAXON_AUDIT,"Sangzhi, Hunan",C. Zhang Zhang210,BNU,INNER_SEPAL,SepalC,0,UNRESOLVED_CODEBOOK,10.3389/fpls.2023.1234148,Table S4,G434,057a0aaa603cfa4d9683a2eac75e747cb14bd1294e541feb82483fe6bc160e45
Z2023_S4_R434,E. myrianthum,Epimedium myrianthum,SOURCE_NAME_NOT_ACCEPTED_TAXON_AUDIT,"Sangzhi, Hunan",C. Zhang Zhang210,BNU,PETAL_SPUR,SpurC,1,UNRESOLVED_CODEBOOK,10.3389/fpls.2023.1234148,Table S4,H434,057a0aaa603cfa4d9683a2eac75e747cb14bd1294e541feb82483fe6bc160e45
Z2023_S4_R435,E. myrianthum,Epimedium myrianthum,SOURCE_NAME_NOT_ACCEPTED_TAXON_AUDIT,"Sangzhi, Hunan",C. Zhang Zhang210,BNU,INNER_SEPAL,SepalC,0,UNRESOLVED_CODEBOOK,10.3389/fpls.2023.1234148,Table S4,G435,057a0aaa603cfa4d9683a2eac75e747cb14bd1294e541feb82483fe6bc160e45
Z2023_S4_R435,E. myrianthum,Epimedium myrianthum,SOURCE_NAME_NOT_ACCEPTED_TAXON_AUDIT,"Sangzhi, Hunan",C. Zhang Zhang210,BNU,PETAL_SPUR,SpurC,1,UNRESOLVED_CODEBOOK,10.3389/fpls.2023.1234148,Table S4,H435,057a0aaa603cfa4d9683a2eac75e747cb14bd1294e541feb82483fe6bc160e45
Z2023_S4_R436,E. myrianthum,Epimedium myrianthum,SOURCE_NAME_NOT_ACCEPTED_TAXON_AUDIT,"Sangzhi, Hunan",C. Zhang Zhang210,BNU,INNER_SEPAL,SepalC,0,UNRESOLVED_CODEBOOK,10.3389/fpls.2023.1234148,Table S4,G436,057a0aaa603cfa4d9683a2eac75e747cb14bd1294e541feb82483fe6bc160e45
Z2023_S4_R436,E. myrianthum,Epimedium myrianthum,SOURCE_NAME_NOT_ACCEPTED_TAXON_AUDIT,"Sangzhi, Hunan",C. Zhang Zhang210,BNU,PETAL_SPUR,SpurC,1,UNRESOLVED_CODEBOOK,10.3389/fpls.2023.1234148,Table S4,H436,057a0aaa603cfa4d9683a2eac75e747cb14bd1294e541feb82483fe6bc160e45
Z2023_S4_R437,E. myrianthum,Epimedium myrianthum,SOURCE_NAME_NOT_ACCEPTED_TAXON_AUDIT,"Sangzhi, Hunan",C. Zhang Zhang210,BNU,INNER_SEPAL,SepalC,0,UNRESOLVED_CODEBOOK,10.3389/fpls.2023.1234148,Table S4,G437,057a0aaa603cfa4d9683a2eac75e747cb14bd1294e541feb82483fe6bc160e45
Z2023_S4_R437,E. myrianthum,Epimedium myrianthum,SOURCE_NAME_NOT_ACCEPTED_TAXON_AUDIT,"Sangzhi, Hunan",C. Zhang Zhang210,BNU,PETAL_SPUR,SpurC,1,UNRESOLVED_CODEBOOK,10.3389/fpls.2023.1234148,Table S4,H437,057a0aaa603cfa4d9683a2eac75e747cb14bd1294e541feb82483fe6bc160e45
Z2023_S4_R438,E. myrianthum,Epimedium myrianthum,SOURCE_NAME_NOT_ACCEPTED_TAXON_AUDIT,"Sangzhi, Hunan",C. Zhang Zhang210,BNU,INNER_SEPAL,SepalC,0,UNRESOLVED_CODEBOOK,10.3389/fpls.2023.1234148,Table S4,G438,057a0aaa603cfa4d9683a2eac75e747cb14bd1294e541feb82483fe6bc160e45
Z2023_S4_R438,E. myrianthum,Epimedium myrianthum,SOURCE_NAME_NOT_ACCEPTED_TAXON_AUDIT,"Sangzhi, Hunan",C. Zhang Zhang210,BNU,PETAL_SPUR,SpurC,1,UNRESOLVED_CODEBOOK,10.3389/fpls.2023.1234148,Table S4,H438,057a0aaa603cfa4d9683a2eac75e747cb14bd1294e541feb82483fe6bc160e45
Z2023_S4_R439,E. myrianthum,Epimedium myrianthum,SOURCE_NAME_NOT_ACCEPTED_TAXON_AUDIT,"Sangzhi, Hunan",C. Zhang Zhang210,BNU,INNER_SEPAL,SepalC,0,UNRESOLVED_CODEBOOK,10.3389/fpls.2023.1234148,Table S4,G439,057a0aaa603cfa4d9683a2eac75e747cb14bd1294e541feb82483fe6bc160e45
Z2023_S4_R439,E. myrianthum,Epimedium myrianthum,SOURCE_NAME_NOT_ACCEPTED_TAXON_AUDIT,"Sangzhi, Hunan",C. Zhang Zhang210,BNU,PETAL_SPUR,SpurC,1,UNRESOLVED_CODEBOOK,10.3389/fpls.2023.1234148,Table S4,H439,057a0aaa603cfa4d9683a2eac75e747cb14bd1294e541feb82483fe6bc160e45
Z2023_S4_R440,E. myrianthum,Epimedium myrianthum,SOURCE_NAME_NOT_ACCEPTED_TAXON_AUDIT,"Sangzhi, Hunan",C. Zhang Zhang210,BNU,INNER_SEPAL,SepalC,0,UNRESOLVED_CODEBOOK,10.3389/fpls.2023.1234148,Table S4,G440,057a0aaa603cfa4d9683a2eac75e747cb14bd1294e541feb82483fe6bc160e45
Z2023_S4_R440,E. myrianthum,Epimedium myrianthum,SOURCE_NAME_NOT_ACCEPTED_TAXON_AUDIT,"Sangzhi, Hunan",C. Zhang Zhang210,BNU,PETAL_SPUR,SpurC,1,UNRESOLVED_CODEBOOK,10.3389/fpls.2023.1234148,Table S4,H440,057a0aaa603cfa4d9683a2eac75e747cb14bd1294e541feb82483fe6bc160e45
Z2023_S4_R441,E. myrianthum,Epimedium myrianthum,SOURCE_NAME_NOT_ACCEPTED_TAXON_AUDIT,"Sangzhi, Hunan",C. Zhang Zhang210,BNU,INNER_SEPAL,SepalC,0,UNRESOLVED_CODEBOOK,10.3389/fpls.2023.1234148,Table S4,G441,057a0aaa603cfa4d9683a2eac75e747cb14bd1294e541feb82483fe6bc160e45
Z2023_S4_R441,E. myrianthum,Epimedium myrianthum,SOURCE_NAME_NOT_ACCEPTED_TAXON_AUDIT,"Sangzhi, Hunan",C. Zhang Zhang210,BNU,PETAL_SPUR,SpurC,1,UNRESOLVED_CODEBOOK,10.3389/fpls.2023.1234148,Table S4,H441,057a0aaa603cfa4d9683a2eac75e747cb14bd1294e541feb82483fe6bc160e45
Z2023_S4_R442,E. myrianthum,Epimedium myrianthum,SOURCE_NAME_NOT_ACCEPTED_TAXON_AUDIT,"Sangzhi, Hunan",C. Zhang Zhang210,BNU,INNER_SEPAL,SepalC,0,UNRESOLVED_CODEBOOK,10.3389/fpls.2023.1234148,Table S4,G442,057a0aaa603cfa4d9683a2eac75e747cb14bd1294e541feb82483fe6bc160e45
Z2023_S4_R442,E. myrianthum,Epimedium myrianthum,SOURCE_NAME_NOT_ACCEPTED_TAXON_AUDIT,"Sangzhi, Hunan",C. Zhang Zhang210,BNU,PETAL_SPUR,SpurC,1,UNRESOLVED_CODEBOOK,10.3389/fpls.2023.1234148,Table S4,H442,057a0aaa603cfa4d9683a2eac75e747cb14bd1294e541feb82483fe6bc160e45
Z2023_S4_R443,E. myrianthum,Epimedium myrianthum,SOURCE_NAME_NOT_ACCEPTED_TAXON_AUDIT,"Sangzhi, Hunan",C. Zhang Zhang210,BNU,INNER_SEPAL,SepalC,0,UNRESOLVED_CODEBOOK,10.3389/fpls.2023.1234148,Table S4,G443,057a0aaa603cfa4d9683a2eac75e747cb14bd1294e541feb82483fe6bc160e45
Z2023_S4_R443,E. myrianthum,Epimedium myrianthum,SOURCE_NAME_NOT_ACCEPTED_TAXON_AUDIT,"Sangzhi, Hunan",C. Zhang Zhang210,BNU,PETAL_SPUR,SpurC,1,UNRESOLVED_CODEBOOK,10.3389/fpls.2023.1234148,Table S4,H443,057a0aaa603cfa4d9683a2eac75e747cb14bd1294e541feb82483fe6bc160e45
Z2023_S4_R444,E. myrianthum,Epimedium myrianthum,SOURCE_NAME_NOT_ACCEPTED_TAXON_AUDIT,"Sangzhi, Hunan",C. Zhang Zhang210,BNU,INNER_SEPAL,SepalC,0,UNRESOLVED_CODEBOOK,10.3389/fpls.2023.1234148,Table S4,G444,057a0aaa603cfa4d9683a2eac75e747cb14bd1294e541feb82483fe6bc160e45
Z2023_S4_R444,E. myrianthum,Epimedium myrianthum,SOURCE_NAME_NOT_ACCEPTED_TAXON_AUDIT,"Sangzhi, Hunan",C. Zhang Zhang210,BNU,PETAL_SPUR,SpurC,1,UNRESOLVED_CODEBOOK,10.3389/fpls.2023.1234148,Table S4,H444,057a0aaa603cfa4d9683a2eac75e747cb14bd1294e541feb82483fe6bc160e45
Z2023_S4_R445,E. myrianthum,Epimedium myrianthum,SOURCE_NAME_NOT_ACCEPTED_TAXON_AUDIT,"Sangzhi, Hunan",C. Zhang Zhang210,BNU,INNER_SEPAL,SepalC,0,UNRESOLVED_CODEBOOK,10.3389/fpls.2023.1234148,Table S4,G445,057a0aaa603cfa4d9683a2eac75e747cb14bd1294e541feb82483fe6bc160e45
Z2023_S4_R445,E. myrianthum,Epimedium myrianthum,SOURCE_NAME_NOT_ACCEPTED_TAXON_AUDIT,"Sangzhi, Hunan",C. Zhang Zhang210,BNU,PETAL_SPUR,SpurC,1,UNRESOLVED_CODEBOOK,10.3389/fpls.2023.1234148,Table S4,H445,057a0aaa603cfa4d9683a2eac75e747cb14bd1294e541feb82483fe6bc160e45
Z2023_S4_R446,E. myrianthum,Epimedium myrianthum,SOURCE_NAME_NOT_ACCEPTED_TAXON_AUDIT,"Sangzhi, Hunan",C. Zhang Zhang210,BNU,INNER_SEPAL,SepalC,0,UNRESOLVED_CODEBOOK,10.3389/fpls.2023.1234148,Table S4,G446,057a0aaa603cfa4d9683a2eac75e747cb14bd1294e541feb82483fe6bc160e45
Z2023_S4_R446,E. myrianthum,Epimedium myrianthum,SOURCE_NAME_NOT_ACCEPTED_TAXON_AUDIT,"Sangzhi, Hunan",C. Zhang Zhang210,BNU,PETAL_SPUR,SpurC,1,UNRESOLVED_CODEBOOK,10.3389/fpls.2023.1234148,Table S4,H446,057a0aaa603cfa4d9683a2eac75e747cb14bd1294e541feb82483fe6bc160e45
Z2023_S4_R447,E. myrianthum,Epimedium myrianthum,SOURCE_NAME_NOT_ACCEPTED_TAXON_AUDIT,"Sangzhi, Hunan",C. Zhang Zhang210,BNU,INNER_SEPAL,SepalC,0,UNRESOLVED_CODEBOOK,10.3389/fpls.2023.1234148,Table S4,G447,057a0aaa603cfa4d9683a2eac75e747cb14bd1294e541feb82483fe6bc160e45
Z2023_S4_R447,E. myrianthum,Epimedium myrianthum,SOURCE_NAME_NOT_ACCEPTED_TAXON_AUDIT,"Sangzhi, Hunan",C. Zhang Zhang210,BNU,PETAL_SPUR,SpurC,1,UNRESOLVED_CODEBOOK,10.3389/fpls.2023.1234148,Table S4,H447,057a0aaa603cfa4d9683a2eac75e747cb14bd1294e541feb82483fe6bc160e45
Z2023_S4_R448,E. myrianthum,Epimedium myrianthum,SOURCE_NAME_NOT_ACCEPTED_TAXON_AUDIT,"Sangzhi, Hunan",C. Zhang Zhang210,BNU,INNER_SEPAL,SepalC,0,UNRESOLVED_CODEBOOK,10.3389/fpls.2023.1234148,Table S4,G448,057a0aaa603cfa4d9683a2eac75e747cb14bd1294e541feb82483fe6bc160e45
Z2023_S4_R448,E. myrianthum,Epimedium myrianthum,SOURCE_NAME_NOT_ACCEPTED_TAXON_AUDIT,"Sangzhi, Hunan",C. Zhang Zhang210,BNU,PETAL_SPUR,SpurC,1,UNRESOLVED_CODEBOOK,10.3389/fpls.2023.1234148,Table S4,H448,057a0aaa603cfa4d9683a2eac75e747cb14bd1294e541feb82483fe6bc160e45
Z2023_S4_R449,E. myrianthum,Epimedium myrianthum,SOURCE_NAME_NOT_ACCEPTED_TAXON_AUDIT,"Sangzhi, Hunan",C. Zhang Zhang210,BNU,INNER_SEPAL,SepalC,0,UNRESOLVED_CODEBOOK,10.3389/fpls.2023.1234148,Table S4,G449,057a0aaa603cfa4d9683a2eac75e747cb14bd1294e541feb82483fe6bc160e45
Z2023_S4_R449,E. myrianthum,Epimedium myrianthum,SOURCE_NAME_NOT_ACCEPTED_TAXON_AUDIT,"Sangzhi, Hunan",C. Zhang Zhang210,BNU,PETAL_SPUR,SpurC,1,UNRESOLVED_CODEBOOK,10.3389/fpls.2023.1234148,Table S4,H449,057a0aaa603cfa4d9683a2eac75e747cb14bd1294e541feb82483fe6bc160e45
Z2023_S4_R450,E. myrianthum,Epimedium myrianthum,SOURCE_NAME_NOT_ACCEPTED_TAXON_AUDIT,"Sangzhi, Hunan",C. Zhang Zhang210,BNU,INNER_SEPAL,SepalC,0,UNRESOLVED_CODEBOOK,10.3389/fpls.2023.1234148,Table S4,G450,057a0aaa603cfa4d9683a2eac75e747cb14bd1294e541feb82483fe6bc160e45
Z2023_S4_R450,E. myrianthum,Epimedium myrianthum,SOURCE_NAME_NOT_ACCEPTED_TAXON_AUDIT,"Sangzhi, Hunan",C. Zhang Zhang210,BNU,PETAL_SPUR,SpurC,1,UNRESOLVED_CODEBOOK,10.3389/fpls.2023.1234148,Table S4,H450,057a0aaa603cfa4d9683a2eac75e747cb14bd1294e541feb82483fe6bc160e45
Z2023_S4_R451,E. myrianthum,Epimedium myrianthum,SOURCE_NAME_NOT_ACCEPTED_TAXON_AUDIT,"Sangzhi, Hunan",C. Zhang Zhang210,BNU,INNER_SEPAL,SepalC,0,UNRESOLVED_CODEBOOK,10.3389/fpls.2023.1234148,Table S4,G451,057a0aaa603cfa4d9683a2eac75e747cb14bd1294e541feb82483fe6bc160e45
Z2023_S4_R451,E. myrianthum,Epimedium myrianthum,SOURCE_NAME_NOT_ACCEPTED_TAXON_AUDIT,"Sangzhi, Hunan",C. Zhang Zhang210,BNU,PETAL_SPUR,SpurC,1,UNRESOLVED_CODEBOOK,10.3389/fpls.2023.1234148,Table S4,H451,057a0aaa603cfa4d9683a2eac75e747cb14bd1294e541feb82483fe6bc160e45
Z2023_S4_R452,E. myrianthum,Epimedium myrianthum,SOURCE_NAME_NOT_ACCEPTED_TAXON_AUDIT,"Sangzhi, Hunan",C. Zhang Zhang210,BNU,INNER_SEPAL,SepalC,0,UNRESOLVED_CODEBOOK,10.3389/fpls.2023.1234148,Table S4,G452,057a0aaa603cfa4d9683a2eac75e747cb14bd1294e541feb82483fe6bc160e45
Z2023_S4_R452,E. myrianthum,Epimedium myrianthum,SOURCE_NAME_NOT_ACCEPTED_TAXON_AUDIT,"Sangzhi, Hunan",C. Zhang Zhang210,BNU,PETAL_SPUR,SpurC,1,UNRESOLVED_CODEBOOK,10.3389/fpls.2023.1234148,Table S4,H452,057a0aaa603cfa4d9683a2eac75e747cb14bd1294e541feb82483fe6bc160e45
Z2023_S4_R453,E. myrianthum,Epimedium myrianthum,SOURCE_NAME_NOT_ACCEPTED_TAXON_AUDIT,"Sangzhi, Hunan",C. Zhang Zhang210,BNU,INNER_SEPAL,SepalC,0,UNRESOLVED_CODEBOOK,10.3389/fpls.2023.1234148,Table S4,G453,057a0aaa603cfa4d9683a2eac75e747cb14bd1294e541feb82483fe6bc160e45
Z2023_S4_R453,E. myrianthum,Epimedium myrianthum,SOURCE_NAME_NOT_ACCEPTED_TAXON_AUDIT,"Sangzhi, Hunan",C. Zhang Zhang210,BNU,PETAL_SPUR,SpurC,1,UNRESOLVED_CODEBOOK,10.3389/fpls.2023.1234148,Table S4,H453,057a0aaa603cfa4d9683a2eac75e747cb14bd1294e541feb82483fe6bc160e45
Z2023_S4_R454,E. myrianthum,Epimedium myrianthum,SOURCE_NAME_NOT_ACCEPTED_TAXON_AUDIT,"Sangzhi, Hunan",C. Zhang Zhang210,BNU,INNER_SEPAL,SepalC,0,UNRESOLVED_CODEBOOK,10.3389/fpls.2023.1234148,Table S4,G454,057a0aaa603cfa4d9683a2eac75e747cb14bd1294e541feb82483fe6bc160e45
Z2023_S4_R454,E. myrianthum,Epimedium myrianthum,SOURCE_NAME_NOT_ACCEPTED_TAXON_AUDIT,"Sangzhi, Hunan",C. Zhang Zhang210,BNU,PETAL_SPUR,SpurC,1,UNRESOLVED_CODEBOOK,10.3389/fpls.2023.1234148,Table S4,H454,057a0aaa603cfa4d9683a2eac75e747cb14bd1294e541feb82483fe6bc160e45
Z2023_S4_R455,E. myrianthum,Epimedium myrianthum,SOURCE_NAME_NOT_ACCEPTED_TAXON_AUDIT,"Sangzhi, Hunan",C. Zhang Zhang210,BNU,INNER_SEPAL,SepalC,0,UNRESOLVED_CODEBOOK,10.3389/fpls.2023.1234148,Table S4,G455,057a0aaa603cfa4d9683a2eac75e747cb14bd1294e541feb82483fe6bc160e45
Z2023_S4_R455,E. myrianthum,Epimedium myrianthum,SOURCE_NAME_NOT_ACCEPTED_TAXON_AUDIT,"Sangzhi, Hunan",C. Zhang Zhang210,BNU,PETAL_SPUR,SpurC,1,UNRESOLVED_CODEBOOK,10.3389/fpls.2023.1234148,Table S4,H455,057a0aaa603cfa4d9683a2eac75e747cb14bd1294e541feb82483fe6bc160e45
Z2023_S4_R456,E. myrianthum,Epimedium myrianthum,SOURCE_NAME_NOT_ACCEPTED_TAXON_AUDIT,"longshan, Hunan",C. Zhang Zhang212,BNU,INNER_SEPAL,SepalC,0,UNRESOLVED_CODEBOOK,10.3389/fpls.2023.1234148,Table S4,G456,057a0aaa603cfa4d9683a2eac75e747cb14bd1294e541feb82483fe6bc160e45
Z2023_S4_R456,E. myrianthum,Epimedium myrianthum,SOURCE_NAME_NOT_ACCEPTED_TAXON_AUDIT,"longshan, Hunan",C. Zhang Zhang212,BNU,PETAL_SPUR,SpurC,1,UNRESOLVED_CODEBOOK,10.3389/fpls.2023.1234148,Table S4,H456,057a0aaa603cfa4d9683a2eac75e747cb14bd1294e541feb82483fe6bc160e45
Z2023_S4_R457,E. myrianthum,Epimedium myrianthum,SOURCE_NAME_NOT_ACCEPTED_TAXON_AUDIT,"longshan, Hunan",C. Zhang Zhang212,BNU,INNER_SEPAL,SepalC,0,UNRESOLVED_CODEBOOK,10.3389/fpls.2023.1234148,Table S4,G457,057a0aaa603cfa4d9683a2eac75e747cb14bd1294e541feb82483fe6bc160e45
Z2023_S4_R457,E. myrianthum,Epimedium myrianthum,SOURCE_NAME_NOT_ACCEPTED_TAXON_AUDIT,"longshan, Hunan",C. Zhang Zhang212,BNU,PETAL_SPUR,SpurC,1,UNRESOLVED_CODEBOOK,10.3389/fpls.2023.1234148,Table S4,H457,057a0aaa603cfa4d9683a2eac75e747cb14bd1294e541feb82483fe6bc160e45
Z2023_S4_R458,E. myrianthum,Epimedium myrianthum,SOURCE_NAME_NOT_ACCEPTED_TAXON_AUDIT,"longshan, Hunan",C. Zhang Zhang212,BNU,INNER_SEPAL,SepalC,0,UNRESOLVED_CODEBOOK,10.3389/fpls.2023.1234148,Table S4,G458,057a0aaa603cfa4d9683a2eac75e747cb14bd1294e541feb82483fe6bc160e45
Z2023_S4_R458,E. myrianthum,Epimedium myrianthum,SOURCE_NAME_NOT_ACCEPTED_TAXON_AUDIT,"longshan, Hunan",C. Zhang Zhang212,BNU,PETAL_SPUR,SpurC,1,UNRESOLVED_CODEBOOK,10.3389/fpls.2023.1234148,Table S4,H458,057a0aaa603cfa4d9683a2eac75e747cb14bd1294e541feb82483fe6bc160e45
Z2023_S4_R459,E. myrianthum,Epimedium myrianthum,SOURCE_NAME_NOT_ACCEPTED_TAXON_AUDIT,"longshan, Hunan",C. Zhang Zhang212,BNU,INNER_SEPAL,SepalC,0,UNRESOLVED_CODEBOOK,10.3389/fpls.2023.1234148,Table S4,G459,057a0aaa603cfa4d9683a2eac75e747cb14bd1294e541feb82483fe6bc160e45
Z2023_S4_R459,E. myrianthum,Epimedium myrianthum,SOURCE_NAME_NOT_ACCEPTED_TAXON_AUDIT,"longshan, Hunan",C. Zhang Zhang212,BNU,PETAL_SPUR,SpurC,1,UNRESOLVED_CODEBOOK,10.3389/fpls.2023.1234148,Table S4,H459,057a0aaa603cfa4d9683a2eac75e747cb14bd1294e541feb82483fe6bc160e45
Z2023_S4_R460,E. myrianthum,Epimedium myrianthum,SOURCE_NAME_NOT_ACCEPTED_TAXON_AUDIT,"longshan, Hunan",C. Zhang Zhang212,BNU,INNER_SEPAL,SepalC,0,UNRESOLVED_CODEBOOK,10.3389/fpls.2023.1234148,Table S4,G460,057a0aaa603cfa4d9683a2eac75e747cb14bd1294e541feb82483fe6bc160e45
Z2023_S4_R460,E. myrianthum,Epimedium myrianthum,SOURCE_NAME_NOT_ACCEPTED_TAXON_AUDIT,"longshan, Hunan",C. Zhang Zhang212,BNU,PETAL_SPUR,SpurC,1,UNRESOLVED_CODEBOOK,10.3389/fpls.2023.1234148,Table S4,H460,057a0aaa603cfa4d9683a2eac75e747cb14bd1294e541feb82483fe6bc160e45
Z2023_S4_R461,E. myrianthum,Epimedium myrianthum,SOURCE_NAME_NOT_ACCEPTED_TAXON_AUDIT,"longshan, Hunan",C. Zhang Zhang212,BNU,INNER_SEPAL,SepalC,0,UNRESOLVED_CODEBOOK,10.3389/fpls.2023.1234148,Table S4,G461,057a0aaa603cfa4d9683a2eac75e747cb14bd1294e541feb82483fe6bc160e45
Z2023_S4_R461,E. myrianthum,Epimedium myrianthum,SOURCE_NAME_NOT_ACCEPTED_TAXON_AUDIT,"longshan, Hunan",C. Zhang Zhang212,BNU,PETAL_SPUR,SpurC,1,UNRESOLVED_CODEBOOK,10.3389/fpls.2023.1234148,Table S4,H461,057a0aaa603cfa4d9683a2eac75e747cb14bd1294e541feb82483fe6bc160e45
Z2023_S4_R462,E. myrianthum,Epimedium myrianthum,SOURCE_NAME_NOT_ACCEPTED_TAXON_AUDIT,"longshan, Hunan",C. Zhang Zhang212,BNU,INNER_SEPAL,SepalC,0,UNRESOLVED_CODEBOOK,10.3389/fpls.2023.1234148,Table S4,G462,057a0aaa603cfa4d9683a2eac75e747cb14bd1294e541feb82483fe6bc160e45
Z2023_S4_R462,E. myrianthum,Epimedium myrianthum,SOURCE_NAME_NOT_ACCEPTED_TAXON_AUDIT,"longshan, Hunan",C. Zhang Zhang212,BNU,PETAL_SPUR,SpurC,1,UNRESOLVED_CODEBOOK,10.3389/fpls.2023.1234148,Table S4,H462,057a0aaa603cfa4d9683a2eac75e747cb14bd1294e541feb82483fe6bc160e45
Z2023_S4_R463,E. myrianthum,Epimedium myrianthum,SOURCE_NAME_NOT_ACCEPTED_TAXON_AUDIT,"longshan, Hunan",C. Zhang Zhang212,BNU,INNER_SEPAL,SepalC,0,UNRESOLVED_CODEBOOK,10.3389/fpls.2023.1234148,Table S4,G463,057a0aaa603cfa4d9683a2eac75e747cb14bd1294e541feb82483fe6bc160e45
Z2023_S4_R463,E. myrianthum,Epimedium myrianthum,SOURCE_NAME_NOT_ACCEPTED_TAXON_AUDIT,"longshan, Hunan",C. Zhang Zhang212,BNU,PETAL_SPUR,SpurC,1,UNRESOLVED_CODEBOOK,10.3389/fpls.2023.1234148,Table S4,H463,057a0aaa603cfa4d9683a2eac75e747cb14bd1294e541feb82483fe6bc160e45
Z2023_S4_R464,E. ogisui,Epimedium ogisui,SOURCE_NAME_NOT_ACCEPTED_TAXON_AUDIT,"Lushan, Sichuan",C. Zhang Zhang285,BNU,INNER_SEPAL,SepalC,0,UNRESOLVED_CODEBOOK,10.3389/fpls.2023.1234148,Table S4,G464,057a0aaa603cfa4d9683a2eac75e747cb14bd1294e541feb82483fe6bc160e45
Z2023_S4_R464,E. ogisui,Epimedium ogisui,SOURCE_NAME_NOT_ACCEPTED_TAXON_AUDIT,"Lushan, Sichuan",C. Zhang Zhang285,BNU,PETAL_SPUR,SpurC,0,UNRESOLVED_CODEBOOK,10.3389/fpls.2023.1234148,Table S4,H464,057a0aaa603cfa4d9683a2eac75e747cb14bd1294e541feb82483fe6bc160e45
Z2023_S4_R465,E. ogisui,Epimedium ogisui,SOURCE_NAME_NOT_ACCEPTED_TAXON_AUDIT,"Lushan, Sichuan",C. Zhang Zhang285,BNU,INNER_SEPAL,SepalC,0,UNRESOLVED_CODEBOOK,10.3389/fpls.2023.1234148,Table S4,G465,057a0aaa603cfa4d9683a2eac75e747cb14bd1294e541feb82483fe6bc160e45
Z2023_S4_R465,E. ogisui,Epimedium ogisui,SOURCE_NAME_NOT_ACCEPTED_TAXON_AUDIT,"Lushan, Sichuan",C. Zhang Zhang285,BNU,PETAL_SPUR,SpurC,0,UNRESOLVED_CODEBOOK,10.3389/fpls.2023.1234148,Table S4,H465,057a0aaa603cfa4d9683a2eac75e747cb14bd1294e541feb82483fe6bc160e45
Z2023_S4_R466,E. ogisui,Epimedium ogisui,SOURCE_NAME_NOT_ACCEPTED_TAXON_AUDIT,"Lushan, Sichuan",C. Zhang Zhang285,BNU,INNER_SEPAL,SepalC,0,UNRESOLVED_CODEBOOK,10.3389/fpls.2023.1234148,Table S4,G466,057a0aaa603cfa4d9683a2eac75e747cb14bd1294e541feb82483fe6bc160e45
Z2023_S4_R466,E. ogisui,Epimedium ogisui,SOURCE_NAME_NOT_ACCEPTED_TAXON_AUDIT,"Lushan, Sichuan",C. Zhang Zhang285,BNU,PETAL_SPUR,SpurC,0,UNRESOLVED_CODEBOOK,10.3389/fpls.2023.1234148,Table S4,H466,057a0aaa603cfa4d9683a2eac75e747cb14bd1294e541feb82483fe6bc160e45
Z2023_S4_R467,E. ogisui,Epimedium ogisui,SOURCE_NAME_NOT_ACCEPTED_TAXON_AUDIT,"Lushan, Sichuan",C. Zhang Zhang285,BNU,INNER_SEPAL,SepalC,0,UNRESOLVED_CODEBOOK,10.3389/fpls.2023.1234148,Table S4,G467,057a0aaa603cfa4d9683a2eac75e747cb14bd1294e541feb82483fe6bc160e45
Z2023_S4_R467,E. ogisui,Epimedium ogisui,SOURCE_NAME_NOT_ACCEPTED_TAXON_AUDIT,"Lushan, Sichuan",C. Zhang Zhang285,BNU,PETAL_SPUR,SpurC,0,UNRESOLVED_CODEBOOK,10.3389/fpls.2023.1234148,Table S4,H467,057a0aaa603cfa4d9683a2eac75e747cb14bd1294e541feb82483fe6bc160e45
Z2023_S4_R468,E. ogisui,Epimedium ogisui,SOURCE_NAME_NOT_ACCEPTED_TAXON_AUDIT,"Lushan, Sichuan",C. Zhang Zhang285,BNU,INNER_SEPAL,SepalC,0,UNRESOLVED_CODEBOOK,10.3389/fpls.2023.1234148,Table S4,G468,057a0aaa603cfa4d9683a2eac75e747cb14bd1294e541feb82483fe6bc160e45
Z2023_S4_R468,E. ogisui,Epimedium ogisui,SOURCE_NAME_NOT_ACCEPTED_TAXON_AUDIT,"Lushan, Sichuan",C. Zhang Zhang285,BNU,PETAL_SPUR,SpurC,0,UNRESOLVED_CODEBOOK,10.3389/fpls.2023.1234148,Table S4,H468,057a0aaa603cfa4d9683a2eac75e747cb14bd1294e541feb82483fe6bc160e45
Z2023_S4_R469,E. ogisui,Epimedium ogisui,SOURCE_NAME_NOT_ACCEPTED_TAXON_AUDIT,"Lushan, Sichuan",C. Zhang Zhang285,BNU,INNER_SEPAL,SepalC,0,UNRESOLVED_CODEBOOK,10.3389/fpls.2023.1234148,Table S4,G469,057a0aaa603cfa4d9683a2eac75e747cb14bd1294e541feb82483fe6bc160e45
Z2023_S4_R469,E. ogisui,Epimedium ogisui,SOURCE_NAME_NOT_ACCEPTED_TAXON_AUDIT,"Lushan, Sichuan",C. Zhang Zhang285,BNU,PETAL_SPUR,SpurC,0,UNRESOLVED_CODEBOOK,10.3389/fpls.2023.1234148,Table S4,H469,057a0aaa603cfa4d9683a2eac75e747cb14bd1294e541feb82483fe6bc160e45
Z2023_S4_R470,E. ogisui,Epimedium ogisui,SOURCE_NAME_NOT_ACCEPTED_TAXON_AUDIT,"Lushan, Sichuan",C. Zhang Zhang285,BNU,INNER_SEPAL,SepalC,0,UNRESOLVED_CODEBOOK,10.3389/fpls.2023.1234148,Table S4,G470,057a0aaa603cfa4d9683a2eac75e747cb14bd1294e541feb82483fe6bc160e45
Z2023_S4_R470,E. ogisui,Epimedium ogisui,SOURCE_NAME_NOT_ACCEPTED_TAXON_AUDIT,"Lushan, Sichuan",C. Zhang Zhang285,BNU,PETAL_SPUR,SpurC,0,UNRESOLVED_CODEBOOK,10.3389/fpls.2023.1234148,Table S4,H470,057a0aaa603cfa4d9683a2eac75e747cb14bd1294e541feb82483fe6bc160e45
Z2023_S4_R471,E. ogisui,Epimedium ogisui,SOURCE_NAME_NOT_ACCEPTED_TAXON_AUDIT,"Lushan, Sichuan",C. Zhang Zhang285,BNU,INNER_SEPAL,SepalC,0,UNRESOLVED_CODEBOOK,10.3389/fpls.2023.1234148,Table S4,G471,057a0aaa603cfa4d9683a2eac75e747cb14bd1294e541feb82483fe6bc160e45
Z2023_S4_R471,E. ogisui,Epimedium ogisui,SOURCE_NAME_NOT_ACCEPTED_TAXON_AUDIT,"Lushan, Sichuan",C. Zhang Zhang285,BNU,PETAL_SPUR,SpurC,0,UNRESOLVED_CODEBOOK,10.3389/fpls.2023.1234148,Table S4,H471,057a0aaa603cfa4d9683a2eac75e747cb14bd1294e541feb82483fe6bc160e45
Z2023_S4_R472,E. ogisui,Epimedium ogisui,SOURCE_NAME_NOT_ACCEPTED_TAXON_AUDIT,"Lushan, Sichuan",C. Zhang Zhang285,BNU,INNER_SEPAL,SepalC,0,UNRESOLVED_CODEBOOK,10.3389/fpls.2023.1234148,Table S4,G472,057a0aaa603cfa4d9683a2eac75e747cb14bd1294e541feb82483fe6bc160e45
Z2023_S4_R472,E. ogisui,Epimedium ogisui,SOURCE_NAME_NOT_ACCEPTED_TAXON_AUDIT,"Lushan, Sichuan",C. Zhang Zhang285,BNU,PETAL_SPUR,SpurC,0,UNRESOLVED_CODEBOOK,10.3389/fpls.2023.1234148,Table S4,H472,057a0aaa603cfa4d9683a2eac75e747cb14bd1294e541feb82483fe6bc160e45
Z2023_S4_R473,E. ogisui,Epimedium ogisui,SOURCE_NAME_NOT_ACCEPTED_TAXON_AUDIT,"Lushan, Sichuan",C. Zhang Zhang285,BNU,INNER_SEPAL,SepalC,0,UNRESOLVED_CODEBOOK,10.3389/fpls.2023.1234148,Table S4,G473,057a0aaa603cfa4d9683a2eac75e747cb14bd1294e541feb82483fe6bc160e45
Z2023_S4_R473,E. ogisui,Epimedium ogisui,SOURCE_NAME_NOT_ACCEPTED_TAXON_AUDIT,"Lushan, Sichuan",C. Zhang Zhang285,BNU,PETAL_SPUR,SpurC,0,UNRESOLVED_CODEBOOK,10.3389/fpls.2023.1234148,Table S4,H473,057a0aaa603cfa4d9683a2eac75e747cb14bd1294e541feb82483fe6bc160e45
Z2023_S4_R474,E. ogisui,Epimedium ogisui,SOURCE_NAME_NOT_ACCEPTED_TAXON_AUDIT,"Lushan, Sichuan",C. Zhang Zhang285,BNU,INNER_SEPAL,SepalC,0,UNRESOLVED_CODEBOOK,10.3389/fpls.2023.1234148,Table S4,G474,057a0aaa603cfa4d9683a2eac75e747cb14bd1294e541feb82483fe6bc160e45
Z2023_S4_R474,E. ogisui,Epimedium ogisui,SOURCE_NAME_NOT_ACCEPTED_TAXON_AUDIT,"Lushan, Sichuan",C. Zhang Zhang285,BNU,PETAL_SPUR,SpurC,0,UNRESOLVED_CODEBOOK,10.3389/fpls.2023.1234148,Table S4,H474,057a0aaa603cfa4d9683a2eac75e747cb14bd1294e541feb82483fe6bc160e45
Z2023_S4_R475,E. pauciflorum,Epimedium pauciflorum,SOURCE_NAME_NOT_ACCEPTED_TAXON_AUDIT,"Maoxian, Sichuan",C. Zhang Zhang278,BNU,INNER_SEPAL,SepalC,0,UNRESOLVED_CODEBOOK,10.3389/fpls.2023.1234148,Table S4,G475,057a0aaa603cfa4d9683a2eac75e747cb14bd1294e541feb82483fe6bc160e45
Z2023_S4_R475,E. pauciflorum,Epimedium pauciflorum,SOURCE_NAME_NOT_ACCEPTED_TAXON_AUDIT,"Maoxian, Sichuan",C. Zhang Zhang278,BNU,PETAL_SPUR,SpurC,0,UNRESOLVED_CODEBOOK,10.3389/fpls.2023.1234148,Table S4,H475,057a0aaa603cfa4d9683a2eac75e747cb14bd1294e541feb82483fe6bc160e45
Z2023_S4_R476,E. pauciflorum,Epimedium pauciflorum,SOURCE_NAME_NOT_ACCEPTED_TAXON_AUDIT,"Maoxian, Sichuan",C. Zhang Zhang278,BNU,INNER_SEPAL,SepalC,0,UNRESOLVED_CODEBOOK,10.3389/fpls.2023.1234148,Table S4,G476,057a0aaa603cfa4d9683a2eac75e747cb14bd1294e541feb82483fe6bc160e45
Z2023_S4_R476,E. pauciflorum,Epimedium pauciflorum,SOURCE_NAME_NOT_ACCEPTED_TAXON_AUDIT,"Maoxian, Sichuan",C. Zhang Zhang278,BNU,PETAL_SPUR,SpurC,0,UNRESOLVED_CODEBOOK,10.3389/fpls.2023.1234148,Table S4,H476,057a0aaa603cfa4d9683a2eac75e747cb14bd1294e541feb82483fe6bc160e45
Z2023_S4_R477,E. pauciflorum,Epimedium pauciflorum,SOURCE_NAME_NOT_ACCEPTED_TAXON_AUDIT,"Maoxian, Sichuan",C. Zhang Zhang278,BNU,INNER_SEPAL,SepalC,0,UNRESOLVED_CODEBOOK,10.3389/fpls.2023.1234148,Table S4,G477,057a0aaa603cfa4d9683a2eac75e747cb14bd1294e541feb82483fe6bc160e45
Z2023_S4_R477,E. pauciflorum,Epimedium pauciflorum,SOURCE_NAME_NOT_ACCEPTED_TAXON_AUDIT,"Maoxian, Sichuan",C. Zhang Zhang278,BNU,PETAL_SPUR,SpurC,0,UNRESOLVED_CODEBOOK,10.3389/fpls.2023.1234148,Table S4,H477,057a0aaa603cfa4d9683a2eac75e747cb14bd1294e541feb82483fe6bc160e45
Z2023_S4_R478,E. pauciflorum,Epimedium pauciflorum,SOURCE_NAME_NOT_ACCEPTED_TAXON_AUDIT,"Maoxian, Sichuan",C. Zhang Zhang278,BNU,INNER_SEPAL,SepalC,0,UNRESOLVED_CODEBOOK,10.3389/fpls.2023.1234148,Table S4,G478,057a0aaa603cfa4d9683a2eac75e747cb14bd1294e541feb82483fe6bc160e45
Z2023_S4_R478,E. pauciflorum,Epimedium pauciflorum,SOURCE_NAME_NOT_ACCEPTED_TAXON_AUDIT,"Maoxian, Sichuan",C. Zhang Zhang278,BNU,PETAL_SPUR,SpurC,0,UNRESOLVED_CODEBOOK,10.3389/fpls.2023.1234148,Table S4,H478,057a0aaa603cfa4d9683a2eac75e747cb14bd1294e541feb82483fe6bc160e45
Z2023_S4_R479,E. pauciflorum,Epimedium pauciflorum,SOURCE_NAME_NOT_ACCEPTED_TAXON_AUDIT,"Maoxian, Sichuan",C. Zhang Zhang278,BNU,INNER_SEPAL,SepalC,0,UNRESOLVED_CODEBOOK,10.3389/fpls.2023.1234148,Table S4,G479,057a0aaa603cfa4d9683a2eac75e747cb14bd1294e541feb82483fe6bc160e45
Z2023_S4_R479,E. pauciflorum,Epimedium pauciflorum,SOURCE_NAME_NOT_ACCEPTED_TAXON_AUDIT,"Maoxian, Sichuan",C. Zhang Zhang278,BNU,PETAL_SPUR,SpurC,0,UNRESOLVED_CODEBOOK,10.3389/fpls.2023.1234148,Table S4,H479,057a0aaa603cfa4d9683a2eac75e747cb14bd1294e541feb82483fe6bc160e45
Z2023_S4_R480,E. pauciflorum,Epimedium pauciflorum,SOURCE_NAME_NOT_ACCEPTED_TAXON_AUDIT,"Maoxian, Sichuan",C. Zhang Zhang278,BNU,INNER_SEPAL,SepalC,0,UNRESOLVED_CODEBOOK,10.3389/fpls.2023.1234148,Table S4,G480,057a0aaa603cfa4d9683a2eac75e747cb14bd1294e541feb82483fe6bc160e45
Z2023_S4_R480,E. pauciflorum,Epimedium pauciflorum,SOURCE_NAME_NOT_ACCEPTED_TAXON_AUDIT,"Maoxian, Sichuan",C. Zhang Zhang278,BNU,PETAL_SPUR,SpurC,0,UNRESOLVED_CODEBOOK,10.3389/fpls.2023.1234148,Table S4,H480,057a0aaa603cfa4d9683a2eac75e747cb14bd1294e541feb82483fe6bc160e45
Z2023_S4_R481,E. pauciflorum,Epimedium pauciflorum,SOURCE_NAME_NOT_ACCEPTED_TAXON_AUDIT,"Maoxian, Sichuan",C. Zhang Zhang278,BNU,INNER_SEPAL,SepalC,0,UNRESOLVED_CODEBOOK,10.3389/fpls.2023.1234148,Table S4,G481,057a0aaa603cfa4d9683a2eac75e747cb14bd1294e541feb82483fe6bc160e45
Z2023_S4_R481,E. pauciflorum,Epimedium pauciflorum,SOURCE_NAME_NOT_ACCEPTED_TAXON_AUDIT,"Maoxian, Sichuan",C. Zhang Zhang278,BNU,PETAL_SPUR,SpurC,0,UNRESOLVED_CODEBOOK,10.3389/fpls.2023.1234148,Table S4,H481,057a0aaa603cfa4d9683a2eac75e747cb14bd1294e541feb82483fe6bc160e45
Z2023_S4_R482,E. pauciflorum,Epimedium pauciflorum,SOURCE_NAME_NOT_ACCEPTED_TAXON_AUDIT,"Maoxian, Sichuan",C. Zhang Zhang278,BNU,INNER_SEPAL,SepalC,0,UNRESOLVED_CODEBOOK,10.3389/fpls.2023.1234148,Table S4,G482,057a0aaa603cfa4d9683a2eac75e747cb14bd1294e541feb82483fe6bc160e45
Z2023_S4_R482,E. pauciflorum,Epimedium pauciflorum,SOURCE_NAME_NOT_ACCEPTED_TAXON_AUDIT,"Maoxian, Sichuan",C. Zhang Zhang278,BNU,PETAL_SPUR,SpurC,0,UNRESOLVED_CODEBOOK,10.3389/fpls.2023.1234148,Table S4,H482,057a0aaa603cfa4d9683a2eac75e747cb14bd1294e541feb82483fe6bc160e45
Z2023_S4_R483,E. pauciflorum,Epimedium pauciflorum,SOURCE_NAME_NOT_ACCEPTED_TAXON_AUDIT,"Maoxian, Sichuan",C. Zhang Zhang278,BNU,INNER_SEPAL,SepalC,0,UNRESOLVED_CODEBOOK,10.3389/fpls.2023.1234148,Table S4,G483,057a0aaa603cfa4d9683a2eac75e747cb14bd1294e541feb82483fe6bc160e45
Z2023_S4_R483,E. pauciflorum,Epimedium pauciflorum,SOURCE_NAME_NOT_ACCEPTED_TAXON_AUDIT,"Maoxian, Sichuan",C. Zhang Zhang278,BNU,PETAL_SPUR,SpurC,0,UNRESOLVED_CODEBOOK,10.3389/fpls.2023.1234148,Table S4,H483,057a0aaa603cfa4d9683a2eac75e747cb14bd1294e541feb82483fe6bc160e45
Z2023_S4_R484,E. pauciflorum,Epimedium pauciflorum,SOURCE_NAME_NOT_ACCEPTED_TAXON_AUDIT,"Maoxian, Sichuan",C. Zhang Zhang278,BNU,INNER_SEPAL,SepalC,0,UNRESOLVED_CODEBOOK,10.3389/fpls.2023.1234148,Table S4,G484,057a0aaa603cfa4d9683a2eac75e747cb14bd1294e541feb82483fe6bc160e45
Z2023_S4_R484,E. pauciflorum,Epimedium pauciflorum,SOURCE_NAME_NOT_ACCEPTED_TAXON_AUDIT,"Maoxian, Sichuan",C. Zhang Zhang278,BNU,PETAL_SPUR,SpurC,0,UNRESOLVED_CODEBOOK,10.3389/fpls.2023.1234148,Table S4,H484,057a0aaa603cfa4d9683a2eac75e747cb14bd1294e541feb82483fe6bc160e45
Z2023_S4_R485,E. pauciflorum,Epimedium pauciflorum,SOURCE_NAME_NOT_ACCEPTED_TAXON_AUDIT,"Maoxian, Sichuan",C. Zhang Zhang278,BNU,INNER_SEPAL,SepalC,0,UNRESOLVED_CODEBOOK,10.3389/fpls.2023.1234148,Table S4,G485,057a0aaa603cfa4d9683a2eac75e747cb14bd1294e541feb82483fe6bc160e45
Z2023_S4_R485,E. pauciflorum,Epimedium pauciflorum,SOURCE_NAME_NOT_ACCEPTED_TAXON_AUDIT,"Maoxian, Sichuan",C. Zhang Zhang278,BNU,PETAL_SPUR,SpurC,0,UNRESOLVED_CODEBOOK,10.3389/fpls.2023.1234148,Table S4,H485,057a0aaa603cfa4d9683a2eac75e747cb14bd1294e541feb82483fe6bc160e45
Z2023_S4_R486,E. pauciflorum,Epimedium pauciflorum,SOURCE_NAME_NOT_ACCEPTED_TAXON_AUDIT,"Maoxian, Sichuan",C. Zhang Zhang278,BNU,INNER_SEPAL,SepalC,0,UNRESOLVED_CODEBOOK,10.3389/fpls.2023.1234148,Table S4,G486,057a0aaa603cfa4d9683a2eac75e747cb14bd1294e541feb82483fe6bc160e45
Z2023_S4_R486,E. pauciflorum,Epimedium pauciflorum,SOURCE_NAME_NOT_ACCEPTED_TAXON_AUDIT,"Maoxian, Sichuan",C. Zhang Zhang278,BNU,PETAL_SPUR,SpurC,0,UNRESOLVED_CODEBOOK,10.3389/fpls.2023.1234148,Table S4,H486,057a0aaa603cfa4d9683a2eac75e747cb14bd1294e541feb82483fe6bc160e45
Z2023_S4_R487,E. pauciflorum,Epimedium pauciflorum,SOURCE_NAME_NOT_ACCEPTED_TAXON_AUDIT,"Maoxian, Sichuan",C. Zhang Zhang278,BNU,INNER_SEPAL,SepalC,0,UNRESOLVED_CODEBOOK,10.3389/fpls.2023.1234148,Table S4,G487,057a0aaa603cfa4d9683a2eac75e747cb14bd1294e541feb82483fe6bc160e45
Z2023_S4_R487,E. pauciflorum,Epimedium pauciflorum,SOURCE_NAME_NOT_ACCEPTED_TAXON_AUDIT,"Maoxian, Sichuan",C. Zhang Zhang278,BNU,PETAL_SPUR,SpurC,0,UNRESOLVED_CODEBOOK,10.3389/fpls.2023.1234148,Table S4,H487,057a0aaa603cfa4d9683a2eac75e747cb14bd1294e541feb82483fe6bc160e45
Z2023_S4_R488,E. pauciflorum,Epimedium pauciflorum,SOURCE_NAME_NOT_ACCEPTED_TAXON_AUDIT,"Maoxian, Sichuan",C. Zhang Zhang278,BNU,INNER_SEPAL,SepalC,0,UNRESOLVED_CODEBOOK,10.3389/fpls.2023.1234148,Table S4,G488,057a0aaa603cfa4d9683a2eac75e747cb14bd1294e541feb82483fe6bc160e45
Z2023_S4_R488,E. pauciflorum,Epimedium pauciflorum,SOURCE_NAME_NOT_ACCEPTED_TAXON_AUDIT,"Maoxian, Sichuan",C. Zhang Zhang278,BNU,PETAL_SPUR,SpurC,0,UNRESOLVED_CODEBOOK,10.3389/fpls.2023.1234148,Table S4,H488,057a0aaa603cfa4d9683a2eac75e747cb14bd1294e541feb82483fe6bc160e45
Z2023_S4_R489,E. pauciflorum,Epimedium pauciflorum,SOURCE_NAME_NOT_ACCEPTED_TAXON_AUDIT,"Maoxian, Sichuan",C. Zhang Zhang278,BNU,INNER_SEPAL,SepalC,0,UNRESOLVED_CODEBOOK,10.3389/fpls.2023.1234148,Table S4,G489,057a0aaa603cfa4d9683a2eac75e747cb14bd1294e541feb82483fe6bc160e45
Z2023_S4_R489,E. pauciflorum,Epimedium pauciflorum,SOURCE_NAME_NOT_ACCEPTED_TAXON_AUDIT,"Maoxian, Sichuan",C. Zhang Zhang278,BNU,PETAL_SPUR,SpurC,0,UNRESOLVED_CODEBOOK,10.3389/fpls.2023.1234148,Table S4,H489,057a0aaa603cfa4d9683a2eac75e747cb14bd1294e541feb82483fe6bc160e45
Z2023_S4_R490,E. pauciflorum,Epimedium pauciflorum,SOURCE_NAME_NOT_ACCEPTED_TAXON_AUDIT,"Maoxian, Sichuan",C. Zhang Zhang278,BNU,INNER_SEPAL,SepalC,0,UNRESOLVED_CODEBOOK,10.3389/fpls.2023.1234148,Table S4,G490,057a0aaa603cfa4d9683a2eac75e747cb14bd1294e541feb82483fe6bc160e45
Z2023_S4_R490,E. pauciflorum,Epimedium pauciflorum,SOURCE_NAME_NOT_ACCEPTED_TAXON_AUDIT,"Maoxian, Sichuan",C. Zhang Zhang278,BNU,PETAL_SPUR,SpurC,0,UNRESOLVED_CODEBOOK,10.3389/fpls.2023.1234148,Table S4,H490,057a0aaa603cfa4d9683a2eac75e747cb14bd1294e541feb82483fe6bc160e45
Z2023_S4_R491,E. pauciflorum,Epimedium pauciflorum,SOURCE_NAME_NOT_ACCEPTED_TAXON_AUDIT,"Maoxian, Sichuan",C. Zhang Zhang278,BNU,INNER_SEPAL,SepalC,0,UNRESOLVED_CODEBOOK,10.3389/fpls.2023.1234148,Table S4,G491,057a0aaa603cfa4d9683a2eac75e747cb14bd1294e541feb82483fe6bc160e45
Z2023_S4_R491,E. pauciflorum,Epimedium pauciflorum,SOURCE_NAME_NOT_ACCEPTED_TAXON_AUDIT,"Maoxian, Sichuan",C. Zhang Zhang278,BNU,PETAL_SPUR,SpurC,0,UNRESOLVED_CODEBOOK,10.3389/fpls.2023.1234148,Table S4,H491,057a0aaa603cfa4d9683a2eac75e747cb14bd1294e541feb82483fe6bc160e45
Z2023_S4_R492,E. pauciflorum,Epimedium pauciflorum,SOURCE_NAME_NOT_ACCEPTED_TAXON_AUDIT,"Maoxian, Sichuan",C. Zhang Zhang278,BNU,INNER_SEPAL,SepalC,0,UNRESOLVED_CODEBOOK,10.3389/fpls.2023.1234148,Table S4,G492,057a0aaa603cfa4d9683a2eac75e747cb14bd1294e541feb82483fe6bc160e45
Z2023_S4_R492,E. pauciflorum,Epimedium pauciflorum,SOURCE_NAME_NOT_ACCEPTED_TAXON_AUDIT,"Maoxian, Sichuan",C. Zhang Zhang278,BNU,PETAL_SPUR,SpurC,0,UNRESOLVED_CODEBOOK,10.3389/fpls.2023.1234148,Table S4,H492,057a0aaa603cfa4d9683a2eac75e747cb14bd1294e541feb82483fe6bc160e45
Z2023_S4_R493,E. pauciflorum,Epimedium pauciflorum,SOURCE_NAME_NOT_ACCEPTED_TAXON_AUDIT,"Maoxian, Sichuan",C. Zhang Zhang278,BNU,INNER_SEPAL,SepalC,0,UNRESOLVED_CODEBOOK,10.3389/fpls.2023.1234148,Table S4,G493,057a0aaa603cfa4d9683a2eac75e747cb14bd1294e541feb82483fe6bc160e45
Z2023_S4_R493,E. pauciflorum,Epimedium pauciflorum,SOURCE_NAME_NOT_ACCEPTED_TAXON_AUDIT,"Maoxian, Sichuan",C. Zhang Zhang278,BNU,PETAL_SPUR,SpurC,0,UNRESOLVED_CODEBOOK,10.3389/fpls.2023.1234148,Table S4,H493,057a0aaa603cfa4d9683a2eac75e747cb14bd1294e541feb82483fe6bc160e45
Z2023_S4_R494,E. pauciflorum,Epimedium pauciflorum,SOURCE_NAME_NOT_ACCEPTED_TAXON_AUDIT,"Maoxian, Sichuan",C. Zhang Zhang278,BNU,INNER_SEPAL,SepalC,0,UNRESOLVED_CODEBOOK,10.3389/fpls.2023.1234148,Table S4,G494,057a0aaa603cfa4d9683a2eac75e747cb14bd1294e541feb82483fe6bc160e45
Z2023_S4_R494,E. pauciflorum,Epimedium pauciflorum,SOURCE_NAME_NOT_ACCEPTED_TAXON_AUDIT,"Maoxian, Sichuan",C. Zhang Zhang278,BNU,PETAL_SPUR,SpurC,0,UNRESOLVED_CODEBOOK,10.3389/fpls.2023.1234148,Table S4,H494,057a0aaa603cfa4d9683a2eac75e747cb14bd1294e541feb82483fe6bc160e45
Z2023_S4_R495,E. platypetalum,Epimedium platypetalum,SOURCE_NAME_NOT_ACCEPTED_TAXON_AUDIT,"Wenchuan, Sichuan",C. Zhang Zhang753,BNU,INNER_SEPAL,SepalC,2,UNRESOLVED_CODEBOOK,10.3389/fpls.2023.1234148,Table S4,G495,057a0aaa603cfa4d9683a2eac75e747cb14bd1294e541feb82483fe6bc160e45
Z2023_S4_R495,E. platypetalum,Epimedium platypetalum,SOURCE_NAME_NOT_ACCEPTED_TAXON_AUDIT,"Wenchuan, Sichuan",C. Zhang Zhang753,BNU,PETAL_SPUR,SpurC,1,UNRESOLVED_CODEBOOK,10.3389/fpls.2023.1234148,Table S4,H495,057a0aaa603cfa4d9683a2eac75e747cb14bd1294e541feb82483fe6bc160e45
Z2023_S4_R496,E. platypetalum,Epimedium platypetalum,SOURCE_NAME_NOT_ACCEPTED_TAXON_AUDIT,"Wenchuan, Sichuan",C. Zhang Zhang753,BNU,INNER_SEPAL,SepalC,2,UNRESOLVED_CODEBOOK,10.3389/fpls.2023.1234148,Table S4,G496,057a0aaa603cfa4d9683a2eac75e747cb14bd1294e541feb82483fe6bc160e45
Z2023_S4_R496,E. platypetalum,Epimedium platypetalum,SOURCE_NAME_NOT_ACCEPTED_TAXON_AUDIT,"Wenchuan, Sichuan",C. Zhang Zhang753,BNU,PETAL_SPUR,SpurC,1,UNRESOLVED_CODEBOOK,10.3389/fpls.2023.1234148,Table S4,H496,057a0aaa603cfa4d9683a2eac75e747cb14bd1294e541feb82483fe6bc160e45
Z2023_S4_R497,E. platypetalum,Epimedium platypetalum,SOURCE_NAME_NOT_ACCEPTED_TAXON_AUDIT,"Wenchuan, Sichuan",C. Zhang Zhang753,BNU,INNER_SEPAL,SepalC,2,UNRESOLVED_CODEBOOK,10.3389/fpls.2023.1234148,Table S4,G497,057a0aaa603cfa4d9683a2eac75e747cb14bd1294e541feb82483fe6bc160e45
Z2023_S4_R497,E. platypetalum,Epimedium platypetalum,SOURCE_NAME_NOT_ACCEPTED_TAXON_AUDIT,"Wenchuan, Sichuan",C. Zhang Zhang753,BNU,PETAL_SPUR,SpurC,1,UNRESOLVED_CODEBOOK,10.3389/fpls.2023.1234148,Table S4,H497,057a0aaa603cfa4d9683a2eac75e747cb14bd1294e541feb82483fe6bc160e45
Z2023_S4_R498,E. platypetalum,Epimedium platypetalum,SOURCE_NAME_NOT_ACCEPTED_TAXON_AUDIT,"Wenchuan, Sichuan",C. Zhang Zhang753,BNU,INNER_SEPAL,SepalC,2,UNRESOLVED_CODEBOOK,10.3389/fpls.2023.1234148,Table S4,G498,057a0aaa603cfa4d9683a2eac75e747cb14bd1294e541feb82483fe6bc160e45
Z2023_S4_R498,E. platypetalum,Epimedium platypetalum,SOURCE_NAME_NOT_ACCEPTED_TAXON_AUDIT,"Wenchuan, Sichuan",C. Zhang Zhang753,BNU,PETAL_SPUR,SpurC,1,UNRESOLVED_CODEBOOK,10.3389/fpls.2023.1234148,Table S4,H498,057a0aaa603cfa4d9683a2eac75e747cb14bd1294e541feb82483fe6bc160e45
Z2023_S4_R499,E. platypetalum,Epimedium platypetalum,SOURCE_NAME_NOT_ACCEPTED_TAXON_AUDIT,"Wenchuan, Sichuan",C. Zhang Zhang753,BNU,INNER_SEPAL,SepalC,2,UNRESOLVED_CODEBOOK,10.3389/fpls.2023.1234148,Table S4,G499,057a0aaa603cfa4d9683a2eac75e747cb14bd1294e541feb82483fe6bc160e45
Z2023_S4_R499,E. platypetalum,Epimedium platypetalum,SOURCE_NAME_NOT_ACCEPTED_TAXON_AUDIT,"Wenchuan, Sichuan",C. Zhang Zhang753,BNU,PETAL_SPUR,SpurC,1,UNRESOLVED_CODEBOOK,10.3389/fpls.2023.1234148,Table S4,H499,057a0aaa603cfa4d9683a2eac75e747cb14bd1294e541feb82483fe6bc160e45
Z2023_S4_R500,E. platypetalum,Epimedium platypetalum,SOURCE_NAME_NOT_ACCEPTED_TAXON_AUDIT,"Wenchuan, Sichuan",C. Zhang Zhang753,BNU,INNER_SEPAL,SepalC,2,UNRESOLVED_CODEBOOK,10.3389/fpls.2023.1234148,Table S4,G500,057a0aaa603cfa4d9683a2eac75e747cb14bd1294e541feb82483fe6bc160e45
Z2023_S4_R500,E. platypetalum,Epimedium platypetalum,SOURCE_NAME_NOT_ACCEPTED_TAXON_AUDIT,"Wenchuan, Sichuan",C. Zhang Zhang753,BNU,PETAL_SPUR,SpurC,1,UNRESOLVED_CODEBOOK,10.3389/fpls.2023.1234148,Table S4,H500,057a0aaa603cfa4d9683a2eac75e747cb14bd1294e541feb82483fe6bc160e45
Z2023_S4_R501,E. pseudowushanense,Epimedium pseudowushanense,SOURCE_NAME_NOT_ACCEPTED_TAXON_AUDIT,"Longli, Guizhou",C. Zhang Zhang228,BNU,INNER_SEPAL,SepalC,3,UNRESOLVED_CODEBOOK,10.3389/fpls.2023.1234148,Table S4,G501,057a0aaa603cfa4d9683a2eac75e747cb14bd1294e541feb82483fe6bc160e45
Z2023_S4_R501,E. pseudowushanense,Epimedium pseudowushanense,SOURCE_NAME_NOT_ACCEPTED_TAXON_AUDIT,"Longli, Guizhou",C. Zhang Zhang228,BNU,PETAL_SPUR,SpurC,3,UNRESOLVED_CODEBOOK,10.3389/fpls.2023.1234148,Table S4,H501,057a0aaa603cfa4d9683a2eac75e747cb14bd1294e541feb82483fe6bc160e45
Z2023_S4_R502,E. pseudowushanense,Epimedium pseudowushanense,SOURCE_NAME_NOT_ACCEPTED_TAXON_AUDIT,"Longli, Guizhou",C. Zhang Zhang228,BNU,INNER_SEPAL,SepalC,3,UNRESOLVED_CODEBOOK,10.3389/fpls.2023.1234148,Table S4,G502,057a0aaa603cfa4d9683a2eac75e747cb14bd1294e541feb82483fe6bc160e45
Z2023_S4_R502,E. pseudowushanense,Epimedium pseudowushanense,SOURCE_NAME_NOT_ACCEPTED_TAXON_AUDIT,"Longli, Guizhou",C. Zhang Zhang228,BNU,PETAL_SPUR,SpurC,3,UNRESOLVED_CODEBOOK,10.3389/fpls.2023.1234148,Table S4,H502,057a0aaa603cfa4d9683a2eac75e747cb14bd1294e541feb82483fe6bc160e45
Z2023_S4_R503,E. pseudowushanense,Epimedium pseudowushanense,SOURCE_NAME_NOT_ACCEPTED_TAXON_AUDIT,"Longli, Guizhou",C. Zhang Zhang228,BNU,INNER_SEPAL,SepalC,3,UNRESOLVED_CODEBOOK,10.3389/fpls.2023.1234148,Table S4,G503,057a0aaa603cfa4d9683a2eac75e747cb14bd1294e541feb82483fe6bc160e45
Z2023_S4_R503,E. pseudowushanense,Epimedium pseudowushanense,SOURCE_NAME_NOT_ACCEPTED_TAXON_AUDIT,"Longli, Guizhou",C. Zhang Zhang228,BNU,PETAL_SPUR,SpurC,3,UNRESOLVED_CODEBOOK,10.3389/fpls.2023.1234148,Table S4,H503,057a0aaa603cfa4d9683a2eac75e747cb14bd1294e541feb82483fe6bc160e45
Z2023_S4_R504,E. pseudowushanense,Epimedium pseudowushanense,SOURCE_NAME_NOT_ACCEPTED_TAXON_AUDIT,"Longli, Guizhou",C. Zhang Zhang228,BNU,INNER_SEPAL,SepalC,3,UNRESOLVED_CODEBOOK,10.3389/fpls.2023.1234148,Table S4,G504,057a0aaa603cfa4d9683a2eac75e747cb14bd1294e541feb82483fe6bc160e45
Z2023_S4_R504,E. pseudowushanense,Epimedium pseudowushanense,SOURCE_NAME_NOT_ACCEPTED_TAXON_AUDIT,"Longli, Guizhou",C. Zhang Zhang228,BNU,PETAL_SPUR,SpurC,3,UNRESOLVED_CODEBOOK,10.3389/fpls.2023.1234148,Table S4,H504,057a0aaa603cfa4d9683a2eac75e747cb14bd1294e541feb82483fe6bc160e45
Z2023_S4_R505,E. pseudowushanense,Epimedium pseudowushanense,SOURCE_NAME_NOT_ACCEPTED_TAXON_AUDIT,"Longli, Guizhou",C. Zhang Zhang228,BNU,INNER_SEPAL,SepalC,3,UNRESOLVED_CODEBOOK,10.3389/fpls.2023.1234148,Table S4,G505,057a0aaa603cfa4d9683a2eac75e747cb14bd1294e541feb82483fe6bc160e45
Z2023_S4_R505,E. pseudowushanense,Epimedium pseudowushanense,SOURCE_NAME_NOT_ACCEPTED_TAXON_AUDIT,"Longli, Guizhou",C. Zhang Zhang228,BNU,PETAL_SPUR,SpurC,3,UNRESOLVED_CODEBOOK,10.3389/fpls.2023.1234148,Table S4,H505,057a0aaa603cfa4d9683a2eac75e747cb14bd1294e541feb82483fe6bc160e45
Z2023_S4_R506,E. pseudowushanense,Epimedium pseudowushanense,SOURCE_NAME_NOT_ACCEPTED_TAXON_AUDIT,"Longli, Guizhou",C. Zhang Zhang228,BNU,INNER_SEPAL,SepalC,3,UNRESOLVED_CODEBOOK,10.3389/fpls.2023.1234148,Table S4,G506,057a0aaa603cfa4d9683a2eac75e747cb14bd1294e541feb82483fe6bc160e45
Z2023_S4_R506,E. pseudowushanense,Epimedium pseudowushanense,SOURCE_NAME_NOT_ACCEPTED_TAXON_AUDIT,"Longli, Guizhou",C. Zhang Zhang228,BNU,PETAL_SPUR,SpurC,3,UNRESOLVED_CODEBOOK,10.3389/fpls.2023.1234148,Table S4,H506,057a0aaa603cfa4d9683a2eac75e747cb14bd1294e541feb82483fe6bc160e45
Z2023_S4_R507,E. pseudowushanense,Epimedium pseudowushanense,SOURCE_NAME_NOT_ACCEPTED_TAXON_AUDIT,"Longli, Guizhou",C. Zhang Zhang228,BNU,INNER_SEPAL,SepalC,3,UNRESOLVED_CODEBOOK,10.3389/fpls.2023.1234148,Table S4,G507,057a0aaa603cfa4d9683a2eac75e747cb14bd1294e541feb82483fe6bc160e45
Z2023_S4_R507,E. pseudowushanense,Epimedium pseudowushanense,SOURCE_NAME_NOT_ACCEPTED_TAXON_AUDIT,"Longli, Guizhou",C. Zhang Zhang228,BNU,PETAL_SPUR,SpurC,3,UNRESOLVED_CODEBOOK,10.3389/fpls.2023.1234148,Table S4,H507,057a0aaa603cfa4d9683a2eac75e747cb14bd1294e541feb82483fe6bc160e45
Z2023_S4_R508,E. pseudowushanense,Epimedium pseudowushanense,SOURCE_NAME_NOT_ACCEPTED_TAXON_AUDIT,"Longli, Guizhou",C. Zhang Zhang228,BNU,INNER_SEPAL,SepalC,3,UNRESOLVED_CODEBOOK,10.3389/fpls.2023.1234148,Table S4,G508,057a0aaa603cfa4d9683a2eac75e747cb14bd1294e541feb82483fe6bc160e45
Z2023_S4_R508,E. pseudowushanense,Epimedium pseudowushanense,SOURCE_NAME_NOT_ACCEPTED_TAXON_AUDIT,"Longli, Guizhou",C. Zhang Zhang228,BNU,PETAL_SPUR,SpurC,3,UNRESOLVED_CODEBOOK,10.3389/fpls.2023.1234148,Table S4,H508,057a0aaa603cfa4d9683a2eac75e747cb14bd1294e541feb82483fe6bc160e45
Z2023_S4_R509,E. pseudowushanense,Epimedium pseudowushanense,SOURCE_NAME_NOT_ACCEPTED_TAXON_AUDIT,"Longli, Guizhou",C. Zhang Zhang228,BNU,INNER_SEPAL,SepalC,3,UNRESOLVED_CODEBOOK,10.3389/fpls.2023.1234148,Table S4,G509,057a0aaa603cfa4d9683a2eac75e747cb14bd1294e541feb82483fe6bc160e45
Z2023_S4_R509,E. pseudowushanense,Epimedium pseudowushanense,SOURCE_NAME_NOT_ACCEPTED_TAXON_AUDIT,"Longli, Guizhou",C. Zhang Zhang228,BNU,PETAL_SPUR,SpurC,3,UNRESOLVED_CODEBOOK,10.3389/fpls.2023.1234148,Table S4,H509,057a0aaa603cfa4d9683a2eac75e747cb14bd1294e541feb82483fe6bc160e45
Z2023_S4_R510,E. pseudowushanense,Epimedium pseudowushanense,SOURCE_NAME_NOT_ACCEPTED_TAXON_AUDIT,"Longli, Guizhou",C. Zhang Zhang228,BNU,INNER_SEPAL,SepalC,3,UNRESOLVED_CODEBOOK,10.3389/fpls.2023.1234148,Table S4,G510,057a0aaa603cfa4d9683a2eac75e747cb14bd1294e541feb82483fe6bc160e45
Z2023_S4_R510,E. pseudowushanense,Epimedium pseudowushanense,SOURCE_NAME_NOT_ACCEPTED_TAXON_AUDIT,"Longli, Guizhou",C. Zhang Zhang228,BNU,PETAL_SPUR,SpurC,3,UNRESOLVED_CODEBOOK,10.3389/fpls.2023.1234148,Table S4,H510,057a0aaa603cfa4d9683a2eac75e747cb14bd1294e541feb82483fe6bc160e45
Z2023_S4_R511,E. pseudowushanense,Epimedium pseudowushanense,SOURCE_NAME_NOT_ACCEPTED_TAXON_AUDIT,"Longli, Guizhou",C. Zhang Zhang228,BNU,INNER_SEPAL,SepalC,3,UNRESOLVED_CODEBOOK,10.3389/fpls.2023.1234148,Table S4,G511,057a0aaa603cfa4d9683a2eac75e747cb14bd1294e541feb82483fe6bc160e45
Z2023_S4_R511,E. pseudowushanense,Epimedium pseudowushanense,SOURCE_NAME_NOT_ACCEPTED_TAXON_AUDIT,"Longli, Guizhou",C. Zhang Zhang228,BNU,PETAL_SPUR,SpurC,3,UNRESOLVED_CODEBOOK,10.3389/fpls.2023.1234148,Table S4,H511,057a0aaa603cfa4d9683a2eac75e747cb14bd1294e541feb82483fe6bc160e45
Z2023_S4_R512,E. pseudowushanense,Epimedium pseudowushanense,SOURCE_NAME_NOT_ACCEPTED_TAXON_AUDIT,"Longli, Guizhou",C. Zhang Zhang228,BNU,INNER_SEPAL,SepalC,3,UNRESOLVED_CODEBOOK,10.3389/fpls.2023.1234148,Table S4,G512,057a0aaa603cfa4d9683a2eac75e747cb14bd1294e541feb82483fe6bc160e45
Z2023_S4_R512,E. pseudowushanense,Epimedium pseudowushanense,SOURCE_NAME_NOT_ACCEPTED_TAXON_AUDIT,"Longli, Guizhou",C. Zhang Zhang228,BNU,PETAL_SPUR,SpurC,3,UNRESOLVED_CODEBOOK,10.3389/fpls.2023.1234148,Table S4,H512,057a0aaa603cfa4d9683a2eac75e747cb14bd1294e541feb82483fe6bc160e45
Z2023_S4_R513,E. pseudowushanense,Epimedium pseudowushanense,SOURCE_NAME_NOT_ACCEPTED_TAXON_AUDIT,"Longli, Guizhou",C. Zhang Zhang228,BNU,INNER_SEPAL,SepalC,3,UNRESOLVED_CODEBOOK,10.3389/fpls.2023.1234148,Table S4,G513,057a0aaa603cfa4d9683a2eac75e747cb14bd1294e541feb82483fe6bc160e45
Z2023_S4_R513,E. pseudowushanense,Epimedium pseudowushanense,SOURCE_NAME_NOT_ACCEPTED_TAXON_AUDIT,"Longli, Guizhou",C. Zhang Zhang228,BNU,PETAL_SPUR,SpurC,3,UNRESOLVED_CODEBOOK,10.3389/fpls.2023.1234148,Table S4,H513,057a0aaa603cfa4d9683a2eac75e747cb14bd1294e541feb82483fe6bc160e45
Z2023_S4_R514,E. pseudowushanense,Epimedium pseudowushanense,SOURCE_NAME_NOT_ACCEPTED_TAXON_AUDIT,"Longli, Guizhou",C. Zhang Zhang228,BNU,INNER_SEPAL,SepalC,3,UNRESOLVED_CODEBOOK,10.3389/fpls.2023.1234148,Table S4,G514,057a0aaa603cfa4d9683a2eac75e747cb14bd1294e541feb82483fe6bc160e45
Z2023_S4_R514,E. pseudowushanense,Epimedium pseudowushanense,SOURCE_NAME_NOT_ACCEPTED_TAXON_AUDIT,"Longli, Guizhou",C. Zhang Zhang228,BNU,PETAL_SPUR,SpurC,3,UNRESOLVED_CODEBOOK,10.3389/fpls.2023.1234148,Table S4,H514,057a0aaa603cfa4d9683a2eac75e747cb14bd1294e541feb82483fe6bc160e45
Z2023_S4_R515,E. pseudowushanense,Epimedium pseudowushanense,SOURCE_NAME_NOT_ACCEPTED_TAXON_AUDIT,"Longli, Guizhou",C. Zhang Zhang228,BNU,INNER_SEPAL,SepalC,3,UNRESOLVED_CODEBOOK,10.3389/fpls.2023.1234148,Table S4,G515,057a0aaa603cfa4d9683a2eac75e747cb14bd1294e541feb82483fe6bc160e45
Z2023_S4_R515,E. pseudowushanense,Epimedium pseudowushanense,SOURCE_NAME_NOT_ACCEPTED_TAXON_AUDIT,"Longli, Guizhou",C. Zhang Zhang228,BNU,PETAL_SPUR,SpurC,3,UNRESOLVED_CODEBOOK,10.3389/fpls.2023.1234148,Table S4,H515,057a0aaa603cfa4d9683a2eac75e747cb14bd1294e541feb82483fe6bc160e45
Z2023_S4_R516,E. pseudowushanense,Epimedium pseudowushanense,SOURCE_NAME_NOT_ACCEPTED_TAXON_AUDIT,"Longli, Guizhou",C. Zhang Zhang228,BNU,INNER_SEPAL,SepalC,3,UNRESOLVED_CODEBOOK,10.3389/fpls.2023.1234148,Table S4,G516,057a0aaa603cfa4d9683a2eac75e747cb14bd1294e541feb82483fe6bc160e45
Z2023_S4_R516,E. pseudowushanense,Epimedium pseudowushanense,SOURCE_NAME_NOT_ACCEPTED_TAXON_AUDIT,"Longli, Guizhou",C. Zhang Zhang228,BNU,PETAL_SPUR,SpurC,3,UNRESOLVED_CODEBOOK,10.3389/fpls.2023.1234148,Table S4,H516,057a0aaa603cfa4d9683a2eac75e747cb14bd1294e541feb82483fe6bc160e45
Z2023_S4_R517,E. pseudowushanense,Epimedium pseudowushanense,SOURCE_NAME_NOT_ACCEPTED_TAXON_AUDIT,"Longli, Guizhou",C. Zhang Zhang228,BNU,INNER_SEPAL,SepalC,3,UNRESOLVED_CODEBOOK,10.3389/fpls.2023.1234148,Table S4,G517,057a0aaa603cfa4d9683a2eac75e747cb14bd1294e541feb82483fe6bc160e45
Z2023_S4_R517,E. pseudowushanense,Epimedium pseudowushanense,SOURCE_NAME_NOT_ACCEPTED_TAXON_AUDIT,"Longli, Guizhou",C. Zhang Zhang228,BNU,PETAL_SPUR,SpurC,3,UNRESOLVED_CODEBOOK,10.3389/fpls.2023.1234148,Table S4,H517,057a0aaa603cfa4d9683a2eac75e747cb14bd1294e541feb82483fe6bc160e45
Z2023_S4_R518,E. pseudowushanense,Epimedium pseudowushanense,SOURCE_NAME_NOT_ACCEPTED_TAXON_AUDIT,"Longli, Guizhou",C. Zhang Zhang228,BNU,INNER_SEPAL,SepalC,3,UNRESOLVED_CODEBOOK,10.3389/fpls.2023.1234148,Table S4,G518,057a0aaa603cfa4d9683a2eac75e747cb14bd1294e541feb82483fe6bc160e45
Z2023_S4_R518,E. pseudowushanense,Epimedium pseudowushanense,SOURCE_NAME_NOT_ACCEPTED_TAXON_AUDIT,"Longli, Guizhou",C. Zhang Zhang228,BNU,PETAL_SPUR,SpurC,3,UNRESOLVED_CODEBOOK,10.3389/fpls.2023.1234148,Table S4,H518,057a0aaa603cfa4d9683a2eac75e747cb14bd1294e541feb82483fe6bc160e45
Z2023_S4_R519,E. pseudowushanense,Epimedium pseudowushanense,SOURCE_NAME_NOT_ACCEPTED_TAXON_AUDIT,"Longli, Guizhou",C. Zhang Zhang228,BNU,INNER_SEPAL,SepalC,3,UNRESOLVED_CODEBOOK,10.3389/fpls.2023.1234148,Table S4,G519,057a0aaa603cfa4d9683a2eac75e747cb14bd1294e541feb82483fe6bc160e45
Z2023_S4_R519,E. pseudowushanense,Epimedium pseudowushanense,SOURCE_NAME_NOT_ACCEPTED_TAXON_AUDIT,"Longli, Guizhou",C. Zhang Zhang228,BNU,PETAL_SPUR,SpurC,3,UNRESOLVED_CODEBOOK,10.3389/fpls.2023.1234148,Table S4,H519,057a0aaa603cfa4d9683a2eac75e747cb14bd1294e541feb82483fe6bc160e45
Z2023_S4_R520,E. pseudowushanense,Epimedium pseudowushanense,SOURCE_NAME_NOT_ACCEPTED_TAXON_AUDIT,"Longli, Guizhou",C. Zhang Zhang228,BNU,INNER_SEPAL,SepalC,3,UNRESOLVED_CODEBOOK,10.3389/fpls.2023.1234148,Table S4,G520,057a0aaa603cfa4d9683a2eac75e747cb14bd1294e541feb82483fe6bc160e45
Z2023_S4_R520,E. pseudowushanense,Epimedium pseudowushanense,SOURCE_NAME_NOT_ACCEPTED_TAXON_AUDIT,"Longli, Guizhou",C. Zhang Zhang228,BNU,PETAL_SPUR,SpurC,3,UNRESOLVED_CODEBOOK,10.3389/fpls.2023.1234148,Table S4,H520,057a0aaa603cfa4d9683a2eac75e747cb14bd1294e541feb82483fe6bc160e45
Z2023_S4_R521,E. pubescens,Epimedium pubescens,SOURCE_NAME_NOT_ACCEPTED_TAXON_AUDIT,"Dujiangyan, Sichuan",C. Zhang Zhang170,BNU,INNER_SEPAL,SepalC,0,UNRESOLVED_CODEBOOK,10.3389/fpls.2023.1234148,Table S4,G521,057a0aaa603cfa4d9683a2eac75e747cb14bd1294e541feb82483fe6bc160e45
Z2023_S4_R521,E. pubescens,Epimedium pubescens,SOURCE_NAME_NOT_ACCEPTED_TAXON_AUDIT,"Dujiangyan, Sichuan",C. Zhang Zhang170,BNU,PETAL_SPUR,SpurC,1,UNRESOLVED_CODEBOOK,10.3389/fpls.2023.1234148,Table S4,H521,057a0aaa603cfa4d9683a2eac75e747cb14bd1294e541feb82483fe6bc160e45
Z2023_S4_R522,E. pubescens,Epimedium pubescens,SOURCE_NAME_NOT_ACCEPTED_TAXON_AUDIT,"Dujiangyan, Sichuan",C. Zhang Zhang170,BNU,INNER_SEPAL,SepalC,0,UNRESOLVED_CODEBOOK,10.3389/fpls.2023.1234148,Table S4,G522,057a0aaa603cfa4d9683a2eac75e747cb14bd1294e541feb82483fe6bc160e45
Z2023_S4_R522,E. pubescens,Epimedium pubescens,SOURCE_NAME_NOT_ACCEPTED_TAXON_AUDIT,"Dujiangyan, Sichuan",C. Zhang Zhang170,BNU,PETAL_SPUR,SpurC,1,UNRESOLVED_CODEBOOK,10.3389/fpls.2023.1234148,Table S4,H522,057a0aaa603cfa4d9683a2eac75e747cb14bd1294e541feb82483fe6bc160e45
Z2023_S4_R523,E. pubescens,Epimedium pubescens,SOURCE_NAME_NOT_ACCEPTED_TAXON_AUDIT,"Dujiangyan, Sichuan",C. Zhang Zhang170,BNU,INNER_SEPAL,SepalC,0,UNRESOLVED_CODEBOOK,10.3389/fpls.2023.1234148,Table S4,G523,057a0aaa603cfa4d9683a2eac75e747cb14bd1294e541feb82483fe6bc160e45
Z2023_S4_R523,E. pubescens,Epimedium pubescens,SOURCE_NAME_NOT_ACCEPTED_TAXON_AUDIT,"Dujiangyan, Sichuan",C. Zhang Zhang170,BNU,PETAL_SPUR,SpurC,1,UNRESOLVED_CODEBOOK,10.3389/fpls.2023.1234148,Table S4,H523,057a0aaa603cfa4d9683a2eac75e747cb14bd1294e541feb82483fe6bc160e45
Z2023_S4_R524,E. pubescens,Epimedium pubescens,SOURCE_NAME_NOT_ACCEPTED_TAXON_AUDIT,"Dujiangyan, Sichuan",C. Zhang Zhang170,BNU,INNER_SEPAL,SepalC,0,UNRESOLVED_CODEBOOK,10.3389/fpls.2023.1234148,Table S4,G524,057a0aaa603cfa4d9683a2eac75e747cb14bd1294e541feb82483fe6bc160e45
Z2023_S4_R524,E. pubescens,Epimedium pubescens,SOURCE_NAME_NOT_ACCEPTED_TAXON_AUDIT,"Dujiangyan, Sichuan",C. Zhang Zhang170,BNU,PETAL_SPUR,SpurC,1,UNRESOLVED_CODEBOOK,10.3389/fpls.2023.1234148,Table S4,H524,057a0aaa603cfa4d9683a2eac75e747cb14bd1294e541feb82483fe6bc160e45
Z2023_S4_R525,E. pubescens,Epimedium pubescens,SOURCE_NAME_NOT_ACCEPTED_TAXON_AUDIT,"Dujiangyan, Sichuan",C. Zhang Zhang170,BNU,INNER_SEPAL,SepalC,0,UNRESOLVED_CODEBOOK,10.3389/fpls.2023.1234148,Table S4,G525,057a0aaa603cfa4d9683a2eac75e747cb14bd1294e541feb82483fe6bc160e45
Z2023_S4_R525,E. pubescens,Epimedium pubescens,SOURCE_NAME_NOT_ACCEPTED_TAXON_AUDIT,"Dujiangyan, Sichuan",C. Zhang Zhang170,BNU,PETAL_SPUR,SpurC,1,UNRESOLVED_CODEBOOK,10.3389/fpls.2023.1234148,Table S4,H525,057a0aaa603cfa4d9683a2eac75e747cb14bd1294e541feb82483fe6bc160e45
Z2023_S4_R526,E. pubescens,Epimedium pubescens,SOURCE_NAME_NOT_ACCEPTED_TAXON_AUDIT,"Dujiangyan, Sichuan",C. Zhang Zhang170,BNU,INNER_SEPAL,SepalC,0,UNRESOLVED_CODEBOOK,10.3389/fpls.2023.1234148,Table S4,G526,057a0aaa603cfa4d9683a2eac75e747cb14bd1294e541feb82483fe6bc160e45
Z2023_S4_R526,E. pubescens,Epimedium pubescens,SOURCE_NAME_NOT_ACCEPTED_TAXON_AUDIT,"Dujiangyan, Sichuan",C. Zhang Zhang170,BNU,PETAL_SPUR,SpurC,1,UNRESOLVED_CODEBOOK,10.3389/fpls.2023.1234148,Table S4,H526,057a0aaa603cfa4d9683a2eac75e747cb14bd1294e541feb82483fe6bc160e45
Z2023_S4_R527,E. pubescens,Epimedium pubescens,SOURCE_NAME_NOT_ACCEPTED_TAXON_AUDIT,"Dujiangyan, Sichuan",C. Zhang Zhang170,BNU,INNER_SEPAL,SepalC,0,UNRESOLVED_CODEBOOK,10.3389/fpls.2023.1234148,Table S4,G527,057a0aaa603cfa4d9683a2eac75e747cb14bd1294e541feb82483fe6bc160e45
Z2023_S4_R527,E. pubescens,Epimedium pubescens,SOURCE_NAME_NOT_ACCEPTED_TAXON_AUDIT,"Dujiangyan, Sichuan",C. Zhang Zhang170,BNU,PETAL_SPUR,SpurC,1,UNRESOLVED_CODEBOOK,10.3389/fpls.2023.1234148,Table S4,H527,057a0aaa603cfa4d9683a2eac75e747cb14bd1294e541feb82483fe6bc160e45
Z2023_S4_R528,E. pubescens,Epimedium pubescens,SOURCE_NAME_NOT_ACCEPTED_TAXON_AUDIT,"Dujiangyan, Sichuan",C. Zhang Zhang170,BNU,INNER_SEPAL,SepalC,0,UNRESOLVED_CODEBOOK,10.3389/fpls.2023.1234148,Table S4,G528,057a0aaa603cfa4d9683a2eac75e747cb14bd1294e541feb82483fe6bc160e45
Z2023_S4_R528,E. pubescens,Epimedium pubescens,SOURCE_NAME_NOT_ACCEPTED_TAXON_AUDIT,"Dujiangyan, Sichuan",C. Zhang Zhang170,BNU,PETAL_SPUR,SpurC,1,UNRESOLVED_CODEBOOK,10.3389/fpls.2023.1234148,Table S4,H528,057a0aaa603cfa4d9683a2eac75e747cb14bd1294e541feb82483fe6bc160e45
Z2023_S4_R529,E. pubescens,Epimedium pubescens,SOURCE_NAME_NOT_ACCEPTED_TAXON_AUDIT,"Dujiangyan, Sichuan",C. Zhang Zhang170,BNU,INNER_SEPAL,SepalC,0,UNRESOLVED_CODEBOOK,10.3389/fpls.2023.1234148,Table S4,G529,057a0aaa603cfa4d9683a2eac75e747cb14bd1294e541feb82483fe6bc160e45
Z2023_S4_R529,E. pubescens,Epimedium pubescens,SOURCE_NAME_NOT_ACCEPTED_TAXON_AUDIT,"Dujiangyan, Sichuan",C. Zhang Zhang170,BNU,PETAL_SPUR,SpurC,1,UNRESOLVED_CODEBOOK,10.3389/fpls.2023.1234148,Table S4,H529,057a0aaa603cfa4d9683a2eac75e747cb14bd1294e541feb82483fe6bc160e45
Z2023_S4_R530,E. pubescens,Epimedium pubescens,SOURCE_NAME_NOT_ACCEPTED_TAXON_AUDIT,"Dujiangyan, Sichuan",C. Zhang Zhang170,BNU,INNER_SEPAL,SepalC,0,UNRESOLVED_CODEBOOK,10.3389/fpls.2023.1234148,Table S4,G530,057a0aaa603cfa4d9683a2eac75e747cb14bd1294e541feb82483fe6bc160e45
Z2023_S4_R530,E. pubescens,Epimedium pubescens,SOURCE_NAME_NOT_ACCEPTED_TAXON_AUDIT,"Dujiangyan, Sichuan",C. Zhang Zhang170,BNU,PETAL_SPUR,SpurC,1,UNRESOLVED_CODEBOOK,10.3389/fpls.2023.1234148,Table S4,H530,057a0aaa603cfa4d9683a2eac75e747cb14bd1294e541feb82483fe6bc160e45
Z2023_S4_R531,E. pubescens,Epimedium pubescens,SOURCE_NAME_NOT_ACCEPTED_TAXON_AUDIT,"Dujiangyan, Sichuan",C. Zhang Zhang170,BNU,INNER_SEPAL,SepalC,0,UNRESOLVED_CODEBOOK,10.3389/fpls.2023.1234148,Table S4,G531,057a0aaa603cfa4d9683a2eac75e747cb14bd1294e541feb82483fe6bc160e45
Z2023_S4_R531,E. pubescens,Epimedium pubescens,SOURCE_NAME_NOT_ACCEPTED_TAXON_AUDIT,"Dujiangyan, Sichuan",C. Zhang Zhang170,BNU,PETAL_SPUR,SpurC,1,UNRESOLVED_CODEBOOK,10.3389/fpls.2023.1234148,Table S4,H531,057a0aaa603cfa4d9683a2eac75e747cb14bd1294e541feb82483fe6bc160e45
Z2023_S4_R532,E. pubescens,Epimedium pubescens,SOURCE_NAME_NOT_ACCEPTED_TAXON_AUDIT,"Dujiangyan, Sichuan",C. Zhang Zhang170,BNU,INNER_SEPAL,SepalC,0,UNRESOLVED_CODEBOOK,10.3389/fpls.2023.1234148,Table S4,G532,057a0aaa603cfa4d9683a2eac75e747cb14bd1294e541feb82483fe6bc160e45
Z2023_S4_R532,E. pubescens,Epimedium pubescens,SOURCE_NAME_NOT_ACCEPTED_TAXON_AUDIT,"Dujiangyan, Sichuan",C. Zhang Zhang170,BNU,PETAL_SPUR,SpurC,1,UNRESOLVED_CODEBOOK,10.3389/fpls.2023.1234148,Table S4,H532,057a0aaa603cfa4d9683a2eac75e747cb14bd1294e541feb82483fe6bc160e45
Z2023_S4_R533,E. qingchengshanense,Epimedium qingchengshanense,SOURCE_NAME_NOT_ACCEPTED_TAXON_AUDIT,"Dujianyan, Sichuan",C. Zhang Zhang271,BNU,INNER_SEPAL,SepalC,3,UNRESOLVED_CODEBOOK,10.3389/fpls.2023.1234148,Table S4,G533,057a0aaa603cfa4d9683a2eac75e747cb14bd1294e541feb82483fe6bc160e45
Z2023_S4_R533,E. qingchengshanense,Epimedium qingchengshanense,SOURCE_NAME_NOT_ACCEPTED_TAXON_AUDIT,"Dujianyan, Sichuan",C. Zhang Zhang271,BNU,PETAL_SPUR,SpurC,3,UNRESOLVED_CODEBOOK,10.3389/fpls.2023.1234148,Table S4,H533,057a0aaa603cfa4d9683a2eac75e747cb14bd1294e541feb82483fe6bc160e45
Z2023_S4_R534,E. qingchengshanense,Epimedium qingchengshanense,SOURCE_NAME_NOT_ACCEPTED_TAXON_AUDIT,"Dujianyan, Sichuan",C. Zhang Zhang271,BNU,INNER_SEPAL,SepalC,3,UNRESOLVED_CODEBOOK,10.3389/fpls.2023.1234148,Table S4,G534,057a0aaa603cfa4d9683a2eac75e747cb14bd1294e541feb82483fe6bc160e45
Z2023_S4_R534,E. qingchengshanense,Epimedium qingchengshanense,SOURCE_NAME_NOT_ACCEPTED_TAXON_AUDIT,"Dujianyan, Sichuan",C. Zhang Zhang271,BNU,PETAL_SPUR,SpurC,3,UNRESOLVED_CODEBOOK,10.3389/fpls.2023.1234148,Table S4,H534,057a0aaa603cfa4d9683a2eac75e747cb14bd1294e541feb82483fe6bc160e45
Z2023_S4_R535,E. qingchengshanense,Epimedium qingchengshanense,SOURCE_NAME_NOT_ACCEPTED_TAXON_AUDIT,"Dujianyan, Sichuan",C. Zhang Zhang271,BNU,INNER_SEPAL,SepalC,3,UNRESOLVED_CODEBOOK,10.3389/fpls.2023.1234148,Table S4,G535,057a0aaa603cfa4d9683a2eac75e747cb14bd1294e541feb82483fe6bc160e45
Z2023_S4_R535,E. qingchengshanense,Epimedium qingchengshanense,SOURCE_NAME_NOT_ACCEPTED_TAXON_AUDIT,"Dujianyan, Sichuan",C. Zhang Zhang271,BNU,PETAL_SPUR,SpurC,3,UNRESOLVED_CODEBOOK,10.3389/fpls.2023.1234148,Table S4,H535,057a0aaa603cfa4d9683a2eac75e747cb14bd1294e541feb82483fe6bc160e45
Z2023_S4_R536,E. qingchengshanense,Epimedium qingchengshanense,SOURCE_NAME_NOT_ACCEPTED_TAXON_AUDIT,"Dujianyan, Sichuan",C. Zhang Zhang271,BNU,INNER_SEPAL,SepalC,3,UNRESOLVED_CODEBOOK,10.3389/fpls.2023.1234148,Table S4,G536,057a0aaa603cfa4d9683a2eac75e747cb14bd1294e541feb82483fe6bc160e45
Z2023_S4_R536,E. qingchengshanense,Epimedium qingchengshanense,SOURCE_NAME_NOT_ACCEPTED_TAXON_AUDIT,"Dujianyan, Sichuan",C. Zhang Zhang271,BNU,PETAL_SPUR,SpurC,3,UNRESOLVED_CODEBOOK,10.3389/fpls.2023.1234148,Table S4,H536,057a0aaa603cfa4d9683a2eac75e747cb14bd1294e541feb82483fe6bc160e45
Z2023_S4_R537,E. shennongjiaense,Epimedium shennongjiaense,SOURCE_NAME_NOT_ACCEPTED_TAXON_AUDIT,"Wufeng, Hubei",C. Zhang Zhang174,BNU,INNER_SEPAL,SepalC,2,UNRESOLVED_CODEBOOK,10.3389/fpls.2023.1234148,Table S4,G537,057a0aaa603cfa4d9683a2eac75e747cb14bd1294e541feb82483fe6bc160e45
Z2023_S4_R537,E. shennongjiaense,Epimedium shennongjiaense,SOURCE_NAME_NOT_ACCEPTED_TAXON_AUDIT,"Wufeng, Hubei",C. Zhang Zhang174,BNU,PETAL_SPUR,SpurC,2,UNRESOLVED_CODEBOOK,10.3389/fpls.2023.1234148,Table S4,H537,057a0aaa603cfa4d9683a2eac75e747cb14bd1294e541feb82483fe6bc160e45
Z2023_S4_R538,E. shennongjiaense,Epimedium shennongjiaense,SOURCE_NAME_NOT_ACCEPTED_TAXON_AUDIT,"Wufeng, Hubei",C. Zhang Zhang174,BNU,INNER_SEPAL,SepalC,2,UNRESOLVED_CODEBOOK,10.3389/fpls.2023.1234148,Table S4,G538,057a0aaa603cfa4d9683a2eac75e747cb14bd1294e541feb82483fe6bc160e45
Z2023_S4_R538,E. shennongjiaense,Epimedium shennongjiaense,SOURCE_NAME_NOT_ACCEPTED_TAXON_AUDIT,"Wufeng, Hubei",C. Zhang Zhang174,BNU,PETAL_SPUR,SpurC,2,UNRESOLVED_CODEBOOK,10.3389/fpls.2023.1234148,Table S4,H538,057a0aaa603cfa4d9683a2eac75e747cb14bd1294e541feb82483fe6bc160e45
Z2023_S4_R539,E. shennongjiaense,Epimedium shennongjiaense,SOURCE_NAME_NOT_ACCEPTED_TAXON_AUDIT,"Wufeng, Hubei",C. Zhang Zhang174,BNU,INNER_SEPAL,SepalC,2,UNRESOLVED_CODEBOOK,10.3389/fpls.2023.1234148,Table S4,G539,057a0aaa603cfa4d9683a2eac75e747cb14bd1294e541feb82483fe6bc160e45
Z2023_S4_R539,E. shennongjiaense,Epimedium shennongjiaense,SOURCE_NAME_NOT_ACCEPTED_TAXON_AUDIT,"Wufeng, Hubei",C. Zhang Zhang174,BNU,PETAL_SPUR,SpurC,2,UNRESOLVED_CODEBOOK,10.3389/fpls.2023.1234148,Table S4,H539,057a0aaa603cfa4d9683a2eac75e747cb14bd1294e541feb82483fe6bc160e45
Z2023_S4_R540,E. shennongjiaense,Epimedium shennongjiaense,SOURCE_NAME_NOT_ACCEPTED_TAXON_AUDIT,"Wufeng, Hubei",C. Zhang Zhang174,BNU,INNER_SEPAL,SepalC,2,UNRESOLVED_CODEBOOK,10.3389/fpls.2023.1234148,Table S4,G540,057a0aaa603cfa4d9683a2eac75e747cb14bd1294e541feb82483fe6bc160e45
Z2023_S4_R540,E. shennongjiaense,Epimedium shennongjiaense,SOURCE_NAME_NOT_ACCEPTED_TAXON_AUDIT,"Wufeng, Hubei",C. Zhang Zhang174,BNU,PETAL_SPUR,SpurC,2,UNRESOLVED_CODEBOOK,10.3389/fpls.2023.1234148,Table S4,H540,057a0aaa603cfa4d9683a2eac75e747cb14bd1294e541feb82483fe6bc160e45
Z2023_S4_R541,E. simplicifolium,Epimedium simplicifolium,SOURCE_NAME_NOT_ACCEPTED_TAXON_AUDIT,"Suiyang, Guizhou",C. Zhang Zhang223,BNU,INNER_SEPAL,SepalC,3,UNRESOLVED_CODEBOOK,10.3389/fpls.2023.1234148,Table S4,G541,057a0aaa603cfa4d9683a2eac75e747cb14bd1294e541feb82483fe6bc160e45
Z2023_S4_R541,E. simplicifolium,Epimedium simplicifolium,SOURCE_NAME_NOT_ACCEPTED_TAXON_AUDIT,"Suiyang, Guizhou",C. Zhang Zhang223,BNU,PETAL_SPUR,SpurC,3,UNRESOLVED_CODEBOOK,10.3389/fpls.2023.1234148,Table S4,H541,057a0aaa603cfa4d9683a2eac75e747cb14bd1294e541feb82483fe6bc160e45
Z2023_S4_R542,E. simplicifolium,Epimedium simplicifolium,SOURCE_NAME_NOT_ACCEPTED_TAXON_AUDIT,"Suiyang, Guizhou",C. Zhang Zhang223,BNU,INNER_SEPAL,SepalC,3,UNRESOLVED_CODEBOOK,10.3389/fpls.2023.1234148,Table S4,G542,057a0aaa603cfa4d9683a2eac75e747cb14bd1294e541feb82483fe6bc160e45
Z2023_S4_R542,E. simplicifolium,Epimedium simplicifolium,SOURCE_NAME_NOT_ACCEPTED_TAXON_AUDIT,"Suiyang, Guizhou",C. Zhang Zhang223,BNU,PETAL_SPUR,SpurC,3,UNRESOLVED_CODEBOOK,10.3389/fpls.2023.1234148,Table S4,H542,057a0aaa603cfa4d9683a2eac75e747cb14bd1294e541feb82483fe6bc160e45
Z2023_S4_R543,E. simplicifolium,Epimedium simplicifolium,SOURCE_NAME_NOT_ACCEPTED_TAXON_AUDIT,"Suiyang, Guizhou",C. Zhang Zhang223,BNU,INNER_SEPAL,SepalC,3,UNRESOLVED_CODEBOOK,10.3389/fpls.2023.1234148,Table S4,G543,057a0aaa603cfa4d9683a2eac75e747cb14bd1294e541feb82483fe6bc160e45
Z2023_S4_R543,E. simplicifolium,Epimedium simplicifolium,SOURCE_NAME_NOT_ACCEPTED_TAXON_AUDIT,"Suiyang, Guizhou",C. Zhang Zhang223,BNU,PETAL_SPUR,SpurC,3,UNRESOLVED_CODEBOOK,10.3389/fpls.2023.1234148,Table S4,H543,057a0aaa603cfa4d9683a2eac75e747cb14bd1294e541feb82483fe6bc160e45
Z2023_S4_R544,E. simplicifolium,Epimedium simplicifolium,SOURCE_NAME_NOT_ACCEPTED_TAXON_AUDIT,"Suiyang, Guizhou",C. Zhang Zhang223,BNU,INNER_SEPAL,SepalC,3,UNRESOLVED_CODEBOOK,10.3389/fpls.2023.1234148,Table S4,G544,057a0aaa603cfa4d9683a2eac75e747cb14bd1294e541feb82483fe6bc160e45
Z2023_S4_R544,E. simplicifolium,Epimedium simplicifolium,SOURCE_NAME_NOT_ACCEPTED_TAXON_AUDIT,"Suiyang, Guizhou",C. Zhang Zhang223,BNU,PETAL_SPUR,SpurC,3,UNRESOLVED_CODEBOOK,10.3389/fpls.2023.1234148,Table S4,H544,057a0aaa603cfa4d9683a2eac75e747cb14bd1294e541feb82483fe6bc160e45
Z2023_S4_R545,E. simplicifolium,Epimedium simplicifolium,SOURCE_NAME_NOT_ACCEPTED_TAXON_AUDIT,"Suiyang, Guizhou",C. Zhang Zhang223,BNU,INNER_SEPAL,SepalC,3,UNRESOLVED_CODEBOOK,10.3389/fpls.2023.1234148,Table S4,G545,057a0aaa603cfa4d9683a2eac75e747cb14bd1294e541feb82483fe6bc160e45
Z2023_S4_R545,E. simplicifolium,Epimedium simplicifolium,SOURCE_NAME_NOT_ACCEPTED_TAXON_AUDIT,"Suiyang, Guizhou",C. Zhang Zhang223,BNU,PETAL_SPUR,SpurC,3,UNRESOLVED_CODEBOOK,10.3389/fpls.2023.1234148,Table S4,H545,057a0aaa603cfa4d9683a2eac75e747cb14bd1294e541feb82483fe6bc160e45
Z2023_S4_R546,E. simplicifolium,Epimedium simplicifolium,SOURCE_NAME_NOT_ACCEPTED_TAXON_AUDIT,"Suiyang, Guizhou",C. Zhang Zhang223,BNU,INNER_SEPAL,SepalC,3,UNRESOLVED_CODEBOOK,10.3389/fpls.2023.1234148,Table S4,G546,057a0aaa603cfa4d9683a2eac75e747cb14bd1294e541feb82483fe6bc160e45
Z2023_S4_R546,E. simplicifolium,Epimedium simplicifolium,SOURCE_NAME_NOT_ACCEPTED_TAXON_AUDIT,"Suiyang, Guizhou",C. Zhang Zhang223,BNU,PETAL_SPUR,SpurC,3,UNRESOLVED_CODEBOOK,10.3389/fpls.2023.1234148,Table S4,H546,057a0aaa603cfa4d9683a2eac75e747cb14bd1294e541feb82483fe6bc160e45
Z2023_S4_R547,E. simplicifolium,Epimedium simplicifolium,SOURCE_NAME_NOT_ACCEPTED_TAXON_AUDIT,"Suiyang, Guizhou",C. Zhang Zhang223,BNU,INNER_SEPAL,SepalC,3,UNRESOLVED_CODEBOOK,10.3389/fpls.2023.1234148,Table S4,G547,057a0aaa603cfa4d9683a2eac75e747cb14bd1294e541feb82483fe6bc160e45
Z2023_S4_R547,E. simplicifolium,Epimedium simplicifolium,SOURCE_NAME_NOT_ACCEPTED_TAXON_AUDIT,"Suiyang, Guizhou",C. Zhang Zhang223,BNU,PETAL_SPUR,SpurC,3,UNRESOLVED_CODEBOOK,10.3389/fpls.2023.1234148,Table S4,H547,057a0aaa603cfa4d9683a2eac75e747cb14bd1294e541feb82483fe6bc160e45
Z2023_S4_R548,E. simplicifolium,Epimedium simplicifolium,SOURCE_NAME_NOT_ACCEPTED_TAXON_AUDIT,"Suiyang, Guizhou",C. Zhang Zhang223,BNU,INNER_SEPAL,SepalC,3,UNRESOLVED_CODEBOOK,10.3389/fpls.2023.1234148,Table S4,G548,057a0aaa603cfa4d9683a2eac75e747cb14bd1294e541feb82483fe6bc160e45
Z2023_S4_R548,E. simplicifolium,Epimedium simplicifolium,SOURCE_NAME_NOT_ACCEPTED_TAXON_AUDIT,"Suiyang, Guizhou",C. Zhang Zhang223,BNU,PETAL_SPUR,SpurC,3,UNRESOLVED_CODEBOOK,10.3389/fpls.2023.1234148,Table S4,H548,057a0aaa603cfa4d9683a2eac75e747cb14bd1294e541feb82483fe6bc160e45
Z2023_S4_R549,E. simplicifolium,Epimedium simplicifolium,SOURCE_NAME_NOT_ACCEPTED_TAXON_AUDIT,"Suiyang, Guizhou",C. Zhang Zhang223,BNU,INNER_SEPAL,SepalC,3,UNRESOLVED_CODEBOOK,10.3389/fpls.2023.1234148,Table S4,G549,057a0aaa603cfa4d9683a2eac75e747cb14bd1294e541feb82483fe6bc160e45
Z2023_S4_R549,E. simplicifolium,Epimedium simplicifolium,SOURCE_NAME_NOT_ACCEPTED_TAXON_AUDIT,"Suiyang, Guizhou",C. Zhang Zhang223,BNU,PETAL_SPUR,SpurC,3,UNRESOLVED_CODEBOOK,10.3389/fpls.2023.1234148,Table S4,H549,057a0aaa603cfa4d9683a2eac75e747cb14bd1294e541feb82483fe6bc160e45
Z2023_S4_R550,E. simplicifolium,Epimedium simplicifolium,SOURCE_NAME_NOT_ACCEPTED_TAXON_AUDIT,"Suiyang, Guizhou",C. Zhang Zhang223,BNU,INNER_SEPAL,SepalC,3,UNRESOLVED_CODEBOOK,10.3389/fpls.2023.1234148,Table S4,G550,057a0aaa603cfa4d9683a2eac75e747cb14bd1294e541feb82483fe6bc160e45
Z2023_S4_R550,E. simplicifolium,Epimedium simplicifolium,SOURCE_NAME_NOT_ACCEPTED_TAXON_AUDIT,"Suiyang, Guizhou",C. Zhang Zhang223,BNU,PETAL_SPUR,SpurC,3,UNRESOLVED_CODEBOOK,10.3389/fpls.2023.1234148,Table S4,H550,057a0aaa603cfa4d9683a2eac75e747cb14bd1294e541feb82483fe6bc160e45
Z2023_S4_R551,E. simplicifolium,Epimedium simplicifolium,SOURCE_NAME_NOT_ACCEPTED_TAXON_AUDIT,"Suiyang, Guizhou",C. Zhang Zhang223,BNU,INNER_SEPAL,SepalC,3,UNRESOLVED_CODEBOOK,10.3389/fpls.2023.1234148,Table S4,G551,057a0aaa603cfa4d9683a2eac75e747cb14bd1294e541feb82483fe6bc160e45
Z2023_S4_R551,E. simplicifolium,Epimedium simplicifolium,SOURCE_NAME_NOT_ACCEPTED_TAXON_AUDIT,"Suiyang, Guizhou",C. Zhang Zhang223,BNU,PETAL_SPUR,SpurC,3,UNRESOLVED_CODEBOOK,10.3389/fpls.2023.1234148,Table S4,H551,057a0aaa603cfa4d9683a2eac75e747cb14bd1294e541feb82483fe6bc160e45
Z2023_S4_R552,E. simplicifolium,Epimedium simplicifolium,SOURCE_NAME_NOT_ACCEPTED_TAXON_AUDIT,"Suiyang, Guizhou",C. Zhang Zhang223,BNU,INNER_SEPAL,SepalC,3,UNRESOLVED_CODEBOOK,10.3389/fpls.2023.1234148,Table S4,G552,057a0aaa603cfa4d9683a2eac75e747cb14bd1294e541feb82483fe6bc160e45
Z2023_S4_R552,E. simplicifolium,Epimedium simplicifolium,SOURCE_NAME_NOT_ACCEPTED_TAXON_AUDIT,"Suiyang, Guizhou",C. Zhang Zhang223,BNU,PETAL_SPUR,SpurC,3,UNRESOLVED_CODEBOOK,10.3389/fpls.2023.1234148,Table S4,H552,057a0aaa603cfa4d9683a2eac75e747cb14bd1294e541feb82483fe6bc160e45
Z2023_S4_R553,E. simplicifolium,Epimedium simplicifolium,SOURCE_NAME_NOT_ACCEPTED_TAXON_AUDIT,"Suiyang, Guizhou",C. Zhang Zhang223,BNU,INNER_SEPAL,SepalC,3,UNRESOLVED_CODEBOOK,10.3389/fpls.2023.1234148,Table S4,G553,057a0aaa603cfa4d9683a2eac75e747cb14bd1294e541feb82483fe6bc160e45
Z2023_S4_R553,E. simplicifolium,Epimedium simplicifolium,SOURCE_NAME_NOT_ACCEPTED_TAXON_AUDIT,"Suiyang, Guizhou",C. Zhang Zhang223,BNU,PETAL_SPUR,SpurC,3,UNRESOLVED_CODEBOOK,10.3389/fpls.2023.1234148,Table S4,H553,057a0aaa603cfa4d9683a2eac75e747cb14bd1294e541feb82483fe6bc160e45
Z2023_S4_R554,E. simplicifolium,Epimedium simplicifolium,SOURCE_NAME_NOT_ACCEPTED_TAXON_AUDIT,"Suiyang, Guizhou",C. Zhang Zhang223,BNU,INNER_SEPAL,SepalC,3,UNRESOLVED_CODEBOOK,10.3389/fpls.2023.1234148,Table S4,G554,057a0aaa603cfa4d9683a2eac75e747cb14bd1294e541feb82483fe6bc160e45
Z2023_S4_R554,E. simplicifolium,Epimedium simplicifolium,SOURCE_NAME_NOT_ACCEPTED_TAXON_AUDIT,"Suiyang, Guizhou",C. Zhang Zhang223,BNU,PETAL_SPUR,SpurC,3,UNRESOLVED_CODEBOOK,10.3389/fpls.2023.1234148,Table S4,H554,057a0aaa603cfa4d9683a2eac75e747cb14bd1294e541feb82483fe6bc160e45
Z2023_S4_R555,E. simplicifolium,Epimedium simplicifolium,SOURCE_NAME_NOT_ACCEPTED_TAXON_AUDIT,"Suiyang, Guizhou",C. Zhang Zhang223,BNU,INNER_SEPAL,SepalC,3,UNRESOLVED_CODEBOOK,10.3389/fpls.2023.1234148,Table S4,G555,057a0aaa603cfa4d9683a2eac75e747cb14bd1294e541feb82483fe6bc160e45
Z2023_S4_R555,E. simplicifolium,Epimedium simplicifolium,SOURCE_NAME_NOT_ACCEPTED_TAXON_AUDIT,"Suiyang, Guizhou",C. Zhang Zhang223,BNU,PETAL_SPUR,SpurC,3,UNRESOLVED_CODEBOOK,10.3389/fpls.2023.1234148,Table S4,H555,057a0aaa603cfa4d9683a2eac75e747cb14bd1294e541feb82483fe6bc160e45
Z2023_S4_R556,E. simplicifolium,Epimedium simplicifolium,SOURCE_NAME_NOT_ACCEPTED_TAXON_AUDIT,"Suiyang, Guizhou",C. Zhang Zhang223,BNU,INNER_SEPAL,SepalC,3,UNRESOLVED_CODEBOOK,10.3389/fpls.2023.1234148,Table S4,G556,057a0aaa603cfa4d9683a2eac75e747cb14bd1294e541feb82483fe6bc160e45
Z2023_S4_R556,E. simplicifolium,Epimedium simplicifolium,SOURCE_NAME_NOT_ACCEPTED_TAXON_AUDIT,"Suiyang, Guizhou",C. Zhang Zhang223,BNU,PETAL_SPUR,SpurC,3,UNRESOLVED_CODEBOOK,10.3389/fpls.2023.1234148,Table S4,H556,057a0aaa603cfa4d9683a2eac75e747cb14bd1294e541feb82483fe6bc160e45
Z2023_S4_R557,E. simplicifolium,Epimedium simplicifolium,SOURCE_NAME_NOT_ACCEPTED_TAXON_AUDIT,"Suiyang, Guizhou",C. Zhang Zhang224,BNU,INNER_SEPAL,SepalC,3,UNRESOLVED_CODEBOOK,10.3389/fpls.2023.1234148,Table S4,G557,057a0aaa603cfa4d9683a2eac75e747cb14bd1294e541feb82483fe6bc160e45
Z2023_S4_R557,E. simplicifolium,Epimedium simplicifolium,SOURCE_NAME_NOT_ACCEPTED_TAXON_AUDIT,"Suiyang, Guizhou",C. Zhang Zhang224,BNU,PETAL_SPUR,SpurC,3,UNRESOLVED_CODEBOOK,10.3389/fpls.2023.1234148,Table S4,H557,057a0aaa603cfa4d9683a2eac75e747cb14bd1294e541feb82483fe6bc160e45
Z2023_S4_R558,E. simplicifolium,Epimedium simplicifolium,SOURCE_NAME_NOT_ACCEPTED_TAXON_AUDIT,"Suiyang, Guizhou",C. Zhang Zhang224,BNU,INNER_SEPAL,SepalC,3,UNRESOLVED_CODEBOOK,10.3389/fpls.2023.1234148,Table S4,G558,057a0aaa603cfa4d9683a2eac75e747cb14bd1294e541feb82483fe6bc160e45
Z2023_S4_R558,E. simplicifolium,Epimedium simplicifolium,SOURCE_NAME_NOT_ACCEPTED_TAXON_AUDIT,"Suiyang, Guizhou",C. Zhang Zhang224,BNU,PETAL_SPUR,SpurC,3,UNRESOLVED_CODEBOOK,10.3389/fpls.2023.1234148,Table S4,H558,057a0aaa603cfa4d9683a2eac75e747cb14bd1294e541feb82483fe6bc160e45
Z2023_S4_R559,E. simplicifolium,Epimedium simplicifolium,SOURCE_NAME_NOT_ACCEPTED_TAXON_AUDIT,"Suiyang, Guizhou",C. Zhang Zhang224,BNU,INNER_SEPAL,SepalC,3,UNRESOLVED_CODEBOOK,10.3389/fpls.2023.1234148,Table S4,G559,057a0aaa603cfa4d9683a2eac75e747cb14bd1294e541feb82483fe6bc160e45
Z2023_S4_R559,E. simplicifolium,Epimedium simplicifolium,SOURCE_NAME_NOT_ACCEPTED_TAXON_AUDIT,"Suiyang, Guizhou",C. Zhang Zhang224,BNU,PETAL_SPUR,SpurC,3,UNRESOLVED_CODEBOOK,10.3389/fpls.2023.1234148,Table S4,H559,057a0aaa603cfa4d9683a2eac75e747cb14bd1294e541feb82483fe6bc160e45
Z2023_S4_R560,E. simplicifolium,Epimedium simplicifolium,SOURCE_NAME_NOT_ACCEPTED_TAXON_AUDIT,"Suiyang, Guizhou",C. Zhang Zhang224,BNU,INNER_SEPAL,SepalC,3,UNRESOLVED_CODEBOOK,10.3389/fpls.2023.1234148,Table S4,G560,057a0aaa603cfa4d9683a2eac75e747cb14bd1294e541feb82483fe6bc160e45
Z2023_S4_R560,E. simplicifolium,Epimedium simplicifolium,SOURCE_NAME_NOT_ACCEPTED_TAXON_AUDIT,"Suiyang, Guizhou",C. Zhang Zhang224,BNU,PETAL_SPUR,SpurC,3,UNRESOLVED_CODEBOOK,10.3389/fpls.2023.1234148,Table S4,H560,057a0aaa603cfa4d9683a2eac75e747cb14bd1294e541feb82483fe6bc160e45
Z2023_S4_R561,E. simplicifolium,Epimedium simplicifolium,SOURCE_NAME_NOT_ACCEPTED_TAXON_AUDIT,"Suiyang, Guizhou",C. Zhang Zhang224,BNU,INNER_SEPAL,SepalC,3,UNRESOLVED_CODEBOOK,10.3389/fpls.2023.1234148,Table S4,G561,057a0aaa603cfa4d9683a2eac75e747cb14bd1294e541feb82483fe6bc160e45
Z2023_S4_R561,E. simplicifolium,Epimedium simplicifolium,SOURCE_NAME_NOT_ACCEPTED_TAXON_AUDIT,"Suiyang, Guizhou",C. Zhang Zhang224,BNU,PETAL_SPUR,SpurC,3,UNRESOLVED_CODEBOOK,10.3389/fpls.2023.1234148,Table S4,H561,057a0aaa603cfa4d9683a2eac75e747cb14bd1294e541feb82483fe6bc160e45
Z2023_S4_R562,E. simplicifolium,Epimedium simplicifolium,SOURCE_NAME_NOT_ACCEPTED_TAXON_AUDIT,"Suiyang, Guizhou",C. Zhang Zhang224,BNU,INNER_SEPAL,SepalC,3,UNRESOLVED_CODEBOOK,10.3389/fpls.2023.1234148,Table S4,G562,057a0aaa603cfa4d9683a2eac75e747cb14bd1294e541feb82483fe6bc160e45
Z2023_S4_R562,E. simplicifolium,Epimedium simplicifolium,SOURCE_NAME_NOT_ACCEPTED_TAXON_AUDIT,"Suiyang, Guizhou",C. Zhang Zhang224,BNU,PETAL_SPUR,SpurC,3,UNRESOLVED_CODEBOOK,10.3389/fpls.2023.1234148,Table S4,H562,057a0aaa603cfa4d9683a2eac75e747cb14bd1294e541feb82483fe6bc160e45
Z2023_S4_R563,E. simplicifolium,Epimedium simplicifolium,SOURCE_NAME_NOT_ACCEPTED_TAXON_AUDIT,"Suiyang, Guizhou",C. Zhang Zhang224,BNU,INNER_SEPAL,SepalC,3,UNRESOLVED_CODEBOOK,10.3389/fpls.2023.1234148,Table S4,G563,057a0aaa603cfa4d9683a2eac75e747cb14bd1294e541feb82483fe6bc160e45
Z2023_S4_R563,E. simplicifolium,Epimedium simplicifolium,SOURCE_NAME_NOT_ACCEPTED_TAXON_AUDIT,"Suiyang, Guizhou",C. Zhang Zhang224,BNU,PETAL_SPUR,SpurC,3,UNRESOLVED_CODEBOOK,10.3389/fpls.2023.1234148,Table S4,H563,057a0aaa603cfa4d9683a2eac75e747cb14bd1294e541feb82483fe6bc160e45
Z2023_S4_R564,E. simplicifolium,Epimedium simplicifolium,SOURCE_NAME_NOT_ACCEPTED_TAXON_AUDIT,"Suiyang, Guizhou",C. Zhang Zhang224,BNU,INNER_SEPAL,SepalC,3,UNRESOLVED_CODEBOOK,10.3389/fpls.2023.1234148,Table S4,G564,057a0aaa603cfa4d9683a2eac75e747cb14bd1294e541feb82483fe6bc160e45
Z2023_S4_R564,E. simplicifolium,Epimedium simplicifolium,SOURCE_NAME_NOT_ACCEPTED_TAXON_AUDIT,"Suiyang, Guizhou",C. Zhang Zhang224,BNU,PETAL_SPUR,SpurC,3,UNRESOLVED_CODEBOOK,10.3389/fpls.2023.1234148,Table S4,H564,057a0aaa603cfa4d9683a2eac75e747cb14bd1294e541feb82483fe6bc160e45
Z2023_S4_R565,E. simplicifolium,Epimedium simplicifolium,SOURCE_NAME_NOT_ACCEPTED_TAXON_AUDIT,"Suiyang, Guizhou",C. Zhang Zhang224,BNU,INNER_SEPAL,SepalC,3,UNRESOLVED_CODEBOOK,10.3389/fpls.2023.1234148,Table S4,G565,057a0aaa603cfa4d9683a2eac75e747cb14bd1294e541feb82483fe6bc160e45
Z2023_S4_R565,E. simplicifolium,Epimedium simplicifolium,SOURCE_NAME_NOT_ACCEPTED_TAXON_AUDIT,"Suiyang, Guizhou",C. Zhang Zhang224,BNU,PETAL_SPUR,SpurC,3,UNRESOLVED_CODEBOOK,10.3389/fpls.2023.1234148,Table S4,H565,057a0aaa603cfa4d9683a2eac75e747cb14bd1294e541feb82483fe6bc160e45
Z2023_S4_R566,E. simplicifolium,Epimedium simplicifolium,SOURCE_NAME_NOT_ACCEPTED_TAXON_AUDIT,"Suiyang, Guizhou",C. Zhang Zhang224,BNU,INNER_SEPAL,SepalC,3,UNRESOLVED_CODEBOOK,10.3389/fpls.2023.1234148,Table S4,G566,057a0aaa603cfa4d9683a2eac75e747cb14bd1294e541feb82483fe6bc160e45
Z2023_S4_R566,E. simplicifolium,Epimedium simplicifolium,SOURCE_NAME_NOT_ACCEPTED_TAXON_AUDIT,"Suiyang, Guizhou",C. Zhang Zhang224,BNU,PETAL_SPUR,SpurC,3,UNRESOLVED_CODEBOOK,10.3389/fpls.2023.1234148,Table S4,H566,057a0aaa603cfa4d9683a2eac75e747cb14bd1294e541feb82483fe6bc160e45
Z2023_S4_R567,E. simplicifolium,Epimedium simplicifolium,SOURCE_NAME_NOT_ACCEPTED_TAXON_AUDIT,"Suiyang, Guizhou",C. Zhang Zhang224,BNU,INNER_SEPAL,SepalC,3,UNRESOLVED_CODEBOOK,10.3389/fpls.2023.1234148,Table S4,G567,057a0aaa603cfa4d9683a2eac75e747cb14bd1294e541feb82483fe6bc160e45
Z2023_S4_R567,E. simplicifolium,Epimedium simplicifolium,SOURCE_NAME_NOT_ACCEPTED_TAXON_AUDIT,"Suiyang, Guizhou",C. Zhang Zhang224,BNU,PETAL_SPUR,SpurC,3,UNRESOLVED_CODEBOOK,10.3389/fpls.2023.1234148,Table S4,H567,057a0aaa603cfa4d9683a2eac75e747cb14bd1294e541feb82483fe6bc160e45
Z2023_S4_R568,E. simplicifolium,Epimedium simplicifolium,SOURCE_NAME_NOT_ACCEPTED_TAXON_AUDIT,"Suiyang, Guizhou",C. Zhang Zhang224,BNU,INNER_SEPAL,SepalC,3,UNRESOLVED_CODEBOOK,10.3389/fpls.2023.1234148,Table S4,G568,057a0aaa603cfa4d9683a2eac75e747cb14bd1294e541feb82483fe6bc160e45
Z2023_S4_R568,E. simplicifolium,Epimedium simplicifolium,SOURCE_NAME_NOT_ACCEPTED_TAXON_AUDIT,"Suiyang, Guizhou",C. Zhang Zhang224,BNU,PETAL_SPUR,SpurC,3,UNRESOLVED_CODEBOOK,10.3389/fpls.2023.1234148,Table S4,H568,057a0aaa603cfa4d9683a2eac75e747cb14bd1294e541feb82483fe6bc160e45
Z2023_S4_R569,E. simplicifolium,Epimedium simplicifolium,SOURCE_NAME_NOT_ACCEPTED_TAXON_AUDIT,"Suiyang, Guizhou",C. Zhang Zhang224,BNU,INNER_SEPAL,SepalC,3,UNRESOLVED_CODEBOOK,10.3389/fpls.2023.1234148,Table S4,G569,057a0aaa603cfa4d9683a2eac75e747cb14bd1294e541feb82483fe6bc160e45
Z2023_S4_R569,E. simplicifolium,Epimedium simplicifolium,SOURCE_NAME_NOT_ACCEPTED_TAXON_AUDIT,"Suiyang, Guizhou",C. Zhang Zhang224,BNU,PETAL_SPUR,SpurC,3,UNRESOLVED_CODEBOOK,10.3389/fpls.2023.1234148,Table S4,H569,057a0aaa603cfa4d9683a2eac75e747cb14bd1294e541feb82483fe6bc160e45
Z2023_S4_R570,E. simplicifolium,Epimedium simplicifolium,SOURCE_NAME_NOT_ACCEPTED_TAXON_AUDIT,"Suiyang, Guizhou",C. Zhang Zhang224,BNU,INNER_SEPAL,SepalC,3,UNRESOLVED_CODEBOOK,10.3389/fpls.2023.1234148,Table S4,G570,057a0aaa603cfa4d9683a2eac75e747cb14bd1294e541feb82483fe6bc160e45
Z2023_S4_R570,E. simplicifolium,Epimedium simplicifolium,SOURCE_NAME_NOT_ACCEPTED_TAXON_AUDIT,"Suiyang, Guizhou",C. Zhang Zhang224,BNU,PETAL_SPUR,SpurC,3,UNRESOLVED_CODEBOOK,10.3389/fpls.2023.1234148,Table S4,H570,057a0aaa603cfa4d9683a2eac75e747cb14bd1294e541feb82483fe6bc160e45
Z2023_S4_R571,E. simplicifolium,Epimedium simplicifolium,SOURCE_NAME_NOT_ACCEPTED_TAXON_AUDIT,"Suiyang, Guizhou",C. Zhang Zhang224,BNU,INNER_SEPAL,SepalC,3,UNRESOLVED_CODEBOOK,10.3389/fpls.2023.1234148,Table S4,G571,057a0aaa603cfa4d9683a2eac75e747cb14bd1294e541feb82483fe6bc160e45
Z2023_S4_R571,E. simplicifolium,Epimedium simplicifolium,SOURCE_NAME_NOT_ACCEPTED_TAXON_AUDIT,"Suiyang, Guizhou",C. Zhang Zhang224,BNU,PETAL_SPUR,SpurC,3,UNRESOLVED_CODEBOOK,10.3389/fpls.2023.1234148,Table S4,H571,057a0aaa603cfa4d9683a2eac75e747cb14bd1294e541feb82483fe6bc160e45
Z2023_S4_R572,E. simplicifolium,Epimedium simplicifolium,SOURCE_NAME_NOT_ACCEPTED_TAXON_AUDIT,"Suiyang, Guizhou",C. Zhang Zhang224,BNU,INNER_SEPAL,SepalC,3,UNRESOLVED_CODEBOOK,10.3389/fpls.2023.1234148,Table S4,G572,057a0aaa603cfa4d9683a2eac75e747cb14bd1294e541feb82483fe6bc160e45
Z2023_S4_R572,E. simplicifolium,Epimedium simplicifolium,SOURCE_NAME_NOT_ACCEPTED_TAXON_AUDIT,"Suiyang, Guizhou",C. Zhang Zhang224,BNU,PETAL_SPUR,SpurC,3,UNRESOLVED_CODEBOOK,10.3389/fpls.2023.1234148,Table S4,H572,057a0aaa603cfa4d9683a2eac75e747cb14bd1294e541feb82483fe6bc160e45
Z2023_S4_R573,E. sp1,Epimedium sp1,SOURCE_NAME_NOT_ACCEPTED_TAXON_AUDIT,"Youyang, Chongqing",C. Zhang Zhang160,BNU,INNER_SEPAL,SepalC,2,UNRESOLVED_CODEBOOK,10.3389/fpls.2023.1234148,Table S4,G573,057a0aaa603cfa4d9683a2eac75e747cb14bd1294e541feb82483fe6bc160e45
Z2023_S4_R573,E. sp1,Epimedium sp1,SOURCE_NAME_NOT_ACCEPTED_TAXON_AUDIT,"Youyang, Chongqing",C. Zhang Zhang160,BNU,PETAL_SPUR,SpurC,4,UNRESOLVED_CODEBOOK,10.3389/fpls.2023.1234148,Table S4,H573,057a0aaa603cfa4d9683a2eac75e747cb14bd1294e541feb82483fe6bc160e45
Z2023_S4_R574,E. sp1,Epimedium sp1,SOURCE_NAME_NOT_ACCEPTED_TAXON_AUDIT,"Youyang, Chongqing",C. Zhang Zhang160,BNU,INNER_SEPAL,SepalC,2,UNRESOLVED_CODEBOOK,10.3389/fpls.2023.1234148,Table S4,G574,057a0aaa603cfa4d9683a2eac75e747cb14bd1294e541feb82483fe6bc160e45
Z2023_S4_R574,E. sp1,Epimedium sp1,SOURCE_NAME_NOT_ACCEPTED_TAXON_AUDIT,"Youyang, Chongqing",C. Zhang Zhang160,BNU,PETAL_SPUR,SpurC,4,UNRESOLVED_CODEBOOK,10.3389/fpls.2023.1234148,Table S4,H574,057a0aaa603cfa4d9683a2eac75e747cb14bd1294e541feb82483fe6bc160e45
Z2023_S4_R575,E. sp1,Epimedium sp1,SOURCE_NAME_NOT_ACCEPTED_TAXON_AUDIT,"Youyang, Chongqing",C. Zhang Zhang160,BNU,INNER_SEPAL,SepalC,2,UNRESOLVED_CODEBOOK,10.3389/fpls.2023.1234148,Table S4,G575,057a0aaa603cfa4d9683a2eac75e747cb14bd1294e541feb82483fe6bc160e45
Z2023_S4_R575,E. sp1,Epimedium sp1,SOURCE_NAME_NOT_ACCEPTED_TAXON_AUDIT,"Youyang, Chongqing",C. Zhang Zhang160,BNU,PETAL_SPUR,SpurC,4,UNRESOLVED_CODEBOOK,10.3389/fpls.2023.1234148,Table S4,H575,057a0aaa603cfa4d9683a2eac75e747cb14bd1294e541feb82483fe6bc160e45
Z2023_S4_R576,E. sp1,Epimedium sp1,SOURCE_NAME_NOT_ACCEPTED_TAXON_AUDIT,"Youyang, Chongqing",C. Zhang Zhang160,BNU,INNER_SEPAL,SepalC,2,UNRESOLVED_CODEBOOK,10.3389/fpls.2023.1234148,Table S4,G576,057a0aaa603cfa4d9683a2eac75e747cb14bd1294e541feb82483fe6bc160e45
Z2023_S4_R576,E. sp1,Epimedium sp1,SOURCE_NAME_NOT_ACCEPTED_TAXON_AUDIT,"Youyang, Chongqing",C. Zhang Zhang160,BNU,PETAL_SPUR,SpurC,4,UNRESOLVED_CODEBOOK,10.3389/fpls.2023.1234148,Table S4,H576,057a0aaa603cfa4d9683a2eac75e747cb14bd1294e541feb82483fe6bc160e45
Z2023_S4_R577,E. sp1,Epimedium sp1,SOURCE_NAME_NOT_ACCEPTED_TAXON_AUDIT,"Youyang, Chongqing",C. Zhang Zhang160,BNU,INNER_SEPAL,SepalC,2,UNRESOLVED_CODEBOOK,10.3389/fpls.2023.1234148,Table S4,G577,057a0aaa603cfa4d9683a2eac75e747cb14bd1294e541feb82483fe6bc160e45
Z2023_S4_R577,E. sp1,Epimedium sp1,SOURCE_NAME_NOT_ACCEPTED_TAXON_AUDIT,"Youyang, Chongqing",C. Zhang Zhang160,BNU,PETAL_SPUR,SpurC,4,UNRESOLVED_CODEBOOK,10.3389/fpls.2023.1234148,Table S4,H577,057a0aaa603cfa4d9683a2eac75e747cb14bd1294e541feb82483fe6bc160e45
Z2023_S4_R578,E. stellulatum,Epimedium stellulatum,SOURCE_NAME_NOT_ACCEPTED_TAXON_AUDIT,"Wudangshan, Hubei",C. Zhang Zhang198,BNU,INNER_SEPAL,SepalC,0,UNRESOLVED_CODEBOOK,10.3389/fpls.2023.1234148,Table S4,G578,057a0aaa603cfa4d9683a2eac75e747cb14bd1294e541feb82483fe6bc160e45
Z2023_S4_R578,E. stellulatum,Epimedium stellulatum,SOURCE_NAME_NOT_ACCEPTED_TAXON_AUDIT,"Wudangshan, Hubei",C. Zhang Zhang198,BNU,PETAL_SPUR,SpurC,1,UNRESOLVED_CODEBOOK,10.3389/fpls.2023.1234148,Table S4,H578,057a0aaa603cfa4d9683a2eac75e747cb14bd1294e541feb82483fe6bc160e45
Z2023_S4_R579,E. stellulatum,Epimedium stellulatum,SOURCE_NAME_NOT_ACCEPTED_TAXON_AUDIT,"Wudangshan, Hubei",C. Zhang Zhang198,BNU,INNER_SEPAL,SepalC,0,UNRESOLVED_CODEBOOK,10.3389/fpls.2023.1234148,Table S4,G579,057a0aaa603cfa4d9683a2eac75e747cb14bd1294e541feb82483fe6bc160e45
Z2023_S4_R579,E. stellulatum,Epimedium stellulatum,SOURCE_NAME_NOT_ACCEPTED_TAXON_AUDIT,"Wudangshan, Hubei",C. Zhang Zhang198,BNU,PETAL_SPUR,SpurC,1,UNRESOLVED_CODEBOOK,10.3389/fpls.2023.1234148,Table S4,H579,057a0aaa603cfa4d9683a2eac75e747cb14bd1294e541feb82483fe6bc160e45
Z2023_S4_R580,E. stellulatum,Epimedium stellulatum,SOURCE_NAME_NOT_ACCEPTED_TAXON_AUDIT,"Wudangshan, Hubei",C. Zhang Zhang198,BNU,INNER_SEPAL,SepalC,0,UNRESOLVED_CODEBOOK,10.3389/fpls.2023.1234148,Table S4,G580,057a0aaa603cfa4d9683a2eac75e747cb14bd1294e541feb82483fe6bc160e45
Z2023_S4_R580,E. stellulatum,Epimedium stellulatum,SOURCE_NAME_NOT_ACCEPTED_TAXON_AUDIT,"Wudangshan, Hubei",C. Zhang Zhang198,BNU,PETAL_SPUR,SpurC,1,UNRESOLVED_CODEBOOK,10.3389/fpls.2023.1234148,Table S4,H580,057a0aaa603cfa4d9683a2eac75e747cb14bd1294e541feb82483fe6bc160e45
Z2023_S4_R581,E. stellulatum,Epimedium stellulatum,SOURCE_NAME_NOT_ACCEPTED_TAXON_AUDIT,"Wudangshan, Hubei",C. Zhang Zhang198,BNU,INNER_SEPAL,SepalC,0,UNRESOLVED_CODEBOOK,10.3389/fpls.2023.1234148,Table S4,G581,057a0aaa603cfa4d9683a2eac75e747cb14bd1294e541feb82483fe6bc160e45
Z2023_S4_R581,E. stellulatum,Epimedium stellulatum,SOURCE_NAME_NOT_ACCEPTED_TAXON_AUDIT,"Wudangshan, Hubei",C. Zhang Zhang198,BNU,PETAL_SPUR,SpurC,1,UNRESOLVED_CODEBOOK,10.3389/fpls.2023.1234148,Table S4,H581,057a0aaa603cfa4d9683a2eac75e747cb14bd1294e541feb82483fe6bc160e45
Z2023_S4_R582,E. stellulatum,Epimedium stellulatum,SOURCE_NAME_NOT_ACCEPTED_TAXON_AUDIT,"Wudangshan, Hubei",C. Zhang Zhang198,BNU,INNER_SEPAL,SepalC,0,UNRESOLVED_CODEBOOK,10.3389/fpls.2023.1234148,Table S4,G582,057a0aaa603cfa4d9683a2eac75e747cb14bd1294e541feb82483fe6bc160e45
Z2023_S4_R582,E. stellulatum,Epimedium stellulatum,SOURCE_NAME_NOT_ACCEPTED_TAXON_AUDIT,"Wudangshan, Hubei",C. Zhang Zhang198,BNU,PETAL_SPUR,SpurC,1,UNRESOLVED_CODEBOOK,10.3389/fpls.2023.1234148,Table S4,H582,057a0aaa603cfa4d9683a2eac75e747cb14bd1294e541feb82483fe6bc160e45
Z2023_S4_R583,E. stellulatum,Epimedium stellulatum,SOURCE_NAME_NOT_ACCEPTED_TAXON_AUDIT,"Wudangshan, Hubei",C. Zhang Zhang198,BNU,INNER_SEPAL,SepalC,0,UNRESOLVED_CODEBOOK,10.3389/fpls.2023.1234148,Table S4,G583,057a0aaa603cfa4d9683a2eac75e747cb14bd1294e541feb82483fe6bc160e45
Z2023_S4_R583,E. stellulatum,Epimedium stellulatum,SOURCE_NAME_NOT_ACCEPTED_TAXON_AUDIT,"Wudangshan, Hubei",C. Zhang Zhang198,BNU,PETAL_SPUR,SpurC,1,UNRESOLVED_CODEBOOK,10.3389/fpls.2023.1234148,Table S4,H583,057a0aaa603cfa4d9683a2eac75e747cb14bd1294e541feb82483fe6bc160e45
Z2023_S4_R584,E. stellulatum,Epimedium stellulatum,SOURCE_NAME_NOT_ACCEPTED_TAXON_AUDIT,"Wudangshan, Hubei",C. Zhang Zhang198,BNU,INNER_SEPAL,SepalC,0,UNRESOLVED_CODEBOOK,10.3389/fpls.2023.1234148,Table S4,G584,057a0aaa603cfa4d9683a2eac75e747cb14bd1294e541feb82483fe6bc160e45
Z2023_S4_R584,E. stellulatum,Epimedium stellulatum,SOURCE_NAME_NOT_ACCEPTED_TAXON_AUDIT,"Wudangshan, Hubei",C. Zhang Zhang198,BNU,PETAL_SPUR,SpurC,1,UNRESOLVED_CODEBOOK,10.3389/fpls.2023.1234148,Table S4,H584,057a0aaa603cfa4d9683a2eac75e747cb14bd1294e541feb82483fe6bc160e45
Z2023_S4_R585,E. stellulatum,Epimedium stellulatum,SOURCE_NAME_NOT_ACCEPTED_TAXON_AUDIT,"Wudangshan, Hubei",C. Zhang Zhang198,BNU,INNER_SEPAL,SepalC,0,UNRESOLVED_CODEBOOK,10.3389/fpls.2023.1234148,Table S4,G585,057a0aaa603cfa4d9683a2eac75e747cb14bd1294e541feb82483fe6bc160e45
Z2023_S4_R585,E. stellulatum,Epimedium stellulatum,SOURCE_NAME_NOT_ACCEPTED_TAXON_AUDIT,"Wudangshan, Hubei",C. Zhang Zhang198,BNU,PETAL_SPUR,SpurC,1,UNRESOLVED_CODEBOOK,10.3389/fpls.2023.1234148,Table S4,H585,057a0aaa603cfa4d9683a2eac75e747cb14bd1294e541feb82483fe6bc160e45
Z2023_S4_R586,E. stellulatum,Epimedium stellulatum,SOURCE_NAME_NOT_ACCEPTED_TAXON_AUDIT,"Wudangshan, Hubei",C. Zhang Zhang198,BNU,INNER_SEPAL,SepalC,0,UNRESOLVED_CODEBOOK,10.3389/fpls.2023.1234148,Table S4,G586,057a0aaa603cfa4d9683a2eac75e747cb14bd1294e541feb82483fe6bc160e45
Z2023_S4_R586,E. stellulatum,Epimedium stellulatum,SOURCE_NAME_NOT_ACCEPTED_TAXON_AUDIT,"Wudangshan, Hubei",C. Zhang Zhang198,BNU,PETAL_SPUR,SpurC,1,UNRESOLVED_CODEBOOK,10.3389/fpls.2023.1234148,Table S4,H586,057a0aaa603cfa4d9683a2eac75e747cb14bd1294e541feb82483fe6bc160e45
Z2023_S4_R587,E. stellulatum,Epimedium stellulatum,SOURCE_NAME_NOT_ACCEPTED_TAXON_AUDIT,"Wudangshan, Hubei",C. Zhang Zhang198,BNU,INNER_SEPAL,SepalC,0,UNRESOLVED_CODEBOOK,10.3389/fpls.2023.1234148,Table S4,G587,057a0aaa603cfa4d9683a2eac75e747cb14bd1294e541feb82483fe6bc160e45
Z2023_S4_R587,E. stellulatum,Epimedium stellulatum,SOURCE_NAME_NOT_ACCEPTED_TAXON_AUDIT,"Wudangshan, Hubei",C. Zhang Zhang198,BNU,PETAL_SPUR,SpurC,1,UNRESOLVED_CODEBOOK,10.3389/fpls.2023.1234148,Table S4,H587,057a0aaa603cfa4d9683a2eac75e747cb14bd1294e541feb82483fe6bc160e45
Z2023_S4_R588,E. stellulatum,Epimedium stellulatum,SOURCE_NAME_NOT_ACCEPTED_TAXON_AUDIT,"Wudangshan, Hubei",C. Zhang Zhang198,BNU,INNER_SEPAL,SepalC,0,UNRESOLVED_CODEBOOK,10.3389/fpls.2023.1234148,Table S4,G588,057a0aaa603cfa4d9683a2eac75e747cb14bd1294e541feb82483fe6bc160e45
Z2023_S4_R588,E. stellulatum,Epimedium stellulatum,SOURCE_NAME_NOT_ACCEPTED_TAXON_AUDIT,"Wudangshan, Hubei",C. Zhang Zhang198,BNU,PETAL_SPUR,SpurC,1,UNRESOLVED_CODEBOOK,10.3389/fpls.2023.1234148,Table S4,H588,057a0aaa603cfa4d9683a2eac75e747cb14bd1294e541feb82483fe6bc160e45
Z2023_S4_R589,E. stellulatum,Epimedium stellulatum,SOURCE_NAME_NOT_ACCEPTED_TAXON_AUDIT,"Wudangshan, Hubei",C. Zhang Zhang198,BNU,INNER_SEPAL,SepalC,0,UNRESOLVED_CODEBOOK,10.3389/fpls.2023.1234148,Table S4,G589,057a0aaa603cfa4d9683a2eac75e747cb14bd1294e541feb82483fe6bc160e45
Z2023_S4_R589,E. stellulatum,Epimedium stellulatum,SOURCE_NAME_NOT_ACCEPTED_TAXON_AUDIT,"Wudangshan, Hubei",C. Zhang Zhang198,BNU,PETAL_SPUR,SpurC,1,UNRESOLVED_CODEBOOK,10.3389/fpls.2023.1234148,Table S4,H589,057a0aaa603cfa4d9683a2eac75e747cb14bd1294e541feb82483fe6bc160e45
Z2023_S4_R590,E. stellulatum,Epimedium stellulatum,SOURCE_NAME_NOT_ACCEPTED_TAXON_AUDIT,"Wudangshan, Hubei",C. Zhang Zhang198,BNU,INNER_SEPAL,SepalC,0,UNRESOLVED_CODEBOOK,10.3389/fpls.2023.1234148,Table S4,G590,057a0aaa603cfa4d9683a2eac75e747cb14bd1294e541feb82483fe6bc160e45
Z2023_S4_R590,E. stellulatum,Epimedium stellulatum,SOURCE_NAME_NOT_ACCEPTED_TAXON_AUDIT,"Wudangshan, Hubei",C. Zhang Zhang198,BNU,PETAL_SPUR,SpurC,1,UNRESOLVED_CODEBOOK,10.3389/fpls.2023.1234148,Table S4,H590,057a0aaa603cfa4d9683a2eac75e747cb14bd1294e541feb82483fe6bc160e45
Z2023_S4_R591,E. stellulatum,Epimedium stellulatum,SOURCE_NAME_NOT_ACCEPTED_TAXON_AUDIT,"Wudangshan, Hubei",C. Zhang Zhang198,BNU,INNER_SEPAL,SepalC,0,UNRESOLVED_CODEBOOK,10.3389/fpls.2023.1234148,Table S4,G591,057a0aaa603cfa4d9683a2eac75e747cb14bd1294e541feb82483fe6bc160e45
Z2023_S4_R591,E. stellulatum,Epimedium stellulatum,SOURCE_NAME_NOT_ACCEPTED_TAXON_AUDIT,"Wudangshan, Hubei",C. Zhang Zhang198,BNU,PETAL_SPUR,SpurC,1,UNRESOLVED_CODEBOOK,10.3389/fpls.2023.1234148,Table S4,H591,057a0aaa603cfa4d9683a2eac75e747cb14bd1294e541feb82483fe6bc160e45
Z2023_S4_R592,E. stellulatum,Epimedium stellulatum,SOURCE_NAME_NOT_ACCEPTED_TAXON_AUDIT,"Wudangshan, Hubei",C. Zhang Zhang198,BNU,INNER_SEPAL,SepalC,0,UNRESOLVED_CODEBOOK,10.3389/fpls.2023.1234148,Table S4,G592,057a0aaa603cfa4d9683a2eac75e747cb14bd1294e541feb82483fe6bc160e45
Z2023_S4_R592,E. stellulatum,Epimedium stellulatum,SOURCE_NAME_NOT_ACCEPTED_TAXON_AUDIT,"Wudangshan, Hubei",C. Zhang Zhang198,BNU,PETAL_SPUR,SpurC,1,UNRESOLVED_CODEBOOK,10.3389/fpls.2023.1234148,Table S4,H592,057a0aaa603cfa4d9683a2eac75e747cb14bd1294e541feb82483fe6bc160e45
Z2023_S4_R593,E. stellulatum,Epimedium stellulatum,SOURCE_NAME_NOT_ACCEPTED_TAXON_AUDIT,"Wudangshan, Hubei",C. Zhang Zhang198,BNU,INNER_SEPAL,SepalC,0,UNRESOLVED_CODEBOOK,10.3389/fpls.2023.1234148,Table S4,G593,057a0aaa603cfa4d9683a2eac75e747cb14bd1294e541feb82483fe6bc160e45
Z2023_S4_R593,E. stellulatum,Epimedium stellulatum,SOURCE_NAME_NOT_ACCEPTED_TAXON_AUDIT,"Wudangshan, Hubei",C. Zhang Zhang198,BNU,PETAL_SPUR,SpurC,1,UNRESOLVED_CODEBOOK,10.3389/fpls.2023.1234148,Table S4,H593,057a0aaa603cfa4d9683a2eac75e747cb14bd1294e541feb82483fe6bc160e45
Z2023_S4_R594,E. stellulatum,Epimedium stellulatum,SOURCE_NAME_NOT_ACCEPTED_TAXON_AUDIT,"Wudangshan, Hubei",C. Zhang Zhang198,BNU,INNER_SEPAL,SepalC,0,UNRESOLVED_CODEBOOK,10.3389/fpls.2023.1234148,Table S4,G594,057a0aaa603cfa4d9683a2eac75e747cb14bd1294e541feb82483fe6bc160e45
Z2023_S4_R594,E. stellulatum,Epimedium stellulatum,SOURCE_NAME_NOT_ACCEPTED_TAXON_AUDIT,"Wudangshan, Hubei",C. Zhang Zhang198,BNU,PETAL_SPUR,SpurC,1,UNRESOLVED_CODEBOOK,10.3389/fpls.2023.1234148,Table S4,H594,057a0aaa603cfa4d9683a2eac75e747cb14bd1294e541feb82483fe6bc160e45
Z2023_S4_R595,E. stellulatum,Epimedium stellulatum,SOURCE_NAME_NOT_ACCEPTED_TAXON_AUDIT,"Wudangshan, Hubei",C. Zhang Zhang198,BNU,INNER_SEPAL,SepalC,0,UNRESOLVED_CODEBOOK,10.3389/fpls.2023.1234148,Table S4,G595,057a0aaa603cfa4d9683a2eac75e747cb14bd1294e541feb82483fe6bc160e45
Z2023_S4_R595,E. stellulatum,Epimedium stellulatum,SOURCE_NAME_NOT_ACCEPTED_TAXON_AUDIT,"Wudangshan, Hubei",C. Zhang Zhang198,BNU,PETAL_SPUR,SpurC,1,UNRESOLVED_CODEBOOK,10.3389/fpls.2023.1234148,Table S4,H595,057a0aaa603cfa4d9683a2eac75e747cb14bd1294e541feb82483fe6bc160e45
Z2023_S4_R596,E. stellulatum,Epimedium stellulatum,SOURCE_NAME_NOT_ACCEPTED_TAXON_AUDIT,"Wudangshan, Hubei",C. Zhang Zhang198,BNU,INNER_SEPAL,SepalC,0,UNRESOLVED_CODEBOOK,10.3389/fpls.2023.1234148,Table S4,G596,057a0aaa603cfa4d9683a2eac75e747cb14bd1294e541feb82483fe6bc160e45
Z2023_S4_R596,E. stellulatum,Epimedium stellulatum,SOURCE_NAME_NOT_ACCEPTED_TAXON_AUDIT,"Wudangshan, Hubei",C. Zhang Zhang198,BNU,PETAL_SPUR,SpurC,1,UNRESOLVED_CODEBOOK,10.3389/fpls.2023.1234148,Table S4,H596,057a0aaa603cfa4d9683a2eac75e747cb14bd1294e541feb82483fe6bc160e45
Z2023_S4_R597,E. stellulatum,Epimedium stellulatum,SOURCE_NAME_NOT_ACCEPTED_TAXON_AUDIT,"Wudangshan, Hubei",C. Zhang Zhang198,BNU,INNER_SEPAL,SepalC,0,UNRESOLVED_CODEBOOK,10.3389/fpls.2023.1234148,Table S4,G597,057a0aaa603cfa4d9683a2eac75e747cb14bd1294e541feb82483fe6bc160e45
Z2023_S4_R597,E. stellulatum,Epimedium stellulatum,SOURCE_NAME_NOT_ACCEPTED_TAXON_AUDIT,"Wudangshan, Hubei",C. Zhang Zhang198,BNU,PETAL_SPUR,SpurC,1,UNRESOLVED_CODEBOOK,10.3389/fpls.2023.1234148,Table S4,H597,057a0aaa603cfa4d9683a2eac75e747cb14bd1294e541feb82483fe6bc160e45
Z2023_S4_R598,E. sutchuenense,Epimedium sutchuenense,SOURCE_NAME_NOT_ACCEPTED_TAXON_AUDIT,"Shennongjia, Hubei",C. Zhang Zhang197,BNU,INNER_SEPAL,SepalC,2,UNRESOLVED_CODEBOOK,10.3389/fpls.2023.1234148,Table S4,G598,057a0aaa603cfa4d9683a2eac75e747cb14bd1294e541feb82483fe6bc160e45
Z2023_S4_R598,E. sutchuenense,Epimedium sutchuenense,SOURCE_NAME_NOT_ACCEPTED_TAXON_AUDIT,"Shennongjia, Hubei",C. Zhang Zhang197,BNU,PETAL_SPUR,SpurC,2,UNRESOLVED_CODEBOOK,10.3389/fpls.2023.1234148,Table S4,H598,057a0aaa603cfa4d9683a2eac75e747cb14bd1294e541feb82483fe6bc160e45
Z2023_S4_R599,E. sutchuenense,Epimedium sutchuenense,SOURCE_NAME_NOT_ACCEPTED_TAXON_AUDIT,"Shennongjia, Hubei",C. Zhang Zhang197,BNU,INNER_SEPAL,SepalC,2,UNRESOLVED_CODEBOOK,10.3389/fpls.2023.1234148,Table S4,G599,057a0aaa603cfa4d9683a2eac75e747cb14bd1294e541feb82483fe6bc160e45
Z2023_S4_R599,E. sutchuenense,Epimedium sutchuenense,SOURCE_NAME_NOT_ACCEPTED_TAXON_AUDIT,"Shennongjia, Hubei",C. Zhang Zhang197,BNU,PETAL_SPUR,SpurC,2,UNRESOLVED_CODEBOOK,10.3389/fpls.2023.1234148,Table S4,H599,057a0aaa603cfa4d9683a2eac75e747cb14bd1294e541feb82483fe6bc160e45
Z2023_S4_R600,E. sutchuenense,Epimedium sutchuenense,SOURCE_NAME_NOT_ACCEPTED_TAXON_AUDIT,"Shennongjia, Hubei",C. Zhang Zhang197,BNU,INNER_SEPAL,SepalC,2,UNRESOLVED_CODEBOOK,10.3389/fpls.2023.1234148,Table S4,G600,057a0aaa603cfa4d9683a2eac75e747cb14bd1294e541feb82483fe6bc160e45
Z2023_S4_R600,E. sutchuenense,Epimedium sutchuenense,SOURCE_NAME_NOT_ACCEPTED_TAXON_AUDIT,"Shennongjia, Hubei",C. Zhang Zhang197,BNU,PETAL_SPUR,SpurC,2,UNRESOLVED_CODEBOOK,10.3389/fpls.2023.1234148,Table S4,H600,057a0aaa603cfa4d9683a2eac75e747cb14bd1294e541feb82483fe6bc160e45
Z2023_S4_R601,E. sutchuenense,Epimedium sutchuenense,SOURCE_NAME_NOT_ACCEPTED_TAXON_AUDIT,"Shennongjia, Hubei",C. Zhang Zhang197,BNU,INNER_SEPAL,SepalC,2,UNRESOLVED_CODEBOOK,10.3389/fpls.2023.1234148,Table S4,G601,057a0aaa603cfa4d9683a2eac75e747cb14bd1294e541feb82483fe6bc160e45
Z2023_S4_R601,E. sutchuenense,Epimedium sutchuenense,SOURCE_NAME_NOT_ACCEPTED_TAXON_AUDIT,"Shennongjia, Hubei",C. Zhang Zhang197,BNU,PETAL_SPUR,SpurC,2,UNRESOLVED_CODEBOOK,10.3389/fpls.2023.1234148,Table S4,H601,057a0aaa603cfa4d9683a2eac75e747cb14bd1294e541feb82483fe6bc160e45
Z2023_S4_R602,E. sutchuenense,Epimedium sutchuenense,SOURCE_NAME_NOT_ACCEPTED_TAXON_AUDIT,"Shennongjia, Hubei",C. Zhang Zhang197,BNU,INNER_SEPAL,SepalC,2,UNRESOLVED_CODEBOOK,10.3389/fpls.2023.1234148,Table S4,G602,057a0aaa603cfa4d9683a2eac75e747cb14bd1294e541feb82483fe6bc160e45
Z2023_S4_R602,E. sutchuenense,Epimedium sutchuenense,SOURCE_NAME_NOT_ACCEPTED_TAXON_AUDIT,"Shennongjia, Hubei",C. Zhang Zhang197,BNU,PETAL_SPUR,SpurC,2,UNRESOLVED_CODEBOOK,10.3389/fpls.2023.1234148,Table S4,H602,057a0aaa603cfa4d9683a2eac75e747cb14bd1294e541feb82483fe6bc160e45
Z2023_S4_R603,E. sutchuenense,Epimedium sutchuenense,SOURCE_NAME_NOT_ACCEPTED_TAXON_AUDIT,"Shennongjia, Hubei",C. Zhang Zhang197,BNU,INNER_SEPAL,SepalC,2,UNRESOLVED_CODEBOOK,10.3389/fpls.2023.1234148,Table S4,G603,057a0aaa603cfa4d9683a2eac75e747cb14bd1294e541feb82483fe6bc160e45
Z2023_S4_R603,E. sutchuenense,Epimedium sutchuenense,SOURCE_NAME_NOT_ACCEPTED_TAXON_AUDIT,"Shennongjia, Hubei",C. Zhang Zhang197,BNU,PETAL_SPUR,SpurC,2,UNRESOLVED_CODEBOOK,10.3389/fpls.2023.1234148,Table S4,H603,057a0aaa603cfa4d9683a2eac75e747cb14bd1294e541feb82483fe6bc160e45
Z2023_S4_R604,E. sutchuenense,Epimedium sutchuenense,SOURCE_NAME_NOT_ACCEPTED_TAXON_AUDIT,"Shennongjia, Hubei",C. Zhang Zhang197,BNU,INNER_SEPAL,SepalC,2,UNRESOLVED_CODEBOOK,10.3389/fpls.2023.1234148,Table S4,G604,057a0aaa603cfa4d9683a2eac75e747cb14bd1294e541feb82483fe6bc160e45
Z2023_S4_R604,E. sutchuenense,Epimedium sutchuenense,SOURCE_NAME_NOT_ACCEPTED_TAXON_AUDIT,"Shennongjia, Hubei",C. Zhang Zhang197,BNU,PETAL_SPUR,SpurC,2,UNRESOLVED_CODEBOOK,10.3389/fpls.2023.1234148,Table S4,H604,057a0aaa603cfa4d9683a2eac75e747cb14bd1294e541feb82483fe6bc160e45
Z2023_S4_R605,E. sutchuenense,Epimedium sutchuenense,SOURCE_NAME_NOT_ACCEPTED_TAXON_AUDIT,"Shennongjia, Hubei",C. Zhang Zhang197,BNU,INNER_SEPAL,SepalC,2,UNRESOLVED_CODEBOOK,10.3389/fpls.2023.1234148,Table S4,G605,057a0aaa603cfa4d9683a2eac75e747cb14bd1294e541feb82483fe6bc160e45
Z2023_S4_R605,E. sutchuenense,Epimedium sutchuenense,SOURCE_NAME_NOT_ACCEPTED_TAXON_AUDIT,"Shennongjia, Hubei",C. Zhang Zhang197,BNU,PETAL_SPUR,SpurC,2,UNRESOLVED_CODEBOOK,10.3389/fpls.2023.1234148,Table S4,H605,057a0aaa603cfa4d9683a2eac75e747cb14bd1294e541feb82483fe6bc160e45
Z2023_S4_R606,E. sutchuenense,Epimedium sutchuenense,SOURCE_NAME_NOT_ACCEPTED_TAXON_AUDIT,"Shennongjia, Hubei",C. Zhang Zhang197,BNU,INNER_SEPAL,SepalC,2,UNRESOLVED_CODEBOOK,10.3389/fpls.2023.1234148,Table S4,G606,057a0aaa603cfa4d9683a2eac75e747cb14bd1294e541feb82483fe6bc160e45
Z2023_S4_R606,E. sutchuenense,Epimedium sutchuenense,SOURCE_NAME_NOT_ACCEPTED_TAXON_AUDIT,"Shennongjia, Hubei",C. Zhang Zhang197,BNU,PETAL_SPUR,SpurC,2,UNRESOLVED_CODEBOOK,10.3389/fpls.2023.1234148,Table S4,H606,057a0aaa603cfa4d9683a2eac75e747cb14bd1294e541feb82483fe6bc160e45
Z2023_S4_R607,E. sutchuenense,Epimedium sutchuenense,SOURCE_NAME_NOT_ACCEPTED_TAXON_AUDIT,"Shennongjia, Hubei",C. Zhang Zhang197,BNU,INNER_SEPAL,SepalC,2,UNRESOLVED_CODEBOOK,10.3389/fpls.2023.1234148,Table S4,G607,057a0aaa603cfa4d9683a2eac75e747cb14bd1294e541feb82483fe6bc160e45
Z2023_S4_R607,E. sutchuenense,Epimedium sutchuenense,SOURCE_NAME_NOT_ACCEPTED_TAXON_AUDIT,"Shennongjia, Hubei",C. Zhang Zhang197,BNU,PETAL_SPUR,SpurC,2,UNRESOLVED_CODEBOOK,10.3389/fpls.2023.1234148,Table S4,H607,057a0aaa603cfa4d9683a2eac75e747cb14bd1294e541feb82483fe6bc160e45
Z2023_S4_R608,E. sutchuenense,Epimedium sutchuenense,SOURCE_NAME_NOT_ACCEPTED_TAXON_AUDIT,"Shennongjia, Hubei",C. Zhang Zhang197,BNU,INNER_SEPAL,SepalC,2,UNRESOLVED_CODEBOOK,10.3389/fpls.2023.1234148,Table S4,G608,057a0aaa603cfa4d9683a2eac75e747cb14bd1294e541feb82483fe6bc160e45
Z2023_S4_R608,E. sutchuenense,Epimedium sutchuenense,SOURCE_NAME_NOT_ACCEPTED_TAXON_AUDIT,"Shennongjia, Hubei",C. Zhang Zhang197,BNU,PETAL_SPUR,SpurC,2,UNRESOLVED_CODEBOOK,10.3389/fpls.2023.1234148,Table S4,H608,057a0aaa603cfa4d9683a2eac75e747cb14bd1294e541feb82483fe6bc160e45
Z2023_S4_R609,E. sutchuenense,Epimedium sutchuenense,SOURCE_NAME_NOT_ACCEPTED_TAXON_AUDIT,"Shennongjia, Hubei",C. Zhang Zhang197,BNU,INNER_SEPAL,SepalC,2,UNRESOLVED_CODEBOOK,10.3389/fpls.2023.1234148,Table S4,G609,057a0aaa603cfa4d9683a2eac75e747cb14bd1294e541feb82483fe6bc160e45
Z2023_S4_R609,E. sutchuenense,Epimedium sutchuenense,SOURCE_NAME_NOT_ACCEPTED_TAXON_AUDIT,"Shennongjia, Hubei",C. Zhang Zhang197,BNU,PETAL_SPUR,SpurC,2,UNRESOLVED_CODEBOOK,10.3389/fpls.2023.1234148,Table S4,H609,057a0aaa603cfa4d9683a2eac75e747cb14bd1294e541feb82483fe6bc160e45
Z2023_S4_R610,E. sutchuenense,Epimedium sutchuenense,SOURCE_NAME_NOT_ACCEPTED_TAXON_AUDIT,"Shennongjia, Hubei",C. Zhang Zhang197,BNU,INNER_SEPAL,SepalC,2,UNRESOLVED_CODEBOOK,10.3389/fpls.2023.1234148,Table S4,G610,057a0aaa603cfa4d9683a2eac75e747cb14bd1294e541feb82483fe6bc160e45
Z2023_S4_R610,E. sutchuenense,Epimedium sutchuenense,SOURCE_NAME_NOT_ACCEPTED_TAXON_AUDIT,"Shennongjia, Hubei",C. Zhang Zhang197,BNU,PETAL_SPUR,SpurC,2,UNRESOLVED_CODEBOOK,10.3389/fpls.2023.1234148,Table S4,H610,057a0aaa603cfa4d9683a2eac75e747cb14bd1294e541feb82483fe6bc160e45
Z2023_S4_R611,E. sutchuenense,Epimedium sutchuenense,SOURCE_NAME_NOT_ACCEPTED_TAXON_AUDIT,"Shennongjia, Hubei",C. Zhang Zhang197,BNU,INNER_SEPAL,SepalC,2,UNRESOLVED_CODEBOOK,10.3389/fpls.2023.1234148,Table S4,G611,057a0aaa603cfa4d9683a2eac75e747cb14bd1294e541feb82483fe6bc160e45
Z2023_S4_R611,E. sutchuenense,Epimedium sutchuenense,SOURCE_NAME_NOT_ACCEPTED_TAXON_AUDIT,"Shennongjia, Hubei",C. Zhang Zhang197,BNU,PETAL_SPUR,SpurC,2,UNRESOLVED_CODEBOOK,10.3389/fpls.2023.1234148,Table S4,H611,057a0aaa603cfa4d9683a2eac75e747cb14bd1294e541feb82483fe6bc160e45
Z2023_S4_R612,E. sutchuenense,Epimedium sutchuenense,SOURCE_NAME_NOT_ACCEPTED_TAXON_AUDIT,"Shennongjia, Hubei",C. Zhang Zhang197,BNU,INNER_SEPAL,SepalC,2,UNRESOLVED_CODEBOOK,10.3389/fpls.2023.1234148,Table S4,G612,057a0aaa603cfa4d9683a2eac75e747cb14bd1294e541feb82483fe6bc160e45
Z2023_S4_R612,E. sutchuenense,Epimedium sutchuenense,SOURCE_NAME_NOT_ACCEPTED_TAXON_AUDIT,"Shennongjia, Hubei",C. Zhang Zhang197,BNU,PETAL_SPUR,SpurC,2,UNRESOLVED_CODEBOOK,10.3389/fpls.2023.1234148,Table S4,H612,057a0aaa603cfa4d9683a2eac75e747cb14bd1294e541feb82483fe6bc160e45
Z2023_S4_R613,E. sutchuenense,Epimedium sutchuenense,SOURCE_NAME_NOT_ACCEPTED_TAXON_AUDIT,"Shennongjia, Hubei",C. Zhang Zhang197,BNU,INNER_SEPAL,SepalC,2,UNRESOLVED_CODEBOOK,10.3389/fpls.2023.1234148,Table S4,G613,057a0aaa603cfa4d9683a2eac75e747cb14bd1294e541feb82483fe6bc160e45
Z2023_S4_R613,E. sutchuenense,Epimedium sutchuenense,SOURCE_NAME_NOT_ACCEPTED_TAXON_AUDIT,"Shennongjia, Hubei",C. Zhang Zhang197,BNU,PETAL_SPUR,SpurC,2,UNRESOLVED_CODEBOOK,10.3389/fpls.2023.1234148,Table S4,H613,057a0aaa603cfa4d9683a2eac75e747cb14bd1294e541feb82483fe6bc160e45
Z2023_S4_R614,E. sutchuenense,Epimedium sutchuenense,SOURCE_NAME_NOT_ACCEPTED_TAXON_AUDIT,"Shennongjia, Hubei",C. Zhang Zhang197,BNU,INNER_SEPAL,SepalC,2,UNRESOLVED_CODEBOOK,10.3389/fpls.2023.1234148,Table S4,G614,057a0aaa603cfa4d9683a2eac75e747cb14bd1294e541feb82483fe6bc160e45
Z2023_S4_R614,E. sutchuenense,Epimedium sutchuenense,SOURCE_NAME_NOT_ACCEPTED_TAXON_AUDIT,"Shennongjia, Hubei",C. Zhang Zhang197,BNU,PETAL_SPUR,SpurC,2,UNRESOLVED_CODEBOOK,10.3389/fpls.2023.1234148,Table S4,H614,057a0aaa603cfa4d9683a2eac75e747cb14bd1294e541feb82483fe6bc160e45
Z2023_S4_R615,E. sutchuenense,Epimedium sutchuenense,SOURCE_NAME_NOT_ACCEPTED_TAXON_AUDIT,"Shennongjia, Hubei",C. Zhang Zhang197,BNU,INNER_SEPAL,SepalC,2,UNRESOLVED_CODEBOOK,10.3389/fpls.2023.1234148,Table S4,G615,057a0aaa603cfa4d9683a2eac75e747cb14bd1294e541feb82483fe6bc160e45
Z2023_S4_R615,E. sutchuenense,Epimedium sutchuenense,SOURCE_NAME_NOT_ACCEPTED_TAXON_AUDIT,"Shennongjia, Hubei",C. Zhang Zhang197,BNU,PETAL_SPUR,SpurC,2,UNRESOLVED_CODEBOOK,10.3389/fpls.2023.1234148,Table S4,H615,057a0aaa603cfa4d9683a2eac75e747cb14bd1294e541feb82483fe6bc160e45
Z2023_S4_R616,E. sutchuenense,Epimedium sutchuenense,SOURCE_NAME_NOT_ACCEPTED_TAXON_AUDIT,"Shennongjia, Hubei",C. Zhang Zhang197,BNU,INNER_SEPAL,SepalC,2,UNRESOLVED_CODEBOOK,10.3389/fpls.2023.1234148,Table S4,G616,057a0aaa603cfa4d9683a2eac75e747cb14bd1294e541feb82483fe6bc160e45
Z2023_S4_R616,E. sutchuenense,Epimedium sutchuenense,SOURCE_NAME_NOT_ACCEPTED_TAXON_AUDIT,"Shennongjia, Hubei",C. Zhang Zhang197,BNU,PETAL_SPUR,SpurC,2,UNRESOLVED_CODEBOOK,10.3389/fpls.2023.1234148,Table S4,H616,057a0aaa603cfa4d9683a2eac75e747cb14bd1294e541feb82483fe6bc160e45
Z2023_S4_R617,E. sutchuenense,Epimedium sutchuenense,SOURCE_NAME_NOT_ACCEPTED_TAXON_AUDIT,"Shennongjia, Hubei",C. Zhang Zhang197,BNU,INNER_SEPAL,SepalC,2,UNRESOLVED_CODEBOOK,10.3389/fpls.2023.1234148,Table S4,G617,057a0aaa603cfa4d9683a2eac75e747cb14bd1294e541feb82483fe6bc160e45
Z2023_S4_R617,E. sutchuenense,Epimedium sutchuenense,SOURCE_NAME_NOT_ACCEPTED_TAXON_AUDIT,"Shennongjia, Hubei",C. Zhang Zhang197,BNU,PETAL_SPUR,SpurC,2,UNRESOLVED_CODEBOOK,10.3389/fpls.2023.1234148,Table S4,H617,057a0aaa603cfa4d9683a2eac75e747cb14bd1294e541feb82483fe6bc160e45
Z2023_S4_R618,E. sutchuenense,Epimedium sutchuenense,SOURCE_NAME_NOT_ACCEPTED_TAXON_AUDIT,"Shennongjia, Hubei",C. Zhang Zhang197,BNU,INNER_SEPAL,SepalC,2,UNRESOLVED_CODEBOOK,10.3389/fpls.2023.1234148,Table S4,G618,057a0aaa603cfa4d9683a2eac75e747cb14bd1294e541feb82483fe6bc160e45
Z2023_S4_R618,E. sutchuenense,Epimedium sutchuenense,SOURCE_NAME_NOT_ACCEPTED_TAXON_AUDIT,"Shennongjia, Hubei",C. Zhang Zhang197,BNU,PETAL_SPUR,SpurC,2,UNRESOLVED_CODEBOOK,10.3389/fpls.2023.1234148,Table S4,H618,057a0aaa603cfa4d9683a2eac75e747cb14bd1294e541feb82483fe6bc160e45
Z2023_S4_R619,E. sutchuenense,Epimedium sutchuenense,SOURCE_NAME_NOT_ACCEPTED_TAXON_AUDIT,"Shennongjia, Hubei",C. Zhang Zhang197,BNU,INNER_SEPAL,SepalC,2,UNRESOLVED_CODEBOOK,10.3389/fpls.2023.1234148,Table S4,G619,057a0aaa603cfa4d9683a2eac75e747cb14bd1294e541feb82483fe6bc160e45
Z2023_S4_R619,E. sutchuenense,Epimedium sutchuenense,SOURCE_NAME_NOT_ACCEPTED_TAXON_AUDIT,"Shennongjia, Hubei",C. Zhang Zhang197,BNU,PETAL_SPUR,SpurC,2,UNRESOLVED_CODEBOOK,10.3389/fpls.2023.1234148,Table S4,H619,057a0aaa603cfa4d9683a2eac75e747cb14bd1294e541feb82483fe6bc160e45
Z2023_S4_R620,E. sutchuenense,Epimedium sutchuenense,SOURCE_NAME_NOT_ACCEPTED_TAXON_AUDIT,"Shennongjia, Hubei",C. Zhang Zhang197,BNU,INNER_SEPAL,SepalC,2,UNRESOLVED_CODEBOOK,10.3389/fpls.2023.1234148,Table S4,G620,057a0aaa603cfa4d9683a2eac75e747cb14bd1294e541feb82483fe6bc160e45
Z2023_S4_R620,E. sutchuenense,Epimedium sutchuenense,SOURCE_NAME_NOT_ACCEPTED_TAXON_AUDIT,"Shennongjia, Hubei",C. Zhang Zhang197,BNU,PETAL_SPUR,SpurC,2,UNRESOLVED_CODEBOOK,10.3389/fpls.2023.1234148,Table S4,H620,057a0aaa603cfa4d9683a2eac75e747cb14bd1294e541feb82483fe6bc160e45
Z2023_S4_R621,E. sutchuenense,Epimedium sutchuenense,SOURCE_NAME_NOT_ACCEPTED_TAXON_AUDIT,"Shennongjia, Hubei",C. Zhang Zhang197,BNU,INNER_SEPAL,SepalC,2,UNRESOLVED_CODEBOOK,10.3389/fpls.2023.1234148,Table S4,G621,057a0aaa603cfa4d9683a2eac75e747cb14bd1294e541feb82483fe6bc160e45
Z2023_S4_R621,E. sutchuenense,Epimedium sutchuenense,SOURCE_NAME_NOT_ACCEPTED_TAXON_AUDIT,"Shennongjia, Hubei",C. Zhang Zhang197,BNU,PETAL_SPUR,SpurC,2,UNRESOLVED_CODEBOOK,10.3389/fpls.2023.1234148,Table S4,H621,057a0aaa603cfa4d9683a2eac75e747cb14bd1294e541feb82483fe6bc160e45
Z2023_S4_R622,E. sutchuenense,Epimedium sutchuenense,SOURCE_NAME_NOT_ACCEPTED_TAXON_AUDIT,"Shennongjia, Hubei",C. Zhang Zhang197,BNU,INNER_SEPAL,SepalC,2,UNRESOLVED_CODEBOOK,10.3389/fpls.2023.1234148,Table S4,G622,057a0aaa603cfa4d9683a2eac75e747cb14bd1294e541feb82483fe6bc160e45
Z2023_S4_R622,E. sutchuenense,Epimedium sutchuenense,SOURCE_NAME_NOT_ACCEPTED_TAXON_AUDIT,"Shennongjia, Hubei",C. Zhang Zhang197,BNU,PETAL_SPUR,SpurC,2,UNRESOLVED_CODEBOOK,10.3389/fpls.2023.1234148,Table S4,H622,057a0aaa603cfa4d9683a2eac75e747cb14bd1294e541feb82483fe6bc160e45
Z2023_S4_R623,E. sutchuenense,Epimedium sutchuenense,SOURCE_NAME_NOT_ACCEPTED_TAXON_AUDIT,"Shennongjia, Hubei",C. Zhang Zhang197,BNU,INNER_SEPAL,SepalC,2,UNRESOLVED_CODEBOOK,10.3389/fpls.2023.1234148,Table S4,G623,057a0aaa603cfa4d9683a2eac75e747cb14bd1294e541feb82483fe6bc160e45
Z2023_S4_R623,E. sutchuenense,Epimedium sutchuenense,SOURCE_NAME_NOT_ACCEPTED_TAXON_AUDIT,"Shennongjia, Hubei",C. Zhang Zhang197,BNU,PETAL_SPUR,SpurC,2,UNRESOLVED_CODEBOOK,10.3389/fpls.2023.1234148,Table S4,H623,057a0aaa603cfa4d9683a2eac75e747cb14bd1294e541feb82483fe6bc160e45
Z2023_S4_R624,E. sutchuenense,Epimedium sutchuenense,SOURCE_NAME_NOT_ACCEPTED_TAXON_AUDIT,"Shennongjia, Hubei",C. Zhang Zhang197,BNU,INNER_SEPAL,SepalC,2,UNRESOLVED_CODEBOOK,10.3389/fpls.2023.1234148,Table S4,G624,057a0aaa603cfa4d9683a2eac75e747cb14bd1294e541feb82483fe6bc160e45
Z2023_S4_R624,E. sutchuenense,Epimedium sutchuenense,SOURCE_NAME_NOT_ACCEPTED_TAXON_AUDIT,"Shennongjia, Hubei",C. Zhang Zhang197,BNU,PETAL_SPUR,SpurC,2,UNRESOLVED_CODEBOOK,10.3389/fpls.2023.1234148,Table S4,H624,057a0aaa603cfa4d9683a2eac75e747cb14bd1294e541feb82483fe6bc160e45
Z2023_S4_R625,E. sutchuenense,Epimedium sutchuenense,SOURCE_NAME_NOT_ACCEPTED_TAXON_AUDIT,"Shennongjia, Hubei",C. Zhang Zhang197,BNU,INNER_SEPAL,SepalC,2,UNRESOLVED_CODEBOOK,10.3389/fpls.2023.1234148,Table S4,G625,057a0aaa603cfa4d9683a2eac75e747cb14bd1294e541feb82483fe6bc160e45
Z2023_S4_R625,E. sutchuenense,Epimedium sutchuenense,SOURCE_NAME_NOT_ACCEPTED_TAXON_AUDIT,"Shennongjia, Hubei",C. Zhang Zhang197,BNU,PETAL_SPUR,SpurC,2,UNRESOLVED_CODEBOOK,10.3389/fpls.2023.1234148,Table S4,H625,057a0aaa603cfa4d9683a2eac75e747cb14bd1294e541feb82483fe6bc160e45
Z2023_S4_R626,E. sutchuenense,Epimedium sutchuenense,SOURCE_NAME_NOT_ACCEPTED_TAXON_AUDIT,"Shennongjia, Hubei",C. Zhang Zhang197,BNU,INNER_SEPAL,SepalC,2,UNRESOLVED_CODEBOOK,10.3389/fpls.2023.1234148,Table S4,G626,057a0aaa603cfa4d9683a2eac75e747cb14bd1294e541feb82483fe6bc160e45
Z2023_S4_R626,E. sutchuenense,Epimedium sutchuenense,SOURCE_NAME_NOT_ACCEPTED_TAXON_AUDIT,"Shennongjia, Hubei",C. Zhang Zhang197,BNU,PETAL_SPUR,SpurC,2,UNRESOLVED_CODEBOOK,10.3389/fpls.2023.1234148,Table S4,H626,057a0aaa603cfa4d9683a2eac75e747cb14bd1294e541feb82483fe6bc160e45
Z2023_S4_R627,E. sutchuenense,Epimedium sutchuenense,SOURCE_NAME_NOT_ACCEPTED_TAXON_AUDIT,"Shennongjia, Hubei",C. Zhang Zhang197,BNU,INNER_SEPAL,SepalC,2,UNRESOLVED_CODEBOOK,10.3389/fpls.2023.1234148,Table S4,G627,057a0aaa603cfa4d9683a2eac75e747cb14bd1294e541feb82483fe6bc160e45
Z2023_S4_R627,E. sutchuenense,Epimedium sutchuenense,SOURCE_NAME_NOT_ACCEPTED_TAXON_AUDIT,"Shennongjia, Hubei",C. Zhang Zhang197,BNU,PETAL_SPUR,SpurC,2,UNRESOLVED_CODEBOOK,10.3389/fpls.2023.1234148,Table S4,H627,057a0aaa603cfa4d9683a2eac75e747cb14bd1294e541feb82483fe6bc160e45
Z2023_S4_R628,E. sutchuenense,Epimedium sutchuenense,SOURCE_NAME_NOT_ACCEPTED_TAXON_AUDIT,"Shennongjia, Hubei",C. Zhang Zhang197,BNU,INNER_SEPAL,SepalC,2,UNRESOLVED_CODEBOOK,10.3389/fpls.2023.1234148,Table S4,G628,057a0aaa603cfa4d9683a2eac75e747cb14bd1294e541feb82483fe6bc160e45
Z2023_S4_R628,E. sutchuenense,Epimedium sutchuenense,SOURCE_NAME_NOT_ACCEPTED_TAXON_AUDIT,"Shennongjia, Hubei",C. Zhang Zhang197,BNU,PETAL_SPUR,SpurC,2,UNRESOLVED_CODEBOOK,10.3389/fpls.2023.1234148,Table S4,H628,057a0aaa603cfa4d9683a2eac75e747cb14bd1294e541feb82483fe6bc160e45
Z2023_S4_R629,E. sutchuenense,Epimedium sutchuenense,SOURCE_NAME_NOT_ACCEPTED_TAXON_AUDIT,"Shennongjia, Hubei",C. Zhang Zhang197,BNU,INNER_SEPAL,SepalC,2,UNRESOLVED_CODEBOOK,10.3389/fpls.2023.1234148,Table S4,G629,057a0aaa603cfa4d9683a2eac75e747cb14bd1294e541feb82483fe6bc160e45
Z2023_S4_R629,E. sutchuenense,Epimedium sutchuenense,SOURCE_NAME_NOT_ACCEPTED_TAXON_AUDIT,"Shennongjia, Hubei",C. Zhang Zhang197,BNU,PETAL_SPUR,SpurC,2,UNRESOLVED_CODEBOOK,10.3389/fpls.2023.1234148,Table S4,H629,057a0aaa603cfa4d9683a2eac75e747cb14bd1294e541feb82483fe6bc160e45
Z2023_S4_R630,E. sutchuenense,Epimedium sutchuenense,SOURCE_NAME_NOT_ACCEPTED_TAXON_AUDIT,"Shennongjia, Hubei",C. Zhang Zhang197,BNU,INNER_SEPAL,SepalC,2,UNRESOLVED_CODEBOOK,10.3389/fpls.2023.1234148,Table S4,G630,057a0aaa603cfa4d9683a2eac75e747cb14bd1294e541feb82483fe6bc160e45
Z2023_S4_R630,E. sutchuenense,Epimedium sutchuenense,SOURCE_NAME_NOT_ACCEPTED_TAXON_AUDIT,"Shennongjia, Hubei",C. Zhang Zhang197,BNU,PETAL_SPUR,SpurC,2,UNRESOLVED_CODEBOOK,10.3389/fpls.2023.1234148,Table S4,H630,057a0aaa603cfa4d9683a2eac75e747cb14bd1294e541feb82483fe6bc160e45
Z2023_S4_R631,E. sutchuenense,Epimedium sutchuenense,SOURCE_NAME_NOT_ACCEPTED_TAXON_AUDIT,"Shennongjia, Hubei",C. Zhang Zhang197,BNU,INNER_SEPAL,SepalC,2,UNRESOLVED_CODEBOOK,10.3389/fpls.2023.1234148,Table S4,G631,057a0aaa603cfa4d9683a2eac75e747cb14bd1294e541feb82483fe6bc160e45
Z2023_S4_R631,E. sutchuenense,Epimedium sutchuenense,SOURCE_NAME_NOT_ACCEPTED_TAXON_AUDIT,"Shennongjia, Hubei",C. Zhang Zhang197,BNU,PETAL_SPUR,SpurC,2,UNRESOLVED_CODEBOOK,10.3389/fpls.2023.1234148,Table S4,H631,057a0aaa603cfa4d9683a2eac75e747cb14bd1294e541feb82483fe6bc160e45
Z2023_S4_R632,E. sutchuenense,Epimedium sutchuenense,SOURCE_NAME_NOT_ACCEPTED_TAXON_AUDIT,"Shennongjia, Hubei",C. Zhang Zhang197,BNU,INNER_SEPAL,SepalC,2,UNRESOLVED_CODEBOOK,10.3389/fpls.2023.1234148,Table S4,G632,057a0aaa603cfa4d9683a2eac75e747cb14bd1294e541feb82483fe6bc160e45
Z2023_S4_R632,E. sutchuenense,Epimedium sutchuenense,SOURCE_NAME_NOT_ACCEPTED_TAXON_AUDIT,"Shennongjia, Hubei",C. Zhang Zhang197,BNU,PETAL_SPUR,SpurC,2,UNRESOLVED_CODEBOOK,10.3389/fpls.2023.1234148,Table S4,H632,057a0aaa603cfa4d9683a2eac75e747cb14bd1294e541feb82483fe6bc160e45
Z2023_S4_R633,E. sutchuenense,Epimedium sutchuenense,SOURCE_NAME_NOT_ACCEPTED_TAXON_AUDIT,"Shennongjia, Hubei",C. Zhang Zhang197,BNU,INNER_SEPAL,SepalC,2,UNRESOLVED_CODEBOOK,10.3389/fpls.2023.1234148,Table S4,G633,057a0aaa603cfa4d9683a2eac75e747cb14bd1294e541feb82483fe6bc160e45
Z2023_S4_R633,E. sutchuenense,Epimedium sutchuenense,SOURCE_NAME_NOT_ACCEPTED_TAXON_AUDIT,"Shennongjia, Hubei",C. Zhang Zhang197,BNU,PETAL_SPUR,SpurC,2,UNRESOLVED_CODEBOOK,10.3389/fpls.2023.1234148,Table S4,H633,057a0aaa603cfa4d9683a2eac75e747cb14bd1294e541feb82483fe6bc160e45
Z2023_S4_R634,E. tianmenshanense,Epimedium tianmenshanense,SOURCE_NAME_NOT_ACCEPTED_TAXON_AUDIT,"Zhangjiajie, Hunan",C. Zhang Zhang209,BNU,INNER_SEPAL,SepalC,1,UNRESOLVED_CODEBOOK,10.3389/fpls.2023.1234148,Table S4,G634,057a0aaa603cfa4d9683a2eac75e747cb14bd1294e541feb82483fe6bc160e45
Z2023_S4_R634,E. tianmenshanense,Epimedium tianmenshanense,SOURCE_NAME_NOT_ACCEPTED_TAXON_AUDIT,"Zhangjiajie, Hunan",C. Zhang Zhang209,BNU,PETAL_SPUR,SpurC,1,UNRESOLVED_CODEBOOK,10.3389/fpls.2023.1234148,Table S4,H634,057a0aaa603cfa4d9683a2eac75e747cb14bd1294e541feb82483fe6bc160e45
Z2023_S4_R635,E. tianmenshanense,Epimedium tianmenshanense,SOURCE_NAME_NOT_ACCEPTED_TAXON_AUDIT,"Zhangjiajie, Hunan",C. Zhang Zhang209,BNU,INNER_SEPAL,SepalC,1,UNRESOLVED_CODEBOOK,10.3389/fpls.2023.1234148,Table S4,G635,057a0aaa603cfa4d9683a2eac75e747cb14bd1294e541feb82483fe6bc160e45
Z2023_S4_R635,E. tianmenshanense,Epimedium tianmenshanense,SOURCE_NAME_NOT_ACCEPTED_TAXON_AUDIT,"Zhangjiajie, Hunan",C. Zhang Zhang209,BNU,PETAL_SPUR,SpurC,1,UNRESOLVED_CODEBOOK,10.3389/fpls.2023.1234148,Table S4,H635,057a0aaa603cfa4d9683a2eac75e747cb14bd1294e541feb82483fe6bc160e45
Z2023_S4_R636,E. tianmenshanense,Epimedium tianmenshanense,SOURCE_NAME_NOT_ACCEPTED_TAXON_AUDIT,"Zhangjiajie, Hunan",C. Zhang Zhang209,BNU,INNER_SEPAL,SepalC,1,UNRESOLVED_CODEBOOK,10.3389/fpls.2023.1234148,Table S4,G636,057a0aaa603cfa4d9683a2eac75e747cb14bd1294e541feb82483fe6bc160e45
Z2023_S4_R636,E. tianmenshanense,Epimedium tianmenshanense,SOURCE_NAME_NOT_ACCEPTED_TAXON_AUDIT,"Zhangjiajie, Hunan",C. Zhang Zhang209,BNU,PETAL_SPUR,SpurC,1,UNRESOLVED_CODEBOOK,10.3389/fpls.2023.1234148,Table S4,H636,057a0aaa603cfa4d9683a2eac75e747cb14bd1294e541feb82483fe6bc160e45
Z2023_S4_R637,E. tianmenshanense,Epimedium tianmenshanense,SOURCE_NAME_NOT_ACCEPTED_TAXON_AUDIT,"Zhangjiajie, Hunan",C. Zhang Zhang209,BNU,INNER_SEPAL,SepalC,1,UNRESOLVED_CODEBOOK,10.3389/fpls.2023.1234148,Table S4,G637,057a0aaa603cfa4d9683a2eac75e747cb14bd1294e541feb82483fe6bc160e45
Z2023_S4_R637,E. tianmenshanense,Epimedium tianmenshanense,SOURCE_NAME_NOT_ACCEPTED_TAXON_AUDIT,"Zhangjiajie, Hunan",C. Zhang Zhang209,BNU,PETAL_SPUR,SpurC,1,UNRESOLVED_CODEBOOK,10.3389/fpls.2023.1234148,Table S4,H637,057a0aaa603cfa4d9683a2eac75e747cb14bd1294e541feb82483fe6bc160e45
Z2023_S4_R638,E. tianmenshanense,Epimedium tianmenshanense,SOURCE_NAME_NOT_ACCEPTED_TAXON_AUDIT,"Zhangjiajie, Hunan",C. Zhang Zhang209,BNU,INNER_SEPAL,SepalC,1,UNRESOLVED_CODEBOOK,10.3389/fpls.2023.1234148,Table S4,G638,057a0aaa603cfa4d9683a2eac75e747cb14bd1294e541feb82483fe6bc160e45
Z2023_S4_R638,E. tianmenshanense,Epimedium tianmenshanense,SOURCE_NAME_NOT_ACCEPTED_TAXON_AUDIT,"Zhangjiajie, Hunan",C. Zhang Zhang209,BNU,PETAL_SPUR,SpurC,1,UNRESOLVED_CODEBOOK,10.3389/fpls.2023.1234148,Table S4,H638,057a0aaa603cfa4d9683a2eac75e747cb14bd1294e541feb82483fe6bc160e45
Z2023_S4_R639,E. tianmenshanense,Epimedium tianmenshanense,SOURCE_NAME_NOT_ACCEPTED_TAXON_AUDIT,"Zhangjiajie, Hunan",C. Zhang Zhang209,BNU,INNER_SEPAL,SepalC,1,UNRESOLVED_CODEBOOK,10.3389/fpls.2023.1234148,Table S4,G639,057a0aaa603cfa4d9683a2eac75e747cb14bd1294e541feb82483fe6bc160e45
Z2023_S4_R639,E. tianmenshanense,Epimedium tianmenshanense,SOURCE_NAME_NOT_ACCEPTED_TAXON_AUDIT,"Zhangjiajie, Hunan",C. Zhang Zhang209,BNU,PETAL_SPUR,SpurC,1,UNRESOLVED_CODEBOOK,10.3389/fpls.2023.1234148,Table S4,H639,057a0aaa603cfa4d9683a2eac75e747cb14bd1294e541feb82483fe6bc160e45
Z2023_S4_R640,E. tianmenshanense,Epimedium tianmenshanense,SOURCE_NAME_NOT_ACCEPTED_TAXON_AUDIT,"Zhangjiajie, Hunan",C. Zhang Zhang209,BNU,INNER_SEPAL,SepalC,1,UNRESOLVED_CODEBOOK,10.3389/fpls.2023.1234148,Table S4,G640,057a0aaa603cfa4d9683a2eac75e747cb14bd1294e541feb82483fe6bc160e45
Z2023_S4_R640,E. tianmenshanense,Epimedium tianmenshanense,SOURCE_NAME_NOT_ACCEPTED_TAXON_AUDIT,"Zhangjiajie, Hunan",C. Zhang Zhang209,BNU,PETAL_SPUR,SpurC,1,UNRESOLVED_CODEBOOK,10.3389/fpls.2023.1234148,Table S4,H640,057a0aaa603cfa4d9683a2eac75e747cb14bd1294e541feb82483fe6bc160e45
Z2023_S4_R641,E. truncatum,Epimedium truncatum,SOURCE_NAME_NOT_ACCEPTED_TAXON_AUDIT,"Baojing, Hunan",C. Zhang Zhang308,BNU,INNER_SEPAL,SepalC,0,UNRESOLVED_CODEBOOK,10.3389/fpls.2023.1234148,Table S4,G641,057a0aaa603cfa4d9683a2eac75e747cb14bd1294e541feb82483fe6bc160e45
Z2023_S4_R641,E. truncatum,Epimedium truncatum,SOURCE_NAME_NOT_ACCEPTED_TAXON_AUDIT,"Baojing, Hunan",C. Zhang Zhang308,BNU,PETAL_SPUR,SpurC,1,UNRESOLVED_CODEBOOK,10.3389/fpls.2023.1234148,Table S4,H641,057a0aaa603cfa4d9683a2eac75e747cb14bd1294e541feb82483fe6bc160e45
Z2023_S4_R642,E. truncatum,Epimedium truncatum,SOURCE_NAME_NOT_ACCEPTED_TAXON_AUDIT,"Baojing, Hunan",C. Zhang Zhang308,BNU,INNER_SEPAL,SepalC,0,UNRESOLVED_CODEBOOK,10.3389/fpls.2023.1234148,Table S4,G642,057a0aaa603cfa4d9683a2eac75e747cb14bd1294e541feb82483fe6bc160e45
Z2023_S4_R642,E. truncatum,Epimedium truncatum,SOURCE_NAME_NOT_ACCEPTED_TAXON_AUDIT,"Baojing, Hunan",C. Zhang Zhang308,BNU,PETAL_SPUR,SpurC,1,UNRESOLVED_CODEBOOK,10.3389/fpls.2023.1234148,Table S4,H642,057a0aaa603cfa4d9683a2eac75e747cb14bd1294e541feb82483fe6bc160e45
Z2023_S4_R643,E. truncatum,Epimedium truncatum,SOURCE_NAME_NOT_ACCEPTED_TAXON_AUDIT,"Baojing, Hunan",C. Zhang Zhang308,BNU,INNER_SEPAL,SepalC,0,UNRESOLVED_CODEBOOK,10.3389/fpls.2023.1234148,Table S4,G643,057a0aaa603cfa4d9683a2eac75e747cb14bd1294e541feb82483fe6bc160e45
Z2023_S4_R643,E. truncatum,Epimedium truncatum,SOURCE_NAME_NOT_ACCEPTED_TAXON_AUDIT,"Baojing, Hunan",C. Zhang Zhang308,BNU,PETAL_SPUR,SpurC,1,UNRESOLVED_CODEBOOK,10.3389/fpls.2023.1234148,Table S4,H643,057a0aaa603cfa4d9683a2eac75e747cb14bd1294e541feb82483fe6bc160e45
Z2023_S4_R644,E. truncatum,Epimedium truncatum,SOURCE_NAME_NOT_ACCEPTED_TAXON_AUDIT,"Baojing, Hunan",C. Zhang Zhang308,BNU,INNER_SEPAL,SepalC,0,UNRESOLVED_CODEBOOK,10.3389/fpls.2023.1234148,Table S4,G644,057a0aaa603cfa4d9683a2eac75e747cb14bd1294e541feb82483fe6bc160e45
Z2023_S4_R644,E. truncatum,Epimedium truncatum,SOURCE_NAME_NOT_ACCEPTED_TAXON_AUDIT,"Baojing, Hunan",C. Zhang Zhang308,BNU,PETAL_SPUR,SpurC,1,UNRESOLVED_CODEBOOK,10.3389/fpls.2023.1234148,Table S4,H644,057a0aaa603cfa4d9683a2eac75e747cb14bd1294e541feb82483fe6bc160e45
Z2023_S4_R645,E. truncatum,Epimedium truncatum,SOURCE_NAME_NOT_ACCEPTED_TAXON_AUDIT,"Baojing, Hunan",C. Zhang Zhang308,BNU,INNER_SEPAL,SepalC,0,UNRESOLVED_CODEBOOK,10.3389/fpls.2023.1234148,Table S4,G645,057a0aaa603cfa4d9683a2eac75e747cb14bd1294e541feb82483fe6bc160e45
Z2023_S4_R645,E. truncatum,Epimedium truncatum,SOURCE_NAME_NOT_ACCEPTED_TAXON_AUDIT,"Baojing, Hunan",C. Zhang Zhang308,BNU,PETAL_SPUR,SpurC,1,UNRESOLVED_CODEBOOK,10.3389/fpls.2023.1234148,Table S4,H645,057a0aaa603cfa4d9683a2eac75e747cb14bd1294e541feb82483fe6bc160e45
Z2023_S4_R646,E. truncatum,Epimedium truncatum,SOURCE_NAME_NOT_ACCEPTED_TAXON_AUDIT,"Baojing, Hunan",C. Zhang Zhang308,BNU,INNER_SEPAL,SepalC,0,UNRESOLVED_CODEBOOK,10.3389/fpls.2023.1234148,Table S4,G646,057a0aaa603cfa4d9683a2eac75e747cb14bd1294e541feb82483fe6bc160e45
Z2023_S4_R646,E. truncatum,Epimedium truncatum,SOURCE_NAME_NOT_ACCEPTED_TAXON_AUDIT,"Baojing, Hunan",C. Zhang Zhang308,BNU,PETAL_SPUR,SpurC,1,UNRESOLVED_CODEBOOK,10.3389/fpls.2023.1234148,Table S4,H646,057a0aaa603cfa4d9683a2eac75e747cb14bd1294e541feb82483fe6bc160e45
Z2023_S4_R647,E. truncatum,Epimedium truncatum,SOURCE_NAME_NOT_ACCEPTED_TAXON_AUDIT,"Baojing, Hunan",C. Zhang Zhang308,BNU,INNER_SEPAL,SepalC,0,UNRESOLVED_CODEBOOK,10.3389/fpls.2023.1234148,Table S4,G647,057a0aaa603cfa4d9683a2eac75e747cb14bd1294e541feb82483fe6bc160e45
Z2023_S4_R647,E. truncatum,Epimedium truncatum,SOURCE_NAME_NOT_ACCEPTED_TAXON_AUDIT,"Baojing, Hunan",C. Zhang Zhang308,BNU,PETAL_SPUR,SpurC,1,UNRESOLVED_CODEBOOK,10.3389/fpls.2023.1234148,Table S4,H647,057a0aaa603cfa4d9683a2eac75e747cb14bd1294e541feb82483fe6bc160e45
Z2023_S4_R648,E. wushanense,Epimedium wushanense,SOURCE_NAME_NOT_ACCEPTED_TAXON_AUDIT,"Shennongjia, Hubei",C. Zhang Zhang191,BNU,INNER_SEPAL,SepalC,1,UNRESOLVED_CODEBOOK,10.3389/fpls.2023.1234148,Table S4,G648,057a0aaa603cfa4d9683a2eac75e747cb14bd1294e541feb82483fe6bc160e45
Z2023_S4_R648,E. wushanense,Epimedium wushanense,SOURCE_NAME_NOT_ACCEPTED_TAXON_AUDIT,"Shennongjia, Hubei",C. Zhang Zhang191,BNU,PETAL_SPUR,SpurC,1,UNRESOLVED_CODEBOOK,10.3389/fpls.2023.1234148,Table S4,H648,057a0aaa603cfa4d9683a2eac75e747cb14bd1294e541feb82483fe6bc160e45
Z2023_S4_R649,E. wushanense,Epimedium wushanense,SOURCE_NAME_NOT_ACCEPTED_TAXON_AUDIT,"Shennongjia, Hubei",C. Zhang Zhang191,BNU,INNER_SEPAL,SepalC,1,UNRESOLVED_CODEBOOK,10.3389/fpls.2023.1234148,Table S4,G649,057a0aaa603cfa4d9683a2eac75e747cb14bd1294e541feb82483fe6bc160e45
Z2023_S4_R649,E. wushanense,Epimedium wushanense,SOURCE_NAME_NOT_ACCEPTED_TAXON_AUDIT,"Shennongjia, Hubei",C. Zhang Zhang191,BNU,PETAL_SPUR,SpurC,1,UNRESOLVED_CODEBOOK,10.3389/fpls.2023.1234148,Table S4,H649,057a0aaa603cfa4d9683a2eac75e747cb14bd1294e541feb82483fe6bc160e45
Z2023_S4_R650,E. wushanense,Epimedium wushanense,SOURCE_NAME_NOT_ACCEPTED_TAXON_AUDIT,"Shennongjia, Hubei",C. Zhang Zhang191,BNU,INNER_SEPAL,SepalC,1,UNRESOLVED_CODEBOOK,10.3389/fpls.2023.1234148,Table S4,G650,057a0aaa603cfa4d9683a2eac75e747cb14bd1294e541feb82483fe6bc160e45
Z2023_S4_R650,E. wushanense,Epimedium wushanense,SOURCE_NAME_NOT_ACCEPTED_TAXON_AUDIT,"Shennongjia, Hubei",C. Zhang Zhang191,BNU,PETAL_SPUR,SpurC,1,UNRESOLVED_CODEBOOK,10.3389/fpls.2023.1234148,Table S4,H650,057a0aaa603cfa4d9683a2eac75e747cb14bd1294e541feb82483fe6bc160e45
Z2023_S4_R651,E. wushanense,Epimedium wushanense,SOURCE_NAME_NOT_ACCEPTED_TAXON_AUDIT,"Shennongjia, Hubei",C. Zhang Zhang191,BNU,INNER_SEPAL,SepalC,1,UNRESOLVED_CODEBOOK,10.3389/fpls.2023.1234148,Table S4,G651,057a0aaa603cfa4d9683a2eac75e747cb14bd1294e541feb82483fe6bc160e45
Z2023_S4_R651,E. wushanense,Epimedium wushanense,SOURCE_NAME_NOT_ACCEPTED_TAXON_AUDIT,"Shennongjia, Hubei",C. Zhang Zhang191,BNU,PETAL_SPUR,SpurC,1,UNRESOLVED_CODEBOOK,10.3389/fpls.2023.1234148,Table S4,H651,057a0aaa603cfa4d9683a2eac75e747cb14bd1294e541feb82483fe6bc160e45
Z2023_S4_R652,E. wushanense,Epimedium wushanense,SOURCE_NAME_NOT_ACCEPTED_TAXON_AUDIT,"Shennongjia, Hubei",C. Zhang Zhang191,BNU,INNER_SEPAL,SepalC,1,UNRESOLVED_CODEBOOK,10.3389/fpls.2023.1234148,Table S4,G652,057a0aaa603cfa4d9683a2eac75e747cb14bd1294e541feb82483fe6bc160e45
Z2023_S4_R652,E. wushanense,Epimedium wushanense,SOURCE_NAME_NOT_ACCEPTED_TAXON_AUDIT,"Shennongjia, Hubei",C. Zhang Zhang191,BNU,PETAL_SPUR,SpurC,1,UNRESOLVED_CODEBOOK,10.3389/fpls.2023.1234148,Table S4,H652,057a0aaa603cfa4d9683a2eac75e747cb14bd1294e541feb82483fe6bc160e45
Z2023_S4_R653,E. wushanense,Epimedium wushanense,SOURCE_NAME_NOT_ACCEPTED_TAXON_AUDIT,"Shennongjia, Hubei",C. Zhang Zhang191,BNU,INNER_SEPAL,SepalC,1,UNRESOLVED_CODEBOOK,10.3389/fpls.2023.1234148,Table S4,G653,057a0aaa603cfa4d9683a2eac75e747cb14bd1294e541feb82483fe6bc160e45
Z2023_S4_R653,E. wushanense,Epimedium wushanense,SOURCE_NAME_NOT_ACCEPTED_TAXON_AUDIT,"Shennongjia, Hubei",C. Zhang Zhang191,BNU,PETAL_SPUR,SpurC,1,UNRESOLVED_CODEBOOK,10.3389/fpls.2023.1234148,Table S4,H653,057a0aaa603cfa4d9683a2eac75e747cb14bd1294e541feb82483fe6bc160e45
Z2023_S4_R654,E. wushanense,Epimedium wushanense,SOURCE_NAME_NOT_ACCEPTED_TAXON_AUDIT,"Shennongjia, Hubei",C. Zhang Zhang191,BNU,INNER_SEPAL,SepalC,1,UNRESOLVED_CODEBOOK,10.3389/fpls.2023.1234148,Table S4,G654,057a0aaa603cfa4d9683a2eac75e747cb14bd1294e541feb82483fe6bc160e45
Z2023_S4_R654,E. wushanense,Epimedium wushanense,SOURCE_NAME_NOT_ACCEPTED_TAXON_AUDIT,"Shennongjia, Hubei",C. Zhang Zhang191,BNU,PETAL_SPUR,SpurC,1,UNRESOLVED_CODEBOOK,10.3389/fpls.2023.1234148,Table S4,H654,057a0aaa603cfa4d9683a2eac75e747cb14bd1294e541feb82483fe6bc160e45
Z2023_S4_R655,E. wushanense,Epimedium wushanense,SOURCE_NAME_NOT_ACCEPTED_TAXON_AUDIT,"Shennongjia, Hubei",C. Zhang Zhang191,BNU,INNER_SEPAL,SepalC,1,UNRESOLVED_CODEBOOK,10.3389/fpls.2023.1234148,Table S4,G655,057a0aaa603cfa4d9683a2eac75e747cb14bd1294e541feb82483fe6bc160e45
Z2023_S4_R655,E. wushanense,Epimedium wushanense,SOURCE_NAME_NOT_ACCEPTED_TAXON_AUDIT,"Shennongjia, Hubei",C. Zhang Zhang191,BNU,PETAL_SPUR,SpurC,1,UNRESOLVED_CODEBOOK,10.3389/fpls.2023.1234148,Table S4,H655,057a0aaa603cfa4d9683a2eac75e747cb14bd1294e541feb82483fe6bc160e45
Z2023_S4_R656,E. wushanense,Epimedium wushanense,SOURCE_NAME_NOT_ACCEPTED_TAXON_AUDIT,"Shennongjia, Hubei",C. Zhang Zhang191,BNU,INNER_SEPAL,SepalC,1,UNRESOLVED_CODEBOOK,10.3389/fpls.2023.1234148,Table S4,G656,057a0aaa603cfa4d9683a2eac75e747cb14bd1294e541feb82483fe6bc160e45
Z2023_S4_R656,E. wushanense,Epimedium wushanense,SOURCE_NAME_NOT_ACCEPTED_TAXON_AUDIT,"Shennongjia, Hubei",C. Zhang Zhang191,BNU,PETAL_SPUR,SpurC,1,UNRESOLVED_CODEBOOK,10.3389/fpls.2023.1234148,Table S4,H656,057a0aaa603cfa4d9683a2eac75e747cb14bd1294e541feb82483fe6bc160e45
Z2023_S4_R657,E. wushanense,Epimedium wushanense,SOURCE_NAME_NOT_ACCEPTED_TAXON_AUDIT,"Shennongjia, Hubei",C. Zhang Zhang191,BNU,INNER_SEPAL,SepalC,1,UNRESOLVED_CODEBOOK,10.3389/fpls.2023.1234148,Table S4,G657,057a0aaa603cfa4d9683a2eac75e747cb14bd1294e541feb82483fe6bc160e45
Z2023_S4_R657,E. wushanense,Epimedium wushanense,SOURCE_NAME_NOT_ACCEPTED_TAXON_AUDIT,"Shennongjia, Hubei",C. Zhang Zhang191,BNU,PETAL_SPUR,SpurC,1,UNRESOLVED_CODEBOOK,10.3389/fpls.2023.1234148,Table S4,H657,057a0aaa603cfa4d9683a2eac75e747cb14bd1294e541feb82483fe6bc160e45
Z2023_S4_R658,E. wushanense,Epimedium wushanense,SOURCE_NAME_NOT_ACCEPTED_TAXON_AUDIT,"Shennongjia, Hubei",C. Zhang Zhang191,BNU,INNER_SEPAL,SepalC,1,UNRESOLVED_CODEBOOK,10.3389/fpls.2023.1234148,Table S4,G658,057a0aaa603cfa4d9683a2eac75e747cb14bd1294e541feb82483fe6bc160e45
Z2023_S4_R658,E. wushanense,Epimedium wushanense,SOURCE_NAME_NOT_ACCEPTED_TAXON_AUDIT,"Shennongjia, Hubei",C. Zhang Zhang191,BNU,PETAL_SPUR,SpurC,1,UNRESOLVED_CODEBOOK,10.3389/fpls.2023.1234148,Table S4,H658,057a0aaa603cfa4d9683a2eac75e747cb14bd1294e541feb82483fe6bc160e45
Z2023_S4_R659,E. wushanense,Epimedium wushanense,SOURCE_NAME_NOT_ACCEPTED_TAXON_AUDIT,"Shennongjia, Hubei",C. Zhang Zhang191,BNU,INNER_SEPAL,SepalC,1,UNRESOLVED_CODEBOOK,10.3389/fpls.2023.1234148,Table S4,G659,057a0aaa603cfa4d9683a2eac75e747cb14bd1294e541feb82483fe6bc160e45
Z2023_S4_R659,E. wushanense,Epimedium wushanense,SOURCE_NAME_NOT_ACCEPTED_TAXON_AUDIT,"Shennongjia, Hubei",C. Zhang Zhang191,BNU,PETAL_SPUR,SpurC,1,UNRESOLVED_CODEBOOK,10.3389/fpls.2023.1234148,Table S4,H659,057a0aaa603cfa4d9683a2eac75e747cb14bd1294e541feb82483fe6bc160e45
Z2023_S4_R660,E. wushanense,Epimedium wushanense,SOURCE_NAME_NOT_ACCEPTED_TAXON_AUDIT,"Shennongjia, Hubei",C. Zhang Zhang191,BNU,INNER_SEPAL,SepalC,1,UNRESOLVED_CODEBOOK,10.3389/fpls.2023.1234148,Table S4,G660,057a0aaa603cfa4d9683a2eac75e747cb14bd1294e541feb82483fe6bc160e45
Z2023_S4_R660,E. wushanense,Epimedium wushanense,SOURCE_NAME_NOT_ACCEPTED_TAXON_AUDIT,"Shennongjia, Hubei",C. Zhang Zhang191,BNU,PETAL_SPUR,SpurC,1,UNRESOLVED_CODEBOOK,10.3389/fpls.2023.1234148,Table S4,H660,057a0aaa603cfa4d9683a2eac75e747cb14bd1294e541feb82483fe6bc160e45
Z2023_S4_R661,E. wushanense,Epimedium wushanense,SOURCE_NAME_NOT_ACCEPTED_TAXON_AUDIT,"Shennongjia, Hubei",C. Zhang Zhang191,BNU,INNER_SEPAL,SepalC,1,UNRESOLVED_CODEBOOK,10.3389/fpls.2023.1234148,Table S4,G661,057a0aaa603cfa4d9683a2eac75e747cb14bd1294e541feb82483fe6bc160e45
Z2023_S4_R661,E. wushanense,Epimedium wushanense,SOURCE_NAME_NOT_ACCEPTED_TAXON_AUDIT,"Shennongjia, Hubei",C. Zhang Zhang191,BNU,PETAL_SPUR,SpurC,1,UNRESOLVED_CODEBOOK,10.3389/fpls.2023.1234148,Table S4,H661,057a0aaa603cfa4d9683a2eac75e747cb14bd1294e541feb82483fe6bc160e45
Z2023_S4_R662,E. wushanense,Epimedium wushanense,SOURCE_NAME_NOT_ACCEPTED_TAXON_AUDIT,"Shennongjia, Hubei",C. Zhang Zhang191,BNU,INNER_SEPAL,SepalC,1,UNRESOLVED_CODEBOOK,10.3389/fpls.2023.1234148,Table S4,G662,057a0aaa603cfa4d9683a2eac75e747cb14bd1294e541feb82483fe6bc160e45
Z2023_S4_R662,E. wushanense,Epimedium wushanense,SOURCE_NAME_NOT_ACCEPTED_TAXON_AUDIT,"Shennongjia, Hubei",C. Zhang Zhang191,BNU,PETAL_SPUR,SpurC,1,UNRESOLVED_CODEBOOK,10.3389/fpls.2023.1234148,Table S4,H662,057a0aaa603cfa4d9683a2eac75e747cb14bd1294e541feb82483fe6bc160e45
Z2023_S4_R663,E. wushanense,Epimedium wushanense,SOURCE_NAME_NOT_ACCEPTED_TAXON_AUDIT,"Shennongjia, Hubei",C. Zhang Zhang191,BNU,INNER_SEPAL,SepalC,1,UNRESOLVED_CODEBOOK,10.3389/fpls.2023.1234148,Table S4,G663,057a0aaa603cfa4d9683a2eac75e747cb14bd1294e541feb82483fe6bc160e45
Z2023_S4_R663,E. wushanense,Epimedium wushanense,SOURCE_NAME_NOT_ACCEPTED_TAXON_AUDIT,"Shennongjia, Hubei",C. Zhang Zhang191,BNU,PETAL_SPUR,SpurC,1,UNRESOLVED_CODEBOOK,10.3389/fpls.2023.1234148,Table S4,H663,057a0aaa603cfa4d9683a2eac75e747cb14bd1294e541feb82483fe6bc160e45
Z2023_S4_R664,E. wushanense,Epimedium wushanense,SOURCE_NAME_NOT_ACCEPTED_TAXON_AUDIT,"Shennongjia, Hubei",C. Zhang Zhang191,BNU,INNER_SEPAL,SepalC,1,UNRESOLVED_CODEBOOK,10.3389/fpls.2023.1234148,Table S4,G664,057a0aaa603cfa4d9683a2eac75e747cb14bd1294e541feb82483fe6bc160e45
Z2023_S4_R664,E. wushanense,Epimedium wushanense,SOURCE_NAME_NOT_ACCEPTED_TAXON_AUDIT,"Shennongjia, Hubei",C. Zhang Zhang191,BNU,PETAL_SPUR,SpurC,1,UNRESOLVED_CODEBOOK,10.3389/fpls.2023.1234148,Table S4,H664,057a0aaa603cfa4d9683a2eac75e747cb14bd1294e541feb82483fe6bc160e45
Z2023_S4_R665,E. wushanense,Epimedium wushanense,SOURCE_NAME_NOT_ACCEPTED_TAXON_AUDIT,"Shennongjia, Hubei",C. Zhang Zhang191,BNU,INNER_SEPAL,SepalC,1,UNRESOLVED_CODEBOOK,10.3389/fpls.2023.1234148,Table S4,G665,057a0aaa603cfa4d9683a2eac75e747cb14bd1294e541feb82483fe6bc160e45
Z2023_S4_R665,E. wushanense,Epimedium wushanense,SOURCE_NAME_NOT_ACCEPTED_TAXON_AUDIT,"Shennongjia, Hubei",C. Zhang Zhang191,BNU,PETAL_SPUR,SpurC,1,UNRESOLVED_CODEBOOK,10.3389/fpls.2023.1234148,Table S4,H665,057a0aaa603cfa4d9683a2eac75e747cb14bd1294e541feb82483fe6bc160e45
Z2023_S4_R666,E. wushanense,Epimedium wushanense,SOURCE_NAME_NOT_ACCEPTED_TAXON_AUDIT,"Shennongjia, Hubei",C. Zhang Zhang191,BNU,INNER_SEPAL,SepalC,1,UNRESOLVED_CODEBOOK,10.3389/fpls.2023.1234148,Table S4,G666,057a0aaa603cfa4d9683a2eac75e747cb14bd1294e541feb82483fe6bc160e45
Z2023_S4_R666,E. wushanense,Epimedium wushanense,SOURCE_NAME_NOT_ACCEPTED_TAXON_AUDIT,"Shennongjia, Hubei",C. Zhang Zhang191,BNU,PETAL_SPUR,SpurC,1,UNRESOLVED_CODEBOOK,10.3389/fpls.2023.1234148,Table S4,H666,057a0aaa603cfa4d9683a2eac75e747cb14bd1294e541feb82483fe6bc160e45
Z2023_S4_R667,E. wushanense,Epimedium wushanense,SOURCE_NAME_NOT_ACCEPTED_TAXON_AUDIT,"Shennongjia, Hubei",C. Zhang Zhang191,BNU,INNER_SEPAL,SepalC,1,UNRESOLVED_CODEBOOK,10.3389/fpls.2023.1234148,Table S4,G667,057a0aaa603cfa4d9683a2eac75e747cb14bd1294e541feb82483fe6bc160e45
Z2023_S4_R667,E. wushanense,Epimedium wushanense,SOURCE_NAME_NOT_ACCEPTED_TAXON_AUDIT,"Shennongjia, Hubei",C. Zhang Zhang191,BNU,PETAL_SPUR,SpurC,1,UNRESOLVED_CODEBOOK,10.3389/fpls.2023.1234148,Table S4,H667,057a0aaa603cfa4d9683a2eac75e747cb14bd1294e541feb82483fe6bc160e45
Z2023_S4_R668,E. wushanense,Epimedium wushanense,SOURCE_NAME_NOT_ACCEPTED_TAXON_AUDIT,"Shennongjia, Hubei",C. Zhang Zhang191,BNU,INNER_SEPAL,SepalC,1,UNRESOLVED_CODEBOOK,10.3389/fpls.2023.1234148,Table S4,G668,057a0aaa603cfa4d9683a2eac75e747cb14bd1294e541feb82483fe6bc160e45
Z2023_S4_R668,E. wushanense,Epimedium wushanense,SOURCE_NAME_NOT_ACCEPTED_TAXON_AUDIT,"Shennongjia, Hubei",C. Zhang Zhang191,BNU,PETAL_SPUR,SpurC,1,UNRESOLVED_CODEBOOK,10.3389/fpls.2023.1234148,Table S4,H668,057a0aaa603cfa4d9683a2eac75e747cb14bd1294e541feb82483fe6bc160e45
Z2023_S4_R669,E. wushanense,Epimedium wushanense,SOURCE_NAME_NOT_ACCEPTED_TAXON_AUDIT,"Shennongjia, Hubei",C. Zhang Zhang191,BNU,INNER_SEPAL,SepalC,1,UNRESOLVED_CODEBOOK,10.3389/fpls.2023.1234148,Table S4,G669,057a0aaa603cfa4d9683a2eac75e747cb14bd1294e541feb82483fe6bc160e45
Z2023_S4_R669,E. wushanense,Epimedium wushanense,SOURCE_NAME_NOT_ACCEPTED_TAXON_AUDIT,"Shennongjia, Hubei",C. Zhang Zhang191,BNU,PETAL_SPUR,SpurC,1,UNRESOLVED_CODEBOOK,10.3389/fpls.2023.1234148,Table S4,H669,057a0aaa603cfa4d9683a2eac75e747cb14bd1294e541feb82483fe6bc160e45
Z2023_S4_R670,E. wushanense,Epimedium wushanense,SOURCE_NAME_NOT_ACCEPTED_TAXON_AUDIT,"Shennongjia, Hubei",C. Zhang Zhang191,BNU,INNER_SEPAL,SepalC,1,UNRESOLVED_CODEBOOK,10.3389/fpls.2023.1234148,Table S4,G670,057a0aaa603cfa4d9683a2eac75e747cb14bd1294e541feb82483fe6bc160e45
Z2023_S4_R670,E. wushanense,Epimedium wushanense,SOURCE_NAME_NOT_ACCEPTED_TAXON_AUDIT,"Shennongjia, Hubei",C. Zhang Zhang191,BNU,PETAL_SPUR,SpurC,1,UNRESOLVED_CODEBOOK,10.3389/fpls.2023.1234148,Table S4,H670,057a0aaa603cfa4d9683a2eac75e747cb14bd1294e541feb82483fe6bc160e45
Z2023_S4_R671,E. wushanense,Epimedium wushanense,SOURCE_NAME_NOT_ACCEPTED_TAXON_AUDIT,"Shennongjia, Hubei",C. Zhang Zhang191,BNU,INNER_SEPAL,SepalC,1,UNRESOLVED_CODEBOOK,10.3389/fpls.2023.1234148,Table S4,G671,057a0aaa603cfa4d9683a2eac75e747cb14bd1294e541feb82483fe6bc160e45
Z2023_S4_R671,E. wushanense,Epimedium wushanense,SOURCE_NAME_NOT_ACCEPTED_TAXON_AUDIT,"Shennongjia, Hubei",C. Zhang Zhang191,BNU,PETAL_SPUR,SpurC,1,UNRESOLVED_CODEBOOK,10.3389/fpls.2023.1234148,Table S4,H671,057a0aaa603cfa4d9683a2eac75e747cb14bd1294e541feb82483fe6bc160e45
Z2023_S4_R672,E. wushanense,Epimedium wushanense,SOURCE_NAME_NOT_ACCEPTED_TAXON_AUDIT,"Shennongjia, Hubei",C. Zhang Zhang191,BNU,INNER_SEPAL,SepalC,1,UNRESOLVED_CODEBOOK,10.3389/fpls.2023.1234148,Table S4,G672,057a0aaa603cfa4d9683a2eac75e747cb14bd1294e541feb82483fe6bc160e45
Z2023_S4_R672,E. wushanense,Epimedium wushanense,SOURCE_NAME_NOT_ACCEPTED_TAXON_AUDIT,"Shennongjia, Hubei",C. Zhang Zhang191,BNU,PETAL_SPUR,SpurC,1,UNRESOLVED_CODEBOOK,10.3389/fpls.2023.1234148,Table S4,H672,057a0aaa603cfa4d9683a2eac75e747cb14bd1294e541feb82483fe6bc160e45
Z2023_S4_R673,E. wushanense,Epimedium wushanense,SOURCE_NAME_NOT_ACCEPTED_TAXON_AUDIT,"Shennongjia, Hubei",C. Zhang Zhang191,BNU,INNER_SEPAL,SepalC,1,UNRESOLVED_CODEBOOK,10.3389/fpls.2023.1234148,Table S4,G673,057a0aaa603cfa4d9683a2eac75e747cb14bd1294e541feb82483fe6bc160e45
Z2023_S4_R673,E. wushanense,Epimedium wushanense,SOURCE_NAME_NOT_ACCEPTED_TAXON_AUDIT,"Shennongjia, Hubei",C. Zhang Zhang191,BNU,PETAL_SPUR,SpurC,1,UNRESOLVED_CODEBOOK,10.3389/fpls.2023.1234148,Table S4,H673,057a0aaa603cfa4d9683a2eac75e747cb14bd1294e541feb82483fe6bc160e45
Z2023_S4_R674,E. wushanense,Epimedium wushanense,SOURCE_NAME_NOT_ACCEPTED_TAXON_AUDIT,"Shennongjia, Hubei",C. Zhang Zhang191,BNU,INNER_SEPAL,SepalC,1,UNRESOLVED_CODEBOOK,10.3389/fpls.2023.1234148,Table S4,G674,057a0aaa603cfa4d9683a2eac75e747cb14bd1294e541feb82483fe6bc160e45
Z2023_S4_R674,E. wushanense,Epimedium wushanense,SOURCE_NAME_NOT_ACCEPTED_TAXON_AUDIT,"Shennongjia, Hubei",C. Zhang Zhang191,BNU,PETAL_SPUR,SpurC,1,UNRESOLVED_CODEBOOK,10.3389/fpls.2023.1234148,Table S4,H674,057a0aaa603cfa4d9683a2eac75e747cb14bd1294e541feb82483fe6bc160e45
Z2023_S4_R675,E. wushanense,Epimedium wushanense,SOURCE_NAME_NOT_ACCEPTED_TAXON_AUDIT,"Shennongjia, Hubei",C. Zhang Zhang191,BNU,INNER_SEPAL,SepalC,1,UNRESOLVED_CODEBOOK,10.3389/fpls.2023.1234148,Table S4,G675,057a0aaa603cfa4d9683a2eac75e747cb14bd1294e541feb82483fe6bc160e45
Z2023_S4_R675,E. wushanense,Epimedium wushanense,SOURCE_NAME_NOT_ACCEPTED_TAXON_AUDIT,"Shennongjia, Hubei",C. Zhang Zhang191,BNU,PETAL_SPUR,SpurC,1,UNRESOLVED_CODEBOOK,10.3389/fpls.2023.1234148,Table S4,H675,057a0aaa603cfa4d9683a2eac75e747cb14bd1294e541feb82483fe6bc160e45
Z2023_S4_R676,E. xichangense,Epimedium xichangense,SOURCE_NAME_NOT_ACCEPTED_TAXON_AUDIT,"Xichang, Sichuan",C. Zhang Zhang302,BNU,INNER_SEPAL,SepalC,2,UNRESOLVED_CODEBOOK,10.3389/fpls.2023.1234148,Table S4,G676,057a0aaa603cfa4d9683a2eac75e747cb14bd1294e541feb82483fe6bc160e45
Z2023_S4_R676,E. xichangense,Epimedium xichangense,SOURCE_NAME_NOT_ACCEPTED_TAXON_AUDIT,"Xichang, Sichuan",C. Zhang Zhang302,BNU,PETAL_SPUR,SpurC,1,UNRESOLVED_CODEBOOK,10.3389/fpls.2023.1234148,Table S4,H676,057a0aaa603cfa4d9683a2eac75e747cb14bd1294e541feb82483fe6bc160e45
Z2023_S4_R677,E. xichangense,Epimedium xichangense,SOURCE_NAME_NOT_ACCEPTED_TAXON_AUDIT,"Xichang, Sichuan",C. Zhang Zhang302,BNU,INNER_SEPAL,SepalC,2,UNRESOLVED_CODEBOOK,10.3389/fpls.2023.1234148,Table S4,G677,057a0aaa603cfa4d9683a2eac75e747cb14bd1294e541feb82483fe6bc160e45
Z2023_S4_R677,E. xichangense,Epimedium xichangense,SOURCE_NAME_NOT_ACCEPTED_TAXON_AUDIT,"Xichang, Sichuan",C. Zhang Zhang302,BNU,PETAL_SPUR,SpurC,1,UNRESOLVED_CODEBOOK,10.3389/fpls.2023.1234148,Table S4,H677,057a0aaa603cfa4d9683a2eac75e747cb14bd1294e541feb82483fe6bc160e45
Z2023_S4_R678,E. xichangense,Epimedium xichangense,SOURCE_NAME_NOT_ACCEPTED_TAXON_AUDIT,"Xichang, Sichuan",C. Zhang Zhang302,BNU,INNER_SEPAL,SepalC,2,UNRESOLVED_CODEBOOK,10.3389/fpls.2023.1234148,Table S4,G678,057a0aaa603cfa4d9683a2eac75e747cb14bd1294e541feb82483fe6bc160e45
Z2023_S4_R678,E. xichangense,Epimedium xichangense,SOURCE_NAME_NOT_ACCEPTED_TAXON_AUDIT,"Xichang, Sichuan",C. Zhang Zhang302,BNU,PETAL_SPUR,SpurC,1,UNRESOLVED_CODEBOOK,10.3389/fpls.2023.1234148,Table S4,H678,057a0aaa603cfa4d9683a2eac75e747cb14bd1294e541feb82483fe6bc160e45
Z2023_S4_R679,E. xichangense,Epimedium xichangense,SOURCE_NAME_NOT_ACCEPTED_TAXON_AUDIT,"Xichang, Sichuan",C. Zhang Zhang302,BNU,INNER_SEPAL,SepalC,2,UNRESOLVED_CODEBOOK,10.3389/fpls.2023.1234148,Table S4,G679,057a0aaa603cfa4d9683a2eac75e747cb14bd1294e541feb82483fe6bc160e45
Z2023_S4_R679,E. xichangense,Epimedium xichangense,SOURCE_NAME_NOT_ACCEPTED_TAXON_AUDIT,"Xichang, Sichuan",C. Zhang Zhang302,BNU,PETAL_SPUR,SpurC,1,UNRESOLVED_CODEBOOK,10.3389/fpls.2023.1234148,Table S4,H679,057a0aaa603cfa4d9683a2eac75e747cb14bd1294e541feb82483fe6bc160e45
Z2023_S4_R680,E. xichangense,Epimedium xichangense,SOURCE_NAME_NOT_ACCEPTED_TAXON_AUDIT,"Xichang, Sichuan",C. Zhang Zhang302,BNU,INNER_SEPAL,SepalC,2,UNRESOLVED_CODEBOOK,10.3389/fpls.2023.1234148,Table S4,G680,057a0aaa603cfa4d9683a2eac75e747cb14bd1294e541feb82483fe6bc160e45
Z2023_S4_R680,E. xichangense,Epimedium xichangense,SOURCE_NAME_NOT_ACCEPTED_TAXON_AUDIT,"Xichang, Sichuan",C. Zhang Zhang302,BNU,PETAL_SPUR,SpurC,1,UNRESOLVED_CODEBOOK,10.3389/fpls.2023.1234148,Table S4,H680,057a0aaa603cfa4d9683a2eac75e747cb14bd1294e541feb82483fe6bc160e45
Z2023_S4_R681,E. xichangense,Epimedium xichangense,SOURCE_NAME_NOT_ACCEPTED_TAXON_AUDIT,"Xichang, Sichuan",C. Zhang Zhang302,BNU,INNER_SEPAL,SepalC,2,UNRESOLVED_CODEBOOK,10.3389/fpls.2023.1234148,Table S4,G681,057a0aaa603cfa4d9683a2eac75e747cb14bd1294e541feb82483fe6bc160e45
Z2023_S4_R681,E. xichangense,Epimedium xichangense,SOURCE_NAME_NOT_ACCEPTED_TAXON_AUDIT,"Xichang, Sichuan",C. Zhang Zhang302,BNU,PETAL_SPUR,SpurC,1,UNRESOLVED_CODEBOOK,10.3389/fpls.2023.1234148,Table S4,H681,057a0aaa603cfa4d9683a2eac75e747cb14bd1294e541feb82483fe6bc160e45
Z2023_S4_R682,E. xichangense,Epimedium xichangense,SOURCE_NAME_NOT_ACCEPTED_TAXON_AUDIT,"Xichang, Sichuan",C. Zhang Zhang302,BNU,INNER_SEPAL,SepalC,2,UNRESOLVED_CODEBOOK,10.3389/fpls.2023.1234148,Table S4,G682,057a0aaa603cfa4d9683a2eac75e747cb14bd1294e541feb82483fe6bc160e45
Z2023_S4_R682,E. xichangense,Epimedium xichangense,SOURCE_NAME_NOT_ACCEPTED_TAXON_AUDIT,"Xichang, Sichuan",C. Zhang Zhang302,BNU,PETAL_SPUR,SpurC,1,UNRESOLVED_CODEBOOK,10.3389/fpls.2023.1234148,Table S4,H682,057a0aaa603cfa4d9683a2eac75e747cb14bd1294e541feb82483fe6bc160e45
Z2023_S4_R683,E. xichangense,Epimedium xichangense,SOURCE_NAME_NOT_ACCEPTED_TAXON_AUDIT,"Xichang, Sichuan",C. Zhang Zhang302,BNU,INNER_SEPAL,SepalC,2,UNRESOLVED_CODEBOOK,10.3389/fpls.2023.1234148,Table S4,G683,057a0aaa603cfa4d9683a2eac75e747cb14bd1294e541feb82483fe6bc160e45
Z2023_S4_R683,E. xichangense,Epimedium xichangense,SOURCE_NAME_NOT_ACCEPTED_TAXON_AUDIT,"Xichang, Sichuan",C. Zhang Zhang302,BNU,PETAL_SPUR,SpurC,1,UNRESOLVED_CODEBOOK,10.3389/fpls.2023.1234148,Table S4,H683,057a0aaa603cfa4d9683a2eac75e747cb14bd1294e541feb82483fe6bc160e45
Z2023_S4_R684,E. xichangense,Epimedium xichangense,SOURCE_NAME_NOT_ACCEPTED_TAXON_AUDIT,"Xichang, Sichuan",C. Zhang Zhang302,BNU,INNER_SEPAL,SepalC,2,UNRESOLVED_CODEBOOK,10.3389/fpls.2023.1234148,Table S4,G684,057a0aaa603cfa4d9683a2eac75e747cb14bd1294e541feb82483fe6bc160e45
Z2023_S4_R684,E. xichangense,Epimedium xichangense,SOURCE_NAME_NOT_ACCEPTED_TAXON_AUDIT,"Xichang, Sichuan",C. Zhang Zhang302,BNU,PETAL_SPUR,SpurC,1,UNRESOLVED_CODEBOOK,10.3389/fpls.2023.1234148,Table S4,H684,057a0aaa603cfa4d9683a2eac75e747cb14bd1294e541feb82483fe6bc160e45
Z2023_S4_R685,E. xichangense,Epimedium xichangense,SOURCE_NAME_NOT_ACCEPTED_TAXON_AUDIT,"Xichang, Sichuan",C. Zhang Zhang302,BNU,INNER_SEPAL,SepalC,2,UNRESOLVED_CODEBOOK,10.3389/fpls.2023.1234148,Table S4,G685,057a0aaa603cfa4d9683a2eac75e747cb14bd1294e541feb82483fe6bc160e45
Z2023_S4_R685,E. xichangense,Epimedium xichangense,SOURCE_NAME_NOT_ACCEPTED_TAXON_AUDIT,"Xichang, Sichuan",C. Zhang Zhang302,BNU,PETAL_SPUR,SpurC,1,UNRESOLVED_CODEBOOK,10.3389/fpls.2023.1234148,Table S4,H685,057a0aaa603cfa4d9683a2eac75e747cb14bd1294e541feb82483fe6bc160e45
Z2023_S4_R686,E. xichangense,Epimedium xichangense,SOURCE_NAME_NOT_ACCEPTED_TAXON_AUDIT,"Xichang, Sichuan",C. Zhang Zhang302,BNU,INNER_SEPAL,SepalC,2,UNRESOLVED_CODEBOOK,10.3389/fpls.2023.1234148,Table S4,G686,057a0aaa603cfa4d9683a2eac75e747cb14bd1294e541feb82483fe6bc160e45
Z2023_S4_R686,E. xichangense,Epimedium xichangense,SOURCE_NAME_NOT_ACCEPTED_TAXON_AUDIT,"Xichang, Sichuan",C. Zhang Zhang302,BNU,PETAL_SPUR,SpurC,1,UNRESOLVED_CODEBOOK,10.3389/fpls.2023.1234148,Table S4,H686,057a0aaa603cfa4d9683a2eac75e747cb14bd1294e541feb82483fe6bc160e45
Z2023_S4_R687,E. xichangense,Epimedium xichangense,SOURCE_NAME_NOT_ACCEPTED_TAXON_AUDIT,"Xichang, Sichuan",C. Zhang Zhang302,BNU,INNER_SEPAL,SepalC,2,UNRESOLVED_CODEBOOK,10.3389/fpls.2023.1234148,Table S4,G687,057a0aaa603cfa4d9683a2eac75e747cb14bd1294e541feb82483fe6bc160e45
Z2023_S4_R687,E. xichangense,Epimedium xichangense,SOURCE_NAME_NOT_ACCEPTED_TAXON_AUDIT,"Xichang, Sichuan",C. Zhang Zhang302,BNU,PETAL_SPUR,SpurC,1,UNRESOLVED_CODEBOOK,10.3389/fpls.2023.1234148,Table S4,H687,057a0aaa603cfa4d9683a2eac75e747cb14bd1294e541feb82483fe6bc160e45
Z2023_S4_R688,E. yinjiangense,Epimedium yinjiangense,SOURCE_NAME_NOT_ACCEPTED_TAXON_AUDIT,"Yinjiang, Guizhou",C. Zhang Zhang297,BNU,INNER_SEPAL,SepalC,1,UNRESOLVED_CODEBOOK,10.3389/fpls.2023.1234148,Table S4,G688,057a0aaa603cfa4d9683a2eac75e747cb14bd1294e541feb82483fe6bc160e45
Z2023_S4_R688,E. yinjiangense,Epimedium yinjiangense,SOURCE_NAME_NOT_ACCEPTED_TAXON_AUDIT,"Yinjiang, Guizhou",C. Zhang Zhang297,BNU,PETAL_SPUR,SpurC,1,UNRESOLVED_CODEBOOK,10.3389/fpls.2023.1234148,Table S4,H688,057a0aaa603cfa4d9683a2eac75e747cb14bd1294e541feb82483fe6bc160e45
Z2023_S4_R689,E. yinjiangense,Epimedium yinjiangense,SOURCE_NAME_NOT_ACCEPTED_TAXON_AUDIT,"Yinjiang, Guizhou",C. Zhang Zhang297,BNU,INNER_SEPAL,SepalC,1,UNRESOLVED_CODEBOOK,10.3389/fpls.2023.1234148,Table S4,G689,057a0aaa603cfa4d9683a2eac75e747cb14bd1294e541feb82483fe6bc160e45
Z2023_S4_R689,E. yinjiangense,Epimedium yinjiangense,SOURCE_NAME_NOT_ACCEPTED_TAXON_AUDIT,"Yinjiang, Guizhou",C. Zhang Zhang297,BNU,PETAL_SPUR,SpurC,1,UNRESOLVED_CODEBOOK,10.3389/fpls.2023.1234148,Table S4,H689,057a0aaa603cfa4d9683a2eac75e747cb14bd1294e541feb82483fe6bc160e45
Z2023_S4_R690,E. yinjiangense,Epimedium yinjiangense,SOURCE_NAME_NOT_ACCEPTED_TAXON_AUDIT,"Yinjiang, Guizhou",C. Zhang Zhang297,BNU,INNER_SEPAL,SepalC,1,UNRESOLVED_CODEBOOK,10.3389/fpls.2023.1234148,Table S4,G690,057a0aaa603cfa4d9683a2eac75e747cb14bd1294e541feb82483fe6bc160e45
Z2023_S4_R690,E. yinjiangense,Epimedium yinjiangense,SOURCE_NAME_NOT_ACCEPTED_TAXON_AUDIT,"Yinjiang, Guizhou",C. Zhang Zhang297,BNU,PETAL_SPUR,SpurC,1,UNRESOLVED_CODEBOOK,10.3389/fpls.2023.1234148,Table S4,H690,057a0aaa603cfa4d9683a2eac75e747cb14bd1294e541feb82483fe6bc160e45
Z2023_S4_R691,E. yinjiangense,Epimedium yinjiangense,SOURCE_NAME_NOT_ACCEPTED_TAXON_AUDIT,"Yinjiang, Guizhou",C. Zhang Zhang297,BNU,INNER_SEPAL,SepalC,1,UNRESOLVED_CODEBOOK,10.3389/fpls.2023.1234148,Table S4,G691,057a0aaa603cfa4d9683a2eac75e747cb14bd1294e541feb82483fe6bc160e45
Z2023_S4_R691,E. yinjiangense,Epimedium yinjiangense,SOURCE_NAME_NOT_ACCEPTED_TAXON_AUDIT,"Yinjiang, Guizhou",C. Zhang Zhang297,BNU,PETAL_SPUR,SpurC,1,UNRESOLVED_CODEBOOK,10.3389/fpls.2023.1234148,Table S4,H691,057a0aaa603cfa4d9683a2eac75e747cb14bd1294e541feb82483fe6bc160e45
Z2023_S4_R692,E. yinjiangense,Epimedium yinjiangense,SOURCE_NAME_NOT_ACCEPTED_TAXON_AUDIT,"Yinjiang, Guizhou",C. Zhang Zhang297,BNU,INNER_SEPAL,SepalC,1,UNRESOLVED_CODEBOOK,10.3389/fpls.2023.1234148,Table S4,G692,057a0aaa603cfa4d9683a2eac75e747cb14bd1294e541feb82483fe6bc160e45
Z2023_S4_R692,E. yinjiangense,Epimedium yinjiangense,SOURCE_NAME_NOT_ACCEPTED_TAXON_AUDIT,"Yinjiang, Guizhou",C. Zhang Zhang297,BNU,PETAL_SPUR,SpurC,1,UNRESOLVED_CODEBOOK,10.3389/fpls.2023.1234148,Table S4,H692,057a0aaa603cfa4d9683a2eac75e747cb14bd1294e541feb82483fe6bc160e45
Z2023_S4_R693,E. yinjiangense,Epimedium yinjiangense,SOURCE_NAME_NOT_ACCEPTED_TAXON_AUDIT,"Yinjiang, Guizhou",C. Zhang Zhang297,BNU,INNER_SEPAL,SepalC,1,UNRESOLVED_CODEBOOK,10.3389/fpls.2023.1234148,Table S4,G693,057a0aaa603cfa4d9683a2eac75e747cb14bd1294e541feb82483fe6bc160e45
Z2023_S4_R693,E. yinjiangense,Epimedium yinjiangense,SOURCE_NAME_NOT_ACCEPTED_TAXON_AUDIT,"Yinjiang, Guizhou",C. Zhang Zhang297,BNU,PETAL_SPUR,SpurC,1,UNRESOLVED_CODEBOOK,10.3389/fpls.2023.1234148,Table S4,H693,057a0aaa603cfa4d9683a2eac75e747cb14bd1294e541feb82483fe6bc160e45
Z2023_S4_R694,E. yinjiangense,Epimedium yinjiangense,SOURCE_NAME_NOT_ACCEPTED_TAXON_AUDIT,"Yinjiang, Guizhou",C. Zhang Zhang297,BNU,INNER_SEPAL,SepalC,1,UNRESOLVED_CODEBOOK,10.3389/fpls.2023.1234148,Table S4,G694,057a0aaa603cfa4d9683a2eac75e747cb14bd1294e541feb82483fe6bc160e45
Z2023_S4_R694,E. yinjiangense,Epimedium yinjiangense,SOURCE_NAME_NOT_ACCEPTED_TAXON_AUDIT,"Yinjiang, Guizhou",C. Zhang Zhang297,BNU,PETAL_SPUR,SpurC,1,UNRESOLVED_CODEBOOK,10.3389/fpls.2023.1234148,Table S4,H694,057a0aaa603cfa4d9683a2eac75e747cb14bd1294e541feb82483fe6bc160e45
Z2023_S4_R695,E. yinjiangense,Epimedium yinjiangense,SOURCE_NAME_NOT_ACCEPTED_TAXON_AUDIT,"Yinjiang, Guizhou",C. Zhang Zhang297,BNU,INNER_SEPAL,SepalC,1,UNRESOLVED_CODEBOOK,10.3389/fpls.2023.1234148,Table S4,G695,057a0aaa603cfa4d9683a2eac75e747cb14bd1294e541feb82483fe6bc160e45
Z2023_S4_R695,E. yinjiangense,Epimedium yinjiangense,SOURCE_NAME_NOT_ACCEPTED_TAXON_AUDIT,"Yinjiang, Guizhou",C. Zhang Zhang297,BNU,PETAL_SPUR,SpurC,1,UNRESOLVED_CODEBOOK,10.3389/fpls.2023.1234148,Table S4,H695,057a0aaa603cfa4d9683a2eac75e747cb14bd1294e541feb82483fe6bc160e45
Z2023_S4_R696,E. yinjiangense,Epimedium yinjiangense,SOURCE_NAME_NOT_ACCEPTED_TAXON_AUDIT,"Yinjiang, Guizhou",C. Zhang Zhang297,BNU,INNER_SEPAL,SepalC,1,UNRESOLVED_CODEBOOK,10.3389/fpls.2023.1234148,Table S4,G696,057a0aaa603cfa4d9683a2eac75e747cb14bd1294e541feb82483fe6bc160e45
Z2023_S4_R696,E. yinjiangense,Epimedium yinjiangense,SOURCE_NAME_NOT_ACCEPTED_TAXON_AUDIT,"Yinjiang, Guizhou",C. Zhang Zhang297,BNU,PETAL_SPUR,SpurC,1,UNRESOLVED_CODEBOOK,10.3389/fpls.2023.1234148,Table S4,H696,057a0aaa603cfa4d9683a2eac75e747cb14bd1294e541feb82483fe6bc160e45
Z2023_S4_R697,E. yinjiangense,Epimedium yinjiangense,SOURCE_NAME_NOT_ACCEPTED_TAXON_AUDIT,"Yinjiang, Guizhou",C. Zhang Zhang297,BNU,INNER_SEPAL,SepalC,1,UNRESOLVED_CODEBOOK,10.3389/fpls.2023.1234148,Table S4,G697,057a0aaa603cfa4d9683a2eac75e747cb14bd1294e541feb82483fe6bc160e45
Z2023_S4_R697,E. yinjiangense,Epimedium yinjiangense,SOURCE_NAME_NOT_ACCEPTED_TAXON_AUDIT,"Yinjiang, Guizhou",C. Zhang Zhang297,BNU,PETAL_SPUR,SpurC,1,UNRESOLVED_CODEBOOK,10.3389/fpls.2023.1234148,Table S4,H697,057a0aaa603cfa4d9683a2eac75e747cb14bd1294e541feb82483fe6bc160e45
Z2023_S4_R698,E. zhushanense,Epimedium zhushanense,SOURCE_NAME_NOT_ACCEPTED_TAXON_AUDIT,"Zhushan, Hubei",C. Zhang Zhang199,BNU,INNER_SEPAL,SepalC,3,UNRESOLVED_CODEBOOK,10.3389/fpls.2023.1234148,Table S4,G698,057a0aaa603cfa4d9683a2eac75e747cb14bd1294e541feb82483fe6bc160e45
Z2023_S4_R698,E. zhushanense,Epimedium zhushanense,SOURCE_NAME_NOT_ACCEPTED_TAXON_AUDIT,"Zhushan, Hubei",C. Zhang Zhang199,BNU,PETAL_SPUR,SpurC,3,UNRESOLVED_CODEBOOK,10.3389/fpls.2023.1234148,Table S4,H698,057a0aaa603cfa4d9683a2eac75e747cb14bd1294e541feb82483fe6bc160e45
Z2023_S4_R699,E. zhushanense,Epimedium zhushanense,SOURCE_NAME_NOT_ACCEPTED_TAXON_AUDIT,"Zhushan, Hubei",C. Zhang Zhang199,BNU,INNER_SEPAL,SepalC,3,UNRESOLVED_CODEBOOK,10.3389/fpls.2023.1234148,Table S4,G699,057a0aaa603cfa4d9683a2eac75e747cb14bd1294e541feb82483fe6bc160e45
Z2023_S4_R699,E. zhushanense,Epimedium zhushanense,SOURCE_NAME_NOT_ACCEPTED_TAXON_AUDIT,"Zhushan, Hubei",C. Zhang Zhang199,BNU,PETAL_SPUR,SpurC,3,UNRESOLVED_CODEBOOK,10.3389/fpls.2023.1234148,Table S4,H699,057a0aaa603cfa4d9683a2eac75e747cb14bd1294e541feb82483fe6bc160e45
Z2023_S4_R700,E. zhushanense,Epimedium zhushanense,SOURCE_NAME_NOT_ACCEPTED_TAXON_AUDIT,"Zhushan, Hubei",C. Zhang Zhang199,BNU,INNER_SEPAL,SepalC,3,UNRESOLVED_CODEBOOK,10.3389/fpls.2023.1234148,Table S4,G700,057a0aaa603cfa4d9683a2eac75e747cb14bd1294e541feb82483fe6bc160e45
Z2023_S4_R700,E. zhushanense,Epimedium zhushanense,SOURCE_NAME_NOT_ACCEPTED_TAXON_AUDIT,"Zhushan, Hubei",C. Zhang Zhang199,BNU,PETAL_SPUR,SpurC,3,UNRESOLVED_CODEBOOK,10.3389/fpls.2023.1234148,Table S4,H700,057a0aaa603cfa4d9683a2eac75e747cb14bd1294e541feb82483fe6bc160e45
Z2023_S4_R701,E. zhushanense,Epimedium zhushanense,SOURCE_NAME_NOT_ACCEPTED_TAXON_AUDIT,"Zhushan, Hubei",C. Zhang Zhang199,BNU,INNER_SEPAL,SepalC,3,UNRESOLVED_CODEBOOK,10.3389/fpls.2023.1234148,Table S4,G701,057a0aaa603cfa4d9683a2eac75e747cb14bd1294e541feb82483fe6bc160e45
Z2023_S4_R701,E. zhushanense,Epimedium zhushanense,SOURCE_NAME_NOT_ACCEPTED_TAXON_AUDIT,"Zhushan, Hubei",C. Zhang Zhang199,BNU,PETAL_SPUR,SpurC,3,UNRESOLVED_CODEBOOK,10.3389/fpls.2023.1234148,Table S4,H701,057a0aaa603cfa4d9683a2eac75e747cb14bd1294e541feb82483fe6bc160e45
